Accuracy01;ActiveHand;AfterEffectCm;AttemptIndex;BlockType;ChoiceSide;ConfirmMitigationMode;CurrentMoleToHitId;CurrentMoleToHitIndexX;CurrentMoleToHitIndexY;CurrentMoleToHitPositionLocalX;CurrentMoleToHitPositionLocalY;CurrentMoleToHitPositionLocalZ;CurrentMoleToHitPositionWorldX;CurrentMoleToHitPositionWorldY;CurrentMoleToHitPositionWorldZ;DeltaAccuracyPct;EffectMode;Email;ErrorCm;Event;EventType;Framecount;GameId;GapMeters;HeadCameraPosWorldX;HeadCameraPosWorldY;HeadCameraPosWorldZ;HeadCameraRotEulerX;HeadCameraRotEulerY;HeadCameraRotEulerZ;HitDistanceMeters;HitPositionWorldX;HitPositionWorldY;HitPositionWorldZ;HitWorldX;HitWorldY;HitWorldZ;IsCorrect;IsHit;LeftControllerLaserPosWorldX;LeftControllerLaserPosWorldY;LeftControllerLaserPosWorldZ;LeftControllerLaserRotEulerX;LeftControllerLaserRotEulerY;LeftControllerLaserRotEulerZ;LeftControllerPosWorldX;LeftControllerPosWorldY;LeftControllerPosWorldZ;LeftControllerRotEulerX;LeftControllerRotEulerY;LeftControllerRotEulerZ;LeftControllerTrigger;LeftLengthMeters;LeftMovementAnchorPosWorldX;LeftMovementAnchorPosWorldY;LeftMovementAnchorPosWorldZ;LeftMovementAnchorRotEulerX;LeftMovementAnchorRotEulerY;LeftMovementAnchorRotEulerZ;LeftMovementAnchorSource;LineLengthMeters;LineZMeters;LongerSide;MeanCm;MoleId;MoleIndexX;MoleIndexY;MolePositionLocalX;MolePositionLocalY;MolePositionLocalZ;MolePositionWorldX;MolePositionWorldY;MolePositionWorldZ;RightControllerLaserPosWorldX;RightControllerLaserPosWorldY;RightControllerLaserPosWorldZ;RightControllerLaserRotEulerX;RightControllerLaserRotEulerY;RightControllerLaserRotEulerZ;RightControllerPosWorldX;RightControllerPosWorldY;RightControllerPosWorldZ;RightControllerRotEulerX;RightControllerRotEulerY;RightControllerRotEulerZ;RightControllerTrigger;RightLengthMeters;RightMovementAnchorPosWorldX;RightMovementAnchorPosWorldY;RightMovementAnchorPosWorldZ;RightMovementAnchorRotEulerX;RightMovementAnchorRotEulerY;RightMovementAnchorRotEulerZ;RightMovementAnchorSource;SdCm;SessionID;SignedOffsetCm;SourceTaskMode;SuccessCount;TargetIndex;TargetRadiusMeters;TargetWorldX;TargetWorldY;TargetWorldZ;TaskMode;TimeSinceLastEvent;Timestamp;TrackingMode;TrialIndex;TrialsPerBlock;XRBackend
NULL;Right;NULL;NULL;Baseline;NULL;NoMitigation;NULL;NULL;NULL;NULL;NULL;NULL;NULL;NULL;NULL;NULL;None;anonymous;NULL;Game Started;GameEvent;1;df389a41-d8c1-4961-aa19-0d2a7e8db768;NULL;0.0000;0.3614;-0.5530;0.0000;0.0000;0.0000;NULL;NULL;NULL;NULL;NULL;NULL;NULL;NULL;NULL;0.0000;0.3614;-0.5455;0.0000;0.0000;0.0000;0.0000;0.0000;0.0000;0.0000;0.0000;0.0000;0;NULL;0.0000;0.0000;0.0000;0.0000;0.0000;0.0000;ControllerBody;NULL;NULL;NULL;NULL;NULL;NULL;NULL;NULL;NULL;NULL;NULL;NULL;NULL;0.0000;0.3614;-0.5455;0.0000;0.0000;0.0000;0.0000;0.0000;0.0000;0.0000;0.0000;0.0000;0;NULL;0.0000;0.0000;0.0000;0.0000;0.0000;0.0000;ControllerBody;NULL;0f90885d-d73a-4634-aebf-923d0351dd7a;NULL;NULL;NULL;NULL;NULL;NULL;NULL;NULL;OpenLoop;0.0000;2026-04-01 12:34:07.1223;Controllers;NULL;NULL;OpenXR
NULL;Right;NULL;NULL;Baseline;NULL;NoMitigation;NULL;NULL;NULL;NULL;NULL;NULL;NULL;NULL;NULL;NULL;None;anonymous;NULL;Block Started;BlockEvent;1;df389a41-d8c1-4961-aa19-0d2a7e8db768;NULL;0.0000;0.3614;-0.5530;0.0000;0.0000;0.0000;NULL;NULL;NULL;NULL;NULL;NULL;NULL;NULL;NULL;0.0000;0.3614;-0.5455;0.0000;0.0000;0.0000;0.0000;0.0000;0.0000;0.0000;0.0000;0.0000;0;NULL;0.0000;0.0000;0.0000;0.0000;0.0000;0.0000;ControllerBody;NULL;NULL;NULL;NULL;NULL;NULL;NULL;NULL;NULL;NULL;NULL;NULL;NULL;0.0000;0.3614;-0.5455;0.0000;0.0000;0.0000;0.0000;0.0000;0.0000;0.0000;0.0000;0.0000;0;NULL;0.0000;0.0000;0.0000;0.0000;0.0000;0.0000;ControllerBody;NULL;0f90885d-d73a-4634-aebf-923d0351dd7a;NULL;NULL;NULL;NULL;NULL;NULL;NULL;NULL;OpenLoop;0.0000;2026-04-01 12:34:07.1238;Controllers;NULL;NULL;OpenXR
NULL;Right;NULL;NULL;Baseline;NULL;NoMitigation;NULL;NULL;NULL;NULL;NULL;NULL;NULL;NULL;NULL;NULL;None;anonymous;NULL;Trial Started;TaskEvent;1;df389a41-d8c1-4961-aa19-0d2a7e8db768;NULL;0.0000;0.3614;-0.5530;0.0000;0.0000;0.0000;NULL;NULL;NULL;NULL;NULL;NULL;NULL;NULL;NULL;0.0000;0.3614;-0.5455;0.0000;0.0000;0.0000;0.0000;0.0000;0.0000;0.0000;0.0000;0.0000;0;NULL;0.0000;0.0000;0.0000;0.0000;0.0000;0.0000;ControllerBody;NULL;NULL;NULL;NULL;NULL;NULL;NULL;NULL;NULL;NULL;NULL;NULL;NULL;0.0000;0.3614;-0.5455;0.0000;0.0000;0.0000;0.0000;0.0000;0.0000;0.0000;0.0000;0.0000;0;NULL;0.0000;0.0000;0.0000;0.0000;0.0000;0.0000;ControllerBody;NULL;0f90885d-d73a-4634-aebf-923d0351dd7a;NULL;NULL;NULL;NULL;0.0300;0.0000;0.0000;2.0000;OpenLoop;0.0000;2026-04-01 12:34:07.1253;Controllers;1;30;OpenXR
NULL;Right;NULL;NULL;Baseline;NULL;NoMitigation;NULL;NULL;NULL;NULL;NULL;NULL;NULL;NULL;NULL;NULL;None;anonymous;NULL;Trial Accepted;TaskEvent;164;df389a41-d8c1-4961-aa19-0d2a7e8db768;NULL;-0.0048;0.0036;-0.0075;352.6299;357.2538;2.5327;NULL;NULL;NULL;NULL;-0.2256;0.0000;2.0000;NULL;NULL;0.2532;-1.7596;-0.0408;0.0000;343.4929;0.0000;0.0000;0.0000;0.0000;0.0000;0.0000;0.0000;0;NULL;0.0000;0.0000;0.0000;0.0000;0.0000;0.0000;ControllerBody;NULL;NULL;NULL;NULL;NULL;NULL;NULL;NULL;NULL;NULL;NULL;NULL;NULL;0.0200;-0.0513;0.4261;2.3902;351.1298;356.5622;0.0253;-0.0591;0.4238;2.9812;352.5782;357.1431;1;NULL;0.0253;-0.0591;0.4238;2.9812;352.5782;357.1431;ControllerBody;NULL;0f90885d-d73a-4634-aebf-923d0351dd7a;-22.5602;NULL;NULL;NULL;NULL;NULL;NULL;NULL;OpenLoop;1.5429;2026-04-01 12:34:10.2184;Controllers;1;30;OpenXR
NULL;Right;NULL;NULL;Baseline;NULL;NoMitigation;NULL;NULL;NULL;NULL;NULL;NULL;NULL;NULL;NULL;NULL;None;anonymous;NULL;Trial Started;TaskEvent;164;df389a41-d8c1-4961-aa19-0d2a7e8db768;NULL;-0.0048;0.0036;-0.0075;352.6299;357.2538;2.5327;NULL;NULL;NULL;NULL;NULL;NULL;NULL;NULL;NULL;0.2532;-1.7596;-0.0408;0.0000;343.4929;0.0000;0.0000;0.0000;0.0000;0.0000;0.0000;0.0000;0;NULL;0.0000;0.0000;0.0000;0.0000;0.0000;0.0000;ControllerBody;NULL;NULL;NULL;NULL;NULL;NULL;NULL;NULL;NULL;NULL;NULL;NULL;NULL;0.0200;-0.0513;0.4261;2.3902;351.1298;356.5622;0.0253;-0.0591;0.4238;2.9812;352.5782;357.1431;1;NULL;0.0253;-0.0591;0.4238;2.9812;352.5782;357.1431;ControllerBody;NULL;0f90885d-d73a-4634-aebf-923d0351dd7a;NULL;NULL;NULL;NULL;0.0300;0.0000;0.0000;2.0000;OpenLoop;0.0000;2026-04-01 12:34:10.2189;Controllers;2;30;OpenXR
NULL;Right;NULL;NULL;Baseline;NULL;NoMitigation;NULL;NULL;NULL;NULL;NULL;NULL;NULL;NULL;NULL;NULL;None;anonymous;NULL;Trial Accepted;TaskEvent;188;df389a41-d8c1-4961-aa19-0d2a7e8db768;NULL;-0.0044;0.0024;-0.0042;353.1346;358.0564;2.4415;NULL;NULL;NULL;NULL;-0.1137;0.0000;2.0000;NULL;NULL;0.2532;-1.7596;-0.0408;0.0000;343.4929;0.0000;0.0000;0.0000;0.0000;0.0000;0.0000;0.0000;0;NULL;0.0000;0.0000;0.0000;0.0000;0.0000;0.0000;ControllerBody;NULL;NULL;NULL;NULL;NULL;NULL;NULL;NULL;NULL;NULL;NULL;NULL;NULL;0.0261;-0.0617;0.4327;4.8481;354.9011;359.5629;0.0287;-0.0713;0.4297;5.3576;353.6942;0.2080;1;NULL;0.0287;-0.0713;0.4297;5.3576;353.6942;0.2080;ControllerBody;NULL;0f90885d-d73a-4634-aebf-923d0351dd7a;-11.3733;NULL;NULL;NULL;NULL;NULL;NULL;NULL;OpenLoop;0.2002;2026-04-01 12:34:10.4172;Controllers;2;30;OpenXR
NULL;Right;NULL;NULL;Baseline;NULL;NoMitigation;NULL;NULL;NULL;NULL;NULL;NULL;NULL;NULL;NULL;NULL;None;anonymous;NULL;Trial Started;TaskEvent;188;df389a41-d8c1-4961-aa19-0d2a7e8db768;NULL;-0.0044;0.0024;-0.0042;353.1346;358.0564;2.4415;NULL;NULL;NULL;NULL;NULL;NULL;NULL;NULL;NULL;0.2532;-1.7596;-0.0408;0.0000;343.4929;0.0000;0.0000;0.0000;0.0000;0.0000;0.0000;0.0000;0;NULL;0.0000;0.0000;0.0000;0.0000;0.0000;0.0000;ControllerBody;NULL;NULL;NULL;NULL;NULL;NULL;NULL;NULL;NULL;NULL;NULL;NULL;NULL;0.0261;-0.0617;0.4327;4.8481;354.9011;359.5629;0.0287;-0.0713;0.4297;5.3576;353.6942;0.2080;1;NULL;0.0287;-0.0713;0.4297;5.3576;353.6942;0.2080;ControllerBody;NULL;0f90885d-d73a-4634-aebf-923d0351dd7a;NULL;NULL;NULL;NULL;0.0300;0.0000;0.0000;2.0000;OpenLoop;0.0000;2026-04-01 12:34:10.4189;Controllers;3;30;OpenXR
NULL;Right;NULL;NULL;Baseline;NULL;NoMitigation;NULL;NULL;NULL;NULL;NULL;NULL;NULL;NULL;NULL;NULL;None;anonymous;NULL;Trial Accepted;TaskEvent;211;df389a41-d8c1-4961-aa19-0d2a7e8db768;NULL;-0.0037;0.0016;-0.0012;353.6449;358.3922;2.0728;NULL;NULL;NULL;NULL;-0.1557;0.0000;2.0000;NULL;NULL;0.2532;-1.7596;-0.0408;0.0000;343.4929;0.0000;0.0000;0.0000;0.0000;0.0000;0.0000;0.0000;0;NULL;0.0000;0.0000;0.0000;0.0000;0.0000;0.0000;ControllerBody;NULL;NULL;NULL;NULL;NULL;NULL;NULL;NULL;NULL;NULL;NULL;NULL;NULL;0.0291;-0.0646;0.4355;3.8583;353.2620;358.1828;0.0260;-0.0651;0.4268;2.9077;350.0600;358.2404;1;NULL;0.0260;-0.0651;0.4268;2.9077;350.0600;358.2404;ControllerBody;NULL;0f90885d-d73a-4634-aebf-923d0351dd7a;-15.5747;NULL;NULL;NULL;NULL;NULL;NULL;NULL;OpenLoop;0.1915;2026-04-01 12:34:10.6084;Controllers;3;30;OpenXR
NULL;Right;NULL;NULL;Baseline;NULL;NoMitigation;NULL;NULL;NULL;NULL;NULL;NULL;NULL;NULL;NULL;NULL;None;anonymous;NULL;Trial Started;TaskEvent;211;df389a41-d8c1-4961-aa19-0d2a7e8db768;NULL;-0.0037;0.0016;-0.0012;353.6449;358.3922;2.0728;NULL;NULL;NULL;NULL;NULL;NULL;NULL;NULL;NULL;0.2532;-1.7596;-0.0408;0.0000;343.4929;0.0000;0.0000;0.0000;0.0000;0.0000;0.0000;0.0000;0;NULL;0.0000;0.0000;0.0000;0.0000;0.0000;0.0000;ControllerBody;NULL;NULL;NULL;NULL;NULL;NULL;NULL;NULL;NULL;NULL;NULL;NULL;NULL;0.0291;-0.0646;0.4355;3.8583;353.2620;358.1828;0.0260;-0.0651;0.4268;2.9077;350.0600;358.2404;1;NULL;0.0260;-0.0651;0.4268;2.9077;350.0600;358.2404;ControllerBody;NULL;0f90885d-d73a-4634-aebf-923d0351dd7a;NULL;NULL;NULL;NULL;0.0300;0.0000;0.0000;2.0000;OpenLoop;0.0000;2026-04-01 12:34:10.6099;Controllers;4;30;OpenXR
NULL;Right;NULL;NULL;Baseline;NULL;NoMitigation;NULL;NULL;NULL;NULL;NULL;NULL;NULL;NULL;NULL;NULL;None;anonymous;NULL;Trial Accepted;TaskEvent;232;df389a41-d8c1-4961-aa19-0d2a7e8db768;NULL;-0.0020;-0.0008;0.0024;354.4187;358.9684;1.9794;NULL;NULL;NULL;NULL;-0.1324;0.0000;2.0000;NULL;NULL;0.2532;-1.7596;-0.0408;0.0000;343.4929;0.0000;0.0000;0.0000;0.0000;0.0000;0.0000;0.0000;0;NULL;0.0000;0.0000;0.0000;0.0000;0.0000;0.0000;ControllerBody;NULL;NULL;NULL;NULL;NULL;NULL;NULL;NULL;NULL;NULL;NULL;NULL;NULL;0.0305;-0.0648;0.4361;2.9792;354.0545;358.7436;0.0299;-0.0670;0.4286;3.3753;352.6454;358.6556;1;NULL;0.0299;-0.0670;0.4286;3.3753;352.6454;358.6556;ControllerBody;NULL;0f90885d-d73a-4634-aebf-923d0351dd7a;-13.2385;NULL;NULL;NULL;NULL;NULL;NULL;NULL;OpenLoop;0.1753;2026-04-01 12:34:10.7828;Controllers;4;30;OpenXR
NULL;Right;NULL;NULL;Baseline;NULL;NoMitigation;NULL;NULL;NULL;NULL;NULL;NULL;NULL;NULL;NULL;NULL;None;anonymous;NULL;Trial Started;TaskEvent;232;df389a41-d8c1-4961-aa19-0d2a7e8db768;NULL;-0.0020;-0.0008;0.0024;354.4187;358.9684;1.9794;NULL;NULL;NULL;NULL;NULL;NULL;NULL;NULL;NULL;0.2532;-1.7596;-0.0408;0.0000;343.4929;0.0000;0.0000;0.0000;0.0000;0.0000;0.0000;0.0000;0;NULL;0.0000;0.0000;0.0000;0.0000;0.0000;0.0000;ControllerBody;NULL;NULL;NULL;NULL;NULL;NULL;NULL;NULL;NULL;NULL;NULL;NULL;NULL;0.0305;-0.0648;0.4361;2.9792;354.0545;358.7436;0.0299;-0.0670;0.4286;3.3753;352.6454;358.6556;1;NULL;0.0299;-0.0670;0.4286;3.3753;352.6454;358.6556;ControllerBody;NULL;0f90885d-d73a-4634-aebf-923d0351dd7a;NULL;NULL;NULL;NULL;0.0300;0.0000;0.0000;2.0000;OpenLoop;0.0000;2026-04-01 12:34:10.7843;Controllers;5;30;OpenXR
NULL;Right;NULL;NULL;Baseline;NULL;NoMitigation;NULL;NULL;NULL;NULL;NULL;NULL;NULL;NULL;NULL;NULL;None;anonymous;NULL;Trial Accepted;TaskEvent;252;df389a41-d8c1-4961-aa19-0d2a7e8db768;NULL;-0.0022;-0.0007;0.0025;354.4747;359.2700;1.8308;NULL;NULL;NULL;NULL;-0.1474;0.0000;2.0000;NULL;NULL;0.2532;-1.7596;-0.0408;0.0000;343.4929;0.0000;0.0000;0.0000;0.0000;0.0000;0.0000;0.0000;0;NULL;0.0000;0.0000;0.0000;0.0000;0.0000;0.0000;ControllerBody;NULL;NULL;NULL;NULL;NULL;NULL;NULL;NULL;NULL;NULL;NULL;NULL;NULL;0.0306;-0.0653;0.4364;3.1947;353.5045;359.0468;0.0301;-0.0694;0.4289;3.7983;353.6539;359.9917;1;NULL;0.0301;-0.0694;0.4289;3.7983;353.6539;359.9917;ControllerBody;NULL;0f90885d-d73a-4634-aebf-923d0351dd7a;-14.7391;NULL;NULL;NULL;NULL;NULL;NULL;NULL;OpenLoop;0.1669;2026-04-01 12:34:10.9505;Controllers;5;30;OpenXR
NULL;Right;NULL;NULL;Baseline;NULL;NoMitigation;NULL;NULL;NULL;NULL;NULL;NULL;NULL;NULL;NULL;NULL;None;anonymous;NULL;Trial Started;TaskEvent;252;df389a41-d8c1-4961-aa19-0d2a7e8db768;NULL;-0.0022;-0.0007;0.0025;354.4747;359.2700;1.8308;NULL;NULL;NULL;NULL;NULL;NULL;NULL;NULL;NULL;0.2532;-1.7596;-0.0408;0.0000;343.4929;0.0000;0.0000;0.0000;0.0000;0.0000;0.0000;0.0000;0;NULL;0.0000;0.0000;0.0000;0.0000;0.0000;0.0000;ControllerBody;NULL;NULL;NULL;NULL;NULL;NULL;NULL;NULL;NULL;NULL;NULL;NULL;NULL;0.0306;-0.0653;0.4364;3.1947;353.5045;359.0468;0.0301;-0.0694;0.4289;3.7983;353.6539;359.9917;1;NULL;0.0301;-0.0694;0.4289;3.7983;353.6539;359.9917;ControllerBody;NULL;0f90885d-d73a-4634-aebf-923d0351dd7a;NULL;NULL;NULL;NULL;0.0300;0.0000;0.0000;2.0000;OpenLoop;0.0000;2026-04-01 12:34:10.9520;Controllers;6;30;OpenXR
NULL;Right;NULL;NULL;Baseline;NULL;NoMitigation;NULL;NULL;NULL;NULL;NULL;NULL;NULL;NULL;NULL;NULL;None;anonymous;NULL;Trial Accepted;TaskEvent;271;df389a41-d8c1-4961-aa19-0d2a7e8db768;NULL;-0.0021;-0.0009;0.0018;354.2838;358.8454;2.0437;NULL;NULL;NULL;NULL;-0.1028;0.0000;2.0000;NULL;NULL;0.2532;-1.7596;-0.0408;0.0000;343.4929;0.0000;0.0000;0.0000;0.0000;0.0000;0.0000;0.0000;0;NULL;0.0000;0.0000;0.0000;0.0000;0.0000;0.0000;ControllerBody;NULL;NULL;NULL;NULL;NULL;NULL;NULL;NULL;NULL;NULL;NULL;NULL;NULL;0.0313;-0.0676;0.4372;3.6471;355.0927;0.2634;0.0330;-0.0746;0.4312;4.5123;355.1889;0.3861;1;NULL;0.0330;-0.0746;0.4312;4.5123;355.1889;0.3861;ControllerBody;NULL;0f90885d-d73a-4634-aebf-923d0351dd7a;-10.2829;NULL;NULL;NULL;NULL;NULL;NULL;NULL;OpenLoop;0.1581;2026-04-01 12:34:11.1089;Controllers;6;30;OpenXR
NULL;Right;NULL;NULL;Baseline;NULL;NoMitigation;NULL;NULL;NULL;NULL;NULL;NULL;NULL;NULL;NULL;NULL;None;anonymous;NULL;Trial Started;TaskEvent;271;df389a41-d8c1-4961-aa19-0d2a7e8db768;NULL;-0.0021;-0.0009;0.0018;354.2838;358.8454;2.0437;NULL;NULL;NULL;NULL;NULL;NULL;NULL;NULL;NULL;0.2532;-1.7596;-0.0408;0.0000;343.4929;0.0000;0.0000;0.0000;0.0000;0.0000;0.0000;0.0000;0;NULL;0.0000;0.0000;0.0000;0.0000;0.0000;0.0000;ControllerBody;NULL;NULL;NULL;NULL;NULL;NULL;NULL;NULL;NULL;NULL;NULL;NULL;NULL;0.0313;-0.0676;0.4372;3.6471;355.0927;0.2634;0.0330;-0.0746;0.4312;4.5123;355.1889;0.3861;1;NULL;0.0330;-0.0746;0.4312;4.5123;355.1889;0.3861;ControllerBody;NULL;0f90885d-d73a-4634-aebf-923d0351dd7a;NULL;NULL;NULL;NULL;0.0300;0.0000;0.0000;2.0000;OpenLoop;0.0000;2026-04-01 12:34:11.1104;Controllers;7;30;OpenXR
NULL;Right;NULL;NULL;Baseline;NULL;NoMitigation;NULL;NULL;NULL;NULL;NULL;NULL;NULL;NULL;NULL;NULL;None;anonymous;NULL;Trial Accepted;TaskEvent;289;df389a41-d8c1-4961-aa19-0d2a7e8db768;NULL;-0.0016;-0.0001;0.0017;354.1097;359.1654;1.7290;NULL;NULL;NULL;NULL;-0.1026;0.0000;2.0000;NULL;NULL;0.2532;-1.7596;-0.0408;0.0000;343.4929;0.0000;0.0000;0.0000;0.0000;0.0000;0.0000;0.0000;0;NULL;0.0000;0.0000;0.0000;0.0000;0.0000;0.0000;ControllerBody;NULL;NULL;NULL;NULL;NULL;NULL;NULL;NULL;NULL;NULL;NULL;NULL;NULL;0.0318;-0.0691;0.4375;3.7890;355.0844;0.0273;0.0339;-0.0727;0.4300;3.5922;355.5482;0.6456;1;NULL;0.0339;-0.0727;0.4300;3.5922;355.5482;0.6456;ControllerBody;NULL;0f90885d-d73a-4634-aebf-923d0351dd7a;-10.2624;NULL;NULL;NULL;NULL;NULL;NULL;NULL;OpenLoop;0.1501;2026-04-01 12:34:11.2593;Controllers;7;30;OpenXR
NULL;Right;NULL;NULL;Baseline;NULL;NoMitigation;NULL;NULL;NULL;NULL;NULL;NULL;NULL;NULL;NULL;NULL;None;anonymous;NULL;Trial Started;TaskEvent;289;df389a41-d8c1-4961-aa19-0d2a7e8db768;NULL;-0.0016;-0.0001;0.0017;354.1097;359.1654;1.7290;NULL;NULL;NULL;NULL;NULL;NULL;NULL;NULL;NULL;0.2532;-1.7596;-0.0408;0.0000;343.4929;0.0000;0.0000;0.0000;0.0000;0.0000;0.0000;0.0000;0;NULL;0.0000;0.0000;0.0000;0.0000;0.0000;0.0000;ControllerBody;NULL;NULL;NULL;NULL;NULL;NULL;NULL;NULL;NULL;NULL;NULL;NULL;NULL;0.0318;-0.0691;0.4375;3.7890;355.0844;0.0273;0.0339;-0.0727;0.4300;3.5922;355.5482;0.6456;1;NULL;0.0339;-0.0727;0.4300;3.5922;355.5482;0.6456;ControllerBody;NULL;0f90885d-d73a-4634-aebf-923d0351dd7a;NULL;NULL;NULL;NULL;0.0300;0.0000;0.0000;2.0000;OpenLoop;0.0000;2026-04-01 12:34:11.2593;Controllers;8;30;OpenXR
NULL;Right;NULL;NULL;Baseline;NULL;NoMitigation;NULL;NULL;NULL;NULL;NULL;NULL;NULL;NULL;NULL;NULL;None;anonymous;NULL;Trial Accepted;TaskEvent;309;df389a41-d8c1-4961-aa19-0d2a7e8db768;NULL;-0.0015;-0.0003;0.0022;354.3773;359.4206;1.6836;NULL;NULL;NULL;NULL;-0.1312;0.0000;2.0000;NULL;NULL;0.2532;-1.7596;-0.0408;0.0000;343.4929;0.0000;0.0000;0.0000;0.0000;0.0000;0.0000;0.0000;0;NULL;0.0000;0.0000;0.0000;0.0000;0.0000;0.0000;ControllerBody;NULL;NULL;NULL;NULL;NULL;NULL;NULL;NULL;NULL;NULL;NULL;NULL;NULL;0.0323;-0.0704;0.4377;4.2901;354.0226;359.6603;0.0286;-0.0737;0.4277;4.7996;351.4784;359.0319;1;NULL;0.0286;-0.0737;0.4277;4.7996;351.4784;359.0319;ControllerBody;NULL;0f90885d-d73a-4634-aebf-923d0351dd7a;-13.1247;NULL;NULL;NULL;NULL;NULL;NULL;NULL;OpenLoop;0.1665;2026-04-01 12:34:11.4253;Controllers;8;30;OpenXR
NULL;Right;NULL;NULL;Baseline;NULL;NoMitigation;NULL;NULL;NULL;NULL;NULL;NULL;NULL;NULL;NULL;NULL;None;anonymous;NULL;Trial Started;TaskEvent;309;df389a41-d8c1-4961-aa19-0d2a7e8db768;NULL;-0.0015;-0.0003;0.0022;354.3773;359.4206;1.6836;NULL;NULL;NULL;NULL;NULL;NULL;NULL;NULL;NULL;0.2532;-1.7596;-0.0408;0.0000;343.4929;0.0000;0.0000;0.0000;0.0000;0.0000;0.0000;0.0000;0;NULL;0.0000;0.0000;0.0000;0.0000;0.0000;0.0000;ControllerBody;NULL;NULL;NULL;NULL;NULL;NULL;NULL;NULL;NULL;NULL;NULL;NULL;NULL;0.0323;-0.0704;0.4377;4.2901;354.0226;359.6603;0.0286;-0.0737;0.4277;4.7996;351.4784;359.0319;1;NULL;0.0286;-0.0737;0.4277;4.7996;351.4784;359.0319;ControllerBody;NULL;0f90885d-d73a-4634-aebf-923d0351dd7a;NULL;NULL;NULL;NULL;0.0300;0.0000;0.0000;2.0000;OpenLoop;0.0000;2026-04-01 12:34:11.4268;Controllers;9;30;OpenXR
NULL;Right;NULL;NULL;Baseline;NULL;NoMitigation;NULL;NULL;NULL;NULL;NULL;NULL;NULL;NULL;NULL;NULL;None;anonymous;NULL;Trial Accepted;TaskEvent;331;df389a41-d8c1-4961-aa19-0d2a7e8db768;NULL;-0.0026;-0.0008;0.0023;354.3640;358.6760;1.9820;NULL;NULL;NULL;NULL;-0.1246;0.0000;2.0000;NULL;NULL;0.2532;-1.7596;-0.0408;0.0000;343.4929;0.0000;0.0000;0.0000;0.0000;0.0000;0.0000;0.0000;0;NULL;0.0000;0.0000;0.0000;0.0000;0.0000;0.0000;ControllerBody;NULL;NULL;NULL;NULL;NULL;NULL;NULL;NULL;NULL;NULL;NULL;NULL;NULL;0.0321;-0.0707;0.4374;3.9598;354.2734;0.0323;0.0313;-0.0728;0.4291;3.9900;354.4192;0.7114;1;NULL;0.0313;-0.0728;0.4291;3.9900;354.4192;0.7114;ControllerBody;NULL;0f90885d-d73a-4634-aebf-923d0351dd7a;-12.4583;NULL;NULL;NULL;NULL;NULL;NULL;NULL;OpenLoop;0.1834;2026-04-01 12:34:11.6088;Controllers;9;30;OpenXR
NULL;Right;NULL;NULL;Baseline;NULL;NoMitigation;NULL;NULL;NULL;NULL;NULL;NULL;NULL;NULL;NULL;NULL;None;anonymous;NULL;Trial Started;TaskEvent;331;df389a41-d8c1-4961-aa19-0d2a7e8db768;NULL;-0.0026;-0.0008;0.0023;354.3640;358.6760;1.9820;NULL;NULL;NULL;NULL;NULL;NULL;NULL;NULL;NULL;0.2532;-1.7596;-0.0408;0.0000;343.4929;0.0000;0.0000;0.0000;0.0000;0.0000;0.0000;0.0000;0;NULL;0.0000;0.0000;0.0000;0.0000;0.0000;0.0000;ControllerBody;NULL;NULL;NULL;NULL;NULL;NULL;NULL;NULL;NULL;NULL;NULL;NULL;NULL;0.0321;-0.0707;0.4374;3.9598;354.2734;0.0323;0.0313;-0.0728;0.4291;3.9900;354.4192;0.7114;1;NULL;0.0313;-0.0728;0.4291;3.9900;354.4192;0.7114;ControllerBody;NULL;0f90885d-d73a-4634-aebf-923d0351dd7a;NULL;NULL;NULL;NULL;0.0300;0.0000;0.0000;2.0000;OpenLoop;0.0000;2026-04-01 12:34:11.6103;Controllers;10;30;OpenXR
NULL;Right;NULL;NULL;Baseline;NULL;NoMitigation;NULL;NULL;NULL;NULL;NULL;NULL;NULL;NULL;NULL;NULL;None;anonymous;NULL;Trial Accepted;TaskEvent;351;df389a41-d8c1-4961-aa19-0d2a7e8db768;NULL;-0.0028;-0.0002;0.0011;353.9042;358.6698;2.1774;NULL;NULL;NULL;NULL;-0.1269;0.0000;2.0000;NULL;NULL;0.2532;-1.7596;-0.0408;0.0000;343.4929;0.0000;0.0000;0.0000;0.0000;0.0000;0.0000;0.0000;0;NULL;0.0000;0.0000;0.0000;0.0000;0.0000;0.0000;ControllerBody;NULL;NULL;NULL;NULL;NULL;NULL;NULL;NULL;NULL;NULL;NULL;NULL;NULL;0.0319;-0.0719;0.4377;4.3865;354.1948;359.8693;0.0308;-0.0778;0.4314;5.2056;353.4597;359.8151;1;NULL;0.0308;-0.0778;0.4314;5.2056;353.4597;359.8151;ControllerBody;NULL;0f90885d-d73a-4634-aebf-923d0351dd7a;-12.6943;NULL;NULL;NULL;NULL;NULL;NULL;NULL;OpenLoop;0.1664;2026-04-01 12:34:11.7755;Controllers;10;30;OpenXR
NULL;Right;NULL;NULL;Baseline;NULL;NoMitigation;NULL;NULL;NULL;NULL;NULL;NULL;NULL;NULL;NULL;NULL;None;anonymous;NULL;Trial Started;TaskEvent;351;df389a41-d8c1-4961-aa19-0d2a7e8db768;NULL;-0.0028;-0.0002;0.0011;353.9042;358.6698;2.1774;NULL;NULL;NULL;NULL;NULL;NULL;NULL;NULL;NULL;0.2532;-1.7596;-0.0408;0.0000;343.4929;0.0000;0.0000;0.0000;0.0000;0.0000;0.0000;0.0000;0;NULL;0.0000;0.0000;0.0000;0.0000;0.0000;0.0000;ControllerBody;NULL;NULL;NULL;NULL;NULL;NULL;NULL;NULL;NULL;NULL;NULL;NULL;NULL;0.0319;-0.0719;0.4377;4.3865;354.1948;359.8693;0.0308;-0.0778;0.4314;5.2056;353.4597;359.8151;1;NULL;0.0308;-0.0778;0.4314;5.2056;353.4597;359.8151;ControllerBody;NULL;0f90885d-d73a-4634-aebf-923d0351dd7a;NULL;NULL;NULL;NULL;0.0300;0.0000;0.0000;2.0000;OpenLoop;0.0000;2026-04-01 12:34:11.7762;Controllers;11;30;OpenXR
NULL;Right;NULL;NULL;Baseline;NULL;NoMitigation;NULL;NULL;NULL;NULL;NULL;NULL;NULL;NULL;NULL;NULL;None;anonymous;NULL;Trial Accepted;TaskEvent;366;df389a41-d8c1-4961-aa19-0d2a7e8db768;NULL;-0.0039;-0.0003;0.0005;353.6813;358.1588;2.3312;NULL;NULL;NULL;NULL;-0.1195;0.0000;2.0000;NULL;NULL;0.2532;-1.7596;-0.0408;0.0000;343.4929;0.0000;0.0000;0.0000;0.0000;0.0000;0.0000;0.0000;0;NULL;0.0000;0.0000;0.0000;0.0000;0.0000;0.0000;ControllerBody;NULL;NULL;NULL;NULL;NULL;NULL;NULL;NULL;NULL;NULL;NULL;NULL;NULL;0.0322;-0.0741;0.4391;4.6504;354.4503;359.9334;0.0310;-0.0776;0.4341;4.2074;353.0706;359.9154;1;NULL;0.0310;-0.0776;0.4341;4.2074;353.0706;359.9154;ControllerBody;NULL;0f90885d-d73a-4634-aebf-923d0351dd7a;-11.9462;NULL;NULL;NULL;NULL;NULL;NULL;NULL;OpenLoop;0.1837;2026-04-01 12:34:11.9590;Controllers;11;30;OpenXR
NULL;Right;NULL;NULL;Baseline;NULL;NoMitigation;NULL;NULL;NULL;NULL;NULL;NULL;NULL;NULL;NULL;NULL;None;anonymous;NULL;Trial Started;TaskEvent;366;df389a41-d8c1-4961-aa19-0d2a7e8db768;NULL;-0.0039;-0.0003;0.0005;353.6813;358.1588;2.3312;NULL;NULL;NULL;NULL;NULL;NULL;NULL;NULL;NULL;0.2532;-1.7596;-0.0408;0.0000;343.4929;0.0000;0.0000;0.0000;0.0000;0.0000;0.0000;0.0000;0;NULL;0.0000;0.0000;0.0000;0.0000;0.0000;0.0000;ControllerBody;NULL;NULL;NULL;NULL;NULL;NULL;NULL;NULL;NULL;NULL;NULL;NULL;NULL;0.0322;-0.0741;0.4391;4.6504;354.4503;359.9334;0.0310;-0.0776;0.4341;4.2074;353.0706;359.9154;1;NULL;0.0310;-0.0776;0.4341;4.2074;353.0706;359.9154;ControllerBody;NULL;0f90885d-d73a-4634-aebf-923d0351dd7a;NULL;NULL;NULL;NULL;0.0300;0.0000;0.0000;2.0000;OpenLoop;0.0000;2026-04-01 12:34:11.9596;Controllers;12;30;OpenXR
NULL;Right;NULL;NULL;Baseline;NULL;NoMitigation;NULL;NULL;NULL;NULL;NULL;NULL;NULL;NULL;NULL;NULL;None;anonymous;NULL;Trial Accepted;TaskEvent;387;df389a41-d8c1-4961-aa19-0d2a7e8db768;NULL;-0.0036;-0.0006;0.0018;353.9077;358.7768;2.0891;NULL;NULL;NULL;NULL;-0.0833;0.0000;2.0000;NULL;NULL;0.2532;-1.7596;-0.0408;0.0000;343.4929;0.0000;0.0000;0.0000;0.0000;0.0000;0.0000;0.0000;0;NULL;0.0000;0.0000;0.0000;0.0000;0.0000;0.0000;ControllerBody;NULL;NULL;NULL;NULL;NULL;NULL;NULL;NULL;NULL;NULL;NULL;NULL;NULL;0.0333;-0.0746;0.4406;3.8912;355.7216;0.3524;0.0329;-0.0780;0.4358;4.5885;354.0850;359.9555;1;NULL;0.0329;-0.0780;0.4358;4.5885;354.0850;359.9555;ControllerBody;NULL;0f90885d-d73a-4634-aebf-923d0351dd7a;-8.3336;NULL;NULL;NULL;NULL;NULL;NULL;NULL;OpenLoop;0.1750;2026-04-01 12:34:12.1336;Controllers;12;30;OpenXR
NULL;Right;NULL;NULL;Baseline;NULL;NoMitigation;NULL;NULL;NULL;NULL;NULL;NULL;NULL;NULL;NULL;NULL;None;anonymous;NULL;Trial Started;TaskEvent;387;df389a41-d8c1-4961-aa19-0d2a7e8db768;NULL;-0.0036;-0.0006;0.0018;353.9077;358.7768;2.0891;NULL;NULL;NULL;NULL;NULL;NULL;NULL;NULL;NULL;0.2532;-1.7596;-0.0408;0.0000;343.4929;0.0000;0.0000;0.0000;0.0000;0.0000;0.0000;0.0000;0;NULL;0.0000;0.0000;0.0000;0.0000;0.0000;0.0000;ControllerBody;NULL;NULL;NULL;NULL;NULL;NULL;NULL;NULL;NULL;NULL;NULL;NULL;NULL;0.0333;-0.0746;0.4406;3.8912;355.7216;0.3524;0.0329;-0.0780;0.4358;4.5885;354.0850;359.9555;1;NULL;0.0329;-0.0780;0.4358;4.5885;354.0850;359.9555;ControllerBody;NULL;0f90885d-d73a-4634-aebf-923d0351dd7a;NULL;NULL;NULL;NULL;0.0300;0.0000;0.0000;2.0000;OpenLoop;0.0000;2026-04-01 12:34:12.1351;Controllers;13;30;OpenXR
NULL;Right;NULL;NULL;Baseline;NULL;NoMitigation;NULL;NULL;NULL;NULL;NULL;NULL;NULL;NULL;NULL;NULL;None;anonymous;NULL;Trial Accepted;TaskEvent;409;df389a41-d8c1-4961-aa19-0d2a7e8db768;NULL;-0.0045;-0.0009;0.0022;354.1010;358.3488;1.9253;NULL;NULL;NULL;NULL;-0.0621;0.0000;2.0000;NULL;NULL;0.2532;-1.7596;-0.0408;0.0000;343.4929;0.0000;0.0000;0.0000;0.0000;0.0000;0.0000;0.0000;0;NULL;0.0000;0.0000;0.0000;0.0000;0.0000;0.0000;ControllerBody;NULL;NULL;NULL;NULL;NULL;NULL;NULL;NULL;NULL;NULL;NULL;NULL;NULL;0.0347;-0.0754;0.4419;3.8522;356.4474;0.3186;0.0378;-0.0770;0.4356;3.6197;356.4320;0.4977;1;NULL;0.0378;-0.0770;0.4356;3.6197;356.4320;0.4977;ControllerBody;NULL;0f90885d-d73a-4634-aebf-923d0351dd7a;-6.2052;NULL;NULL;NULL;NULL;NULL;NULL;NULL;OpenLoop;0.1832;2026-04-01 12:34:12.3165;Controllers;13;30;OpenXR
NULL;Right;NULL;NULL;Baseline;NULL;NoMitigation;NULL;NULL;NULL;NULL;NULL;NULL;NULL;NULL;NULL;NULL;None;anonymous;NULL;Trial Started;TaskEvent;409;df389a41-d8c1-4961-aa19-0d2a7e8db768;NULL;-0.0045;-0.0009;0.0022;354.1010;358.3488;1.9253;NULL;NULL;NULL;NULL;NULL;NULL;NULL;NULL;NULL;0.2532;-1.7596;-0.0408;0.0000;343.4929;0.0000;0.0000;0.0000;0.0000;0.0000;0.0000;0.0000;0;NULL;0.0000;0.0000;0.0000;0.0000;0.0000;0.0000;ControllerBody;NULL;NULL;NULL;NULL;NULL;NULL;NULL;NULL;NULL;NULL;NULL;NULL;NULL;0.0347;-0.0754;0.4419;3.8522;356.4474;0.3186;0.0378;-0.0770;0.4356;3.6197;356.4320;0.4977;1;NULL;0.0378;-0.0770;0.4356;3.6197;356.4320;0.4977;ControllerBody;NULL;0f90885d-d73a-4634-aebf-923d0351dd7a;NULL;NULL;NULL;NULL;0.0300;0.0000;0.0000;2.0000;OpenLoop;0.0000;2026-04-01 12:34:12.3187;Controllers;14;30;OpenXR
NULL;Right;NULL;NULL;Baseline;NULL;NoMitigation;NULL;NULL;NULL;NULL;NULL;NULL;NULL;NULL;NULL;NULL;None;anonymous;NULL;Trial Accepted;TaskEvent;429;df389a41-d8c1-4961-aa19-0d2a7e8db768;NULL;-0.0078;-0.0014;0.0019;353.7621;358.8836;2.8090;NULL;NULL;NULL;NULL;-0.0352;0.0000;2.0000;NULL;NULL;0.2532;-1.7596;-0.0408;0.0000;343.4929;0.0000;0.0000;0.0000;0.0000;0.0000;0.0000;0.0000;0;NULL;0.0000;0.0000;0.0000;0.0000;0.0000;0.0000;ControllerBody;NULL;NULL;NULL;NULL;NULL;NULL;NULL;NULL;NULL;NULL;NULL;NULL;NULL;0.0363;-0.0756;0.4426;3.5295;357.3716;0.4700;0.0374;-0.0768;0.4367;3.9142;355.9344;0.0543;1;NULL;0.0374;-0.0768;0.4367;3.9142;355.9344;0.0543;ControllerBody;NULL;0f90885d-d73a-4634-aebf-923d0351dd7a;-3.5219;NULL;NULL;NULL;NULL;NULL;NULL;NULL;OpenLoop;0.1669;2026-04-01 12:34:12.4833;Controllers;14;30;OpenXR
NULL;Right;NULL;NULL;Baseline;NULL;NoMitigation;NULL;NULL;NULL;NULL;NULL;NULL;NULL;NULL;NULL;NULL;None;anonymous;NULL;Trial Started;TaskEvent;429;df389a41-d8c1-4961-aa19-0d2a7e8db768;NULL;-0.0078;-0.0014;0.0019;353.7621;358.8836;2.8090;NULL;NULL;NULL;NULL;NULL;NULL;NULL;NULL;NULL;0.2532;-1.7596;-0.0408;0.0000;343.4929;0.0000;0.0000;0.0000;0.0000;0.0000;0.0000;0.0000;0;NULL;0.0000;0.0000;0.0000;0.0000;0.0000;0.0000;ControllerBody;NULL;NULL;NULL;NULL;NULL;NULL;NULL;NULL;NULL;NULL;NULL;NULL;NULL;0.0363;-0.0756;0.4426;3.5295;357.3716;0.4700;0.0374;-0.0768;0.4367;3.9142;355.9344;0.0543;1;NULL;0.0374;-0.0768;0.4367;3.9142;355.9344;0.0543;ControllerBody;NULL;0f90885d-d73a-4634-aebf-923d0351dd7a;NULL;NULL;NULL;NULL;0.0300;0.0000;0.0000;2.0000;OpenLoop;0.0000;2026-04-01 12:34:12.4849;Controllers;15;30;OpenXR
NULL;Right;NULL;NULL;Baseline;NULL;NoMitigation;NULL;NULL;NULL;NULL;NULL;NULL;NULL;NULL;NULL;NULL;None;anonymous;NULL;Trial Accepted;TaskEvent;453;df389a41-d8c1-4961-aa19-0d2a7e8db768;NULL;-0.0064;-0.0014;0.0030;353.9366;359.5401;2.4432;NULL;NULL;NULL;NULL;-0.6619;0.0000;2.0000;NULL;NULL;0.2532;-1.7596;-0.0408;0.0000;343.4929;0.0000;0.0000;0.0000;0.0000;0.0000;0.0000;0.0000;0;NULL;0.0000;0.0000;0.0000;0.0000;0.0000;0.0000;ControllerBody;NULL;NULL;NULL;NULL;NULL;NULL;NULL;NULL;NULL;NULL;NULL;NULL;NULL;0.0260;-0.0727;0.4373;6.6240;336.2401;338.7383;0.0114;-0.0640;0.4190;5.3243;332.8808;336.2328;1;NULL;0.0114;-0.0640;0.4190;5.3243;332.8808;336.2328;ControllerBody;NULL;0f90885d-d73a-4634-aebf-923d0351dd7a;-66.1886;NULL;NULL;NULL;NULL;NULL;NULL;NULL;OpenLoop;0.1999;2026-04-01 12:34:12.6837;Controllers;15;30;OpenXR
NULL;Right;NULL;NULL;Baseline;NULL;NoMitigation;NULL;NULL;NULL;NULL;NULL;NULL;NULL;NULL;NULL;NULL;None;anonymous;NULL;Trial Started;TaskEvent;453;df389a41-d8c1-4961-aa19-0d2a7e8db768;NULL;-0.0064;-0.0014;0.0030;353.9366;359.5401;2.4432;NULL;NULL;NULL;NULL;NULL;NULL;NULL;NULL;NULL;0.2532;-1.7596;-0.0408;0.0000;343.4929;0.0000;0.0000;0.0000;0.0000;0.0000;0.0000;0.0000;0;NULL;0.0000;0.0000;0.0000;0.0000;0.0000;0.0000;ControllerBody;NULL;NULL;NULL;NULL;NULL;NULL;NULL;NULL;NULL;NULL;NULL;NULL;NULL;0.0260;-0.0727;0.4373;6.6240;336.2401;338.7383;0.0114;-0.0640;0.4190;5.3243;332.8808;336.2328;1;NULL;0.0114;-0.0640;0.4190;5.3243;332.8808;336.2328;ControllerBody;NULL;0f90885d-d73a-4634-aebf-923d0351dd7a;NULL;NULL;NULL;NULL;0.0300;0.0000;0.0000;2.0000;OpenLoop;0.0000;2026-04-01 12:34:12.6852;Controllers;16;30;OpenXR
NULL;Right;NULL;NULL;Baseline;NULL;NoMitigation;NULL;NULL;NULL;NULL;NULL;NULL;NULL;NULL;NULL;NULL;None;anonymous;NULL;Trial Accepted;TaskEvent;481;df389a41-d8c1-4961-aa19-0d2a7e8db768;NULL;0.0028;0.0061;0.0125;355.3682;359.5037;2.7963;NULL;NULL;NULL;NULL;-0.0704;0.0000;2.0000;NULL;NULL;0.2532;-1.7596;-0.0408;0.0000;343.4929;0.0000;0.0000;0.0000;0.0000;0.0000;0.0000;0.0000;0;NULL;0.0000;0.0000;0.0000;0.0000;0.0000;0.0000;ControllerBody;NULL;NULL;NULL;NULL;NULL;NULL;NULL;NULL;NULL;NULL;NULL;NULL;NULL;0.0248;-0.0669;0.4331;359.3427;356.5228;1.1048;0.0407;-0.0594;0.4259;356.3529;0.1066;5.3615;1;NULL;0.0407;-0.0594;0.4259;356.3529;0.1066;5.3615;ControllerBody;NULL;0f90885d-d73a-4634-aebf-923d0351dd7a;-7.0365;NULL;NULL;NULL;NULL;NULL;NULL;NULL;OpenLoop;0.2333;2026-04-01 12:34:12.9173;Controllers;16;30;OpenXR
NULL;Right;NULL;NULL;Baseline;NULL;NoMitigation;NULL;NULL;NULL;NULL;NULL;NULL;NULL;NULL;NULL;NULL;None;anonymous;NULL;Trial Started;TaskEvent;481;df389a41-d8c1-4961-aa19-0d2a7e8db768;NULL;0.0028;0.0061;0.0125;355.3682;359.5037;2.7963;NULL;NULL;NULL;NULL;NULL;NULL;NULL;NULL;NULL;0.2532;-1.7596;-0.0408;0.0000;343.4929;0.0000;0.0000;0.0000;0.0000;0.0000;0.0000;0.0000;0;NULL;0.0000;0.0000;0.0000;0.0000;0.0000;0.0000;ControllerBody;NULL;NULL;NULL;NULL;NULL;NULL;NULL;NULL;NULL;NULL;NULL;NULL;NULL;0.0248;-0.0669;0.4331;359.3427;356.5228;1.1048;0.0407;-0.0594;0.4259;356.3529;0.1066;5.3615;1;NULL;0.0407;-0.0594;0.4259;356.3529;0.1066;5.3615;ControllerBody;NULL;0f90885d-d73a-4634-aebf-923d0351dd7a;NULL;NULL;NULL;NULL;0.0300;0.0000;0.0000;2.0000;OpenLoop;0.0000;2026-04-01 12:34:12.9188;Controllers;17;30;OpenXR
NULL;Right;NULL;NULL;Baseline;NULL;NoMitigation;NULL;NULL;NULL;NULL;NULL;NULL;NULL;NULL;NULL;NULL;None;anonymous;NULL;Trial Accepted;TaskEvent;503;df389a41-d8c1-4961-aa19-0d2a7e8db768;NULL;0.0103;0.0064;0.0208;357.0428;0.1098;1.4643;NULL;NULL;NULL;NULL;0.1606;0.0000;2.0000;NULL;NULL;0.2532;-1.7596;-0.0408;0.0000;343.4929;0.0000;0.0000;0.0000;0.0000;0.0000;0.0000;0.0000;0;NULL;0.0000;0.0000;0.0000;0.0000;0.0000;0.0000;ControllerBody;NULL;NULL;NULL;NULL;NULL;NULL;NULL;NULL;NULL;NULL;NULL;NULL;NULL;0.0410;-0.0615;0.4347;356.3356;4.3695;9.5725;0.0406;-0.0707;0.4309;358.5866;1.4506;8.2251;1;NULL;0.0406;-0.0707;0.4309;358.5866;1.4506;8.2251;ControllerBody;NULL;0f90885d-d73a-4634-aebf-923d0351dd7a;16.0585;NULL;NULL;NULL;NULL;NULL;NULL;NULL;OpenLoop;0.1833;2026-04-01 12:34:13.1009;Controllers;17;30;OpenXR
NULL;Right;NULL;NULL;Baseline;NULL;NoMitigation;NULL;NULL;NULL;NULL;NULL;NULL;NULL;NULL;NULL;NULL;None;anonymous;NULL;Trial Started;TaskEvent;503;df389a41-d8c1-4961-aa19-0d2a7e8db768;NULL;0.0103;0.0064;0.0208;357.0428;0.1098;1.4643;NULL;NULL;NULL;NULL;NULL;NULL;NULL;NULL;NULL;0.2532;-1.7596;-0.0408;0.0000;343.4929;0.0000;0.0000;0.0000;0.0000;0.0000;0.0000;0.0000;0;NULL;0.0000;0.0000;0.0000;0.0000;0.0000;0.0000;ControllerBody;NULL;NULL;NULL;NULL;NULL;NULL;NULL;NULL;NULL;NULL;NULL;NULL;NULL;0.0410;-0.0615;0.4347;356.3356;4.3695;9.5725;0.0406;-0.0707;0.4309;358.5866;1.4506;8.2251;1;NULL;0.0406;-0.0707;0.4309;358.5866;1.4506;8.2251;ControllerBody;NULL;0f90885d-d73a-4634-aebf-923d0351dd7a;NULL;NULL;NULL;NULL;0.0300;0.0000;0.0000;2.0000;OpenLoop;0.0000;2026-04-01 12:34:13.1019;Controllers;18;30;OpenXR
NULL;Right;NULL;NULL;Baseline;NULL;NoMitigation;NULL;NULL;NULL;NULL;NULL;NULL;NULL;NULL;NULL;NULL;None;anonymous;NULL;Trial Accepted;TaskEvent;529;df389a41-d8c1-4961-aa19-0d2a7e8db768;NULL;0.0117;0.0078;0.0256;357.6700;0.6870;2.1444;NULL;NULL;NULL;NULL;0.0852;0.0000;2.0000;NULL;NULL;0.2532;-1.7596;-0.0408;0.0000;343.4929;0.0000;0.0000;0.0000;0.0000;0.0000;0.0000;0.0000;0;NULL;0.0000;0.0000;0.0000;0.0000;0.0000;0.0000;ControllerBody;NULL;NULL;NULL;NULL;NULL;NULL;NULL;NULL;NULL;NULL;NULL;NULL;NULL;0.0409;-0.0658;0.4365;359.8687;1.6223;6.9419;0.0391;-0.0722;0.4314;0.2746;1.6985;7.4264;1;NULL;0.0391;-0.0722;0.4314;0.2746;1.6985;7.4264;ControllerBody;NULL;0f90885d-d73a-4634-aebf-923d0351dd7a;8.5186;NULL;NULL;NULL;NULL;NULL;NULL;NULL;OpenLoop;0.2167;2026-04-01 12:34:13.3165;Controllers;18;30;OpenXR
NULL;Right;NULL;NULL;Baseline;NULL;NoMitigation;NULL;NULL;NULL;NULL;NULL;NULL;NULL;NULL;NULL;NULL;None;anonymous;NULL;Trial Started;TaskEvent;529;df389a41-d8c1-4961-aa19-0d2a7e8db768;NULL;0.0117;0.0078;0.0256;357.6700;0.6870;2.1444;NULL;NULL;NULL;NULL;NULL;NULL;NULL;NULL;NULL;0.2532;-1.7596;-0.0408;0.0000;343.4929;0.0000;0.0000;0.0000;0.0000;0.0000;0.0000;0.0000;0;NULL;0.0000;0.0000;0.0000;0.0000;0.0000;0.0000;ControllerBody;NULL;NULL;NULL;NULL;NULL;NULL;NULL;NULL;NULL;NULL;NULL;NULL;NULL;0.0409;-0.0658;0.4365;359.8687;1.6223;6.9419;0.0391;-0.0722;0.4314;0.2746;1.6985;7.4264;1;NULL;0.0391;-0.0722;0.4314;0.2746;1.6985;7.4264;ControllerBody;NULL;0f90885d-d73a-4634-aebf-923d0351dd7a;NULL;NULL;NULL;NULL;0.0300;0.0000;0.0000;2.0000;OpenLoop;0.0000;2026-04-01 12:34:13.3185;Controllers;19;30;OpenXR
NULL;Right;NULL;NULL;Baseline;NULL;NoMitigation;NULL;NULL;NULL;NULL;NULL;NULL;NULL;NULL;NULL;NULL;None;anonymous;NULL;Trial Accepted;TaskEvent;553;df389a41-d8c1-4961-aa19-0d2a7e8db768;NULL;0.0195;0.0107;0.0288;357.3645;359.0273;2.4511;NULL;NULL;NULL;NULL;0.0576;0.0000;2.0000;NULL;NULL;0.2532;-1.7596;-0.0408;0.0000;343.4929;0.0000;0.0000;0.0000;0.0000;0.0000;0.0000;0.0000;0;NULL;0.0000;0.0000;0.0000;0.0000;0.0000;0.0000;ControllerBody;NULL;NULL;NULL;NULL;NULL;NULL;NULL;NULL;NULL;NULL;NULL;NULL;NULL;0.0400;-0.0730;0.4395;3.2169;0.6488;5.3307;0.0356;-0.0822;0.4338;5.0405;358.2617;3.0534;1;NULL;0.0356;-0.0822;0.4338;5.0405;358.2617;3.0534;ControllerBody;NULL;0f90885d-d73a-4634-aebf-923d0351dd7a;5.7630;NULL;NULL;NULL;NULL;NULL;NULL;NULL;OpenLoop;0.1998;2026-04-01 12:34:13.5171;Controllers;19;30;OpenXR
NULL;Right;NULL;NULL;Baseline;NULL;NoMitigation;NULL;NULL;NULL;NULL;NULL;NULL;NULL;NULL;NULL;NULL;None;anonymous;NULL;Trial Started;TaskEvent;553;df389a41-d8c1-4961-aa19-0d2a7e8db768;NULL;0.0195;0.0107;0.0288;357.3645;359.0273;2.4511;NULL;NULL;NULL;NULL;NULL;NULL;NULL;NULL;NULL;0.2532;-1.7596;-0.0408;0.0000;343.4929;0.0000;0.0000;0.0000;0.0000;0.0000;0.0000;0.0000;0;NULL;0.0000;0.0000;0.0000;0.0000;0.0000;0.0000;ControllerBody;NULL;NULL;NULL;NULL;NULL;NULL;NULL;NULL;NULL;NULL;NULL;NULL;NULL;0.0400;-0.0730;0.4395;3.2169;0.6488;5.3307;0.0356;-0.0822;0.4338;5.0405;358.2617;3.0534;1;NULL;0.0356;-0.0822;0.4338;5.0405;358.2617;3.0534;ControllerBody;NULL;0f90885d-d73a-4634-aebf-923d0351dd7a;NULL;NULL;NULL;NULL;0.0300;0.0000;0.0000;2.0000;OpenLoop;0.0000;2026-04-01 12:34:13.5178;Controllers;20;30;OpenXR
NULL;Right;NULL;NULL;Baseline;NULL;NoMitigation;NULL;NULL;NULL;NULL;NULL;NULL;NULL;NULL;NULL;NULL;None;anonymous;NULL;Trial Accepted;TaskEvent;579;df389a41-d8c1-4961-aa19-0d2a7e8db768;NULL;0.0265;0.0108;0.0300;356.3643;0.2867;2.7833;NULL;NULL;NULL;NULL;-0.0508;0.0000;2.0000;NULL;NULL;0.2532;-1.7596;-0.0408;0.0000;343.4929;0.0000;0.0000;0.0000;0.0000;0.0000;0.0000;0.0000;0;NULL;0.0000;0.0000;0.0000;0.0000;0.0000;0.0000;ControllerBody;NULL;NULL;NULL;NULL;NULL;NULL;NULL;NULL;NULL;NULL;NULL;NULL;NULL;0.0369;-0.0758;0.4389;4.9778;356.7848;0.9452;0.0296;-0.0817;0.4292;6.3581;354.7770;358.8632;1;NULL;0.0296;-0.0817;0.4292;6.3581;354.7770;358.8632;ControllerBody;NULL;0f90885d-d73a-4634-aebf-923d0351dd7a;-5.0798;NULL;NULL;NULL;NULL;NULL;NULL;NULL;OpenLoop;0.2167;2026-04-01 12:34:13.7332;Controllers;20;30;OpenXR
NULL;Right;NULL;NULL;Baseline;NULL;NoMitigation;NULL;NULL;NULL;NULL;NULL;NULL;NULL;NULL;NULL;NULL;None;anonymous;NULL;Trial Started;TaskEvent;579;df389a41-d8c1-4961-aa19-0d2a7e8db768;NULL;0.0265;0.0108;0.0300;356.3643;0.2867;2.7833;NULL;NULL;NULL;NULL;NULL;NULL;NULL;NULL;NULL;0.2532;-1.7596;-0.0408;0.0000;343.4929;0.0000;0.0000;0.0000;0.0000;0.0000;0.0000;0.0000;0;NULL;0.0000;0.0000;0.0000;0.0000;0.0000;0.0000;ControllerBody;NULL;NULL;NULL;NULL;NULL;NULL;NULL;NULL;NULL;NULL;NULL;NULL;NULL;0.0369;-0.0758;0.4389;4.9778;356.7848;0.9452;0.0296;-0.0817;0.4292;6.3581;354.7770;358.8632;1;NULL;0.0296;-0.0817;0.4292;6.3581;354.7770;358.8632;ControllerBody;NULL;0f90885d-d73a-4634-aebf-923d0351dd7a;NULL;NULL;NULL;NULL;0.0300;0.0000;0.0000;2.0000;OpenLoop;0.0000;2026-04-01 12:34:13.7347;Controllers;21;30;OpenXR
NULL;Right;NULL;NULL;Baseline;NULL;NoMitigation;NULL;NULL;NULL;NULL;NULL;NULL;NULL;NULL;NULL;NULL;None;anonymous;NULL;Trial Accepted;TaskEvent;606;df389a41-d8c1-4961-aa19-0d2a7e8db768;NULL;0.0271;0.0111;0.0298;356.2480;0.3476;2.5787;NULL;NULL;NULL;NULL;-0.0765;0.0000;2.0000;NULL;NULL;0.2532;-1.7596;-0.0408;0.0000;343.4929;0.0000;0.0000;0.0000;0.0000;0.0000;0.0000;0.0000;0;NULL;0.0000;0.0000;0.0000;0.0000;0.0000;0.0000;ControllerBody;NULL;NULL;NULL;NULL;NULL;NULL;NULL;NULL;NULL;NULL;NULL;NULL;NULL;0.0345;-0.0787;0.4384;5.9258;355.9341;358.7701;0.0326;-0.0822;0.4305;5.8014;356.2131;358.6911;1;NULL;0.0326;-0.0822;0.4305;5.8014;356.2131;358.6911;ControllerBody;NULL;0f90885d-d73a-4634-aebf-923d0351dd7a;-7.6510;NULL;NULL;NULL;NULL;NULL;NULL;NULL;OpenLoop;0.2247;2026-04-01 12:34:13.9578;Controllers;21;30;OpenXR
NULL;Right;NULL;NULL;Baseline;NULL;NoMitigation;NULL;NULL;NULL;NULL;NULL;NULL;NULL;NULL;NULL;NULL;None;anonymous;NULL;Trial Started;TaskEvent;606;df389a41-d8c1-4961-aa19-0d2a7e8db768;NULL;0.0271;0.0111;0.0298;356.2480;0.3476;2.5787;NULL;NULL;NULL;NULL;NULL;NULL;NULL;NULL;NULL;0.2532;-1.7596;-0.0408;0.0000;343.4929;0.0000;0.0000;0.0000;0.0000;0.0000;0.0000;0.0000;0;NULL;0.0000;0.0000;0.0000;0.0000;0.0000;0.0000;ControllerBody;NULL;NULL;NULL;NULL;NULL;NULL;NULL;NULL;NULL;NULL;NULL;NULL;NULL;0.0345;-0.0787;0.4384;5.9258;355.9341;358.7701;0.0326;-0.0822;0.4305;5.8014;356.2131;358.6911;1;NULL;0.0326;-0.0822;0.4305;5.8014;356.2131;358.6911;ControllerBody;NULL;0f90885d-d73a-4634-aebf-923d0351dd7a;NULL;NULL;NULL;NULL;0.0300;0.0000;0.0000;2.0000;OpenLoop;0.0000;2026-04-01 12:34:13.9593;Controllers;22;30;OpenXR
NULL;Right;NULL;NULL;Baseline;NULL;NoMitigation;NULL;NULL;NULL;NULL;NULL;NULL;NULL;NULL;NULL;NULL;None;anonymous;NULL;Trial Accepted;TaskEvent;630;df389a41-d8c1-4961-aa19-0d2a7e8db768;NULL;0.0280;0.0105;0.0303;356.3227;0.3769;2.2062;NULL;NULL;NULL;NULL;-0.0740;0.0000;2.0000;NULL;NULL;0.2532;-1.7596;-0.0408;0.0000;343.4929;0.0000;0.0000;0.0000;0.0000;0.0000;0.0000;0.0000;0;NULL;0.0000;0.0000;0.0000;0.0000;0.0000;0.0000;ControllerBody;NULL;NULL;NULL;NULL;NULL;NULL;NULL;NULL;NULL;NULL;NULL;NULL;NULL;0.0339;-0.0799;0.4384;5.9706;356.0482;358.5655;0.0334;-0.0834;0.4308;6.1746;356.4225;358.5818;1;NULL;0.0334;-0.0834;0.4308;6.1746;356.4225;358.5818;ControllerBody;NULL;0f90885d-d73a-4634-aebf-923d0351dd7a;-7.3970;NULL;NULL;NULL;NULL;NULL;NULL;NULL;OpenLoop;0.2004;2026-04-01 12:34:14.1591;Controllers;22;30;OpenXR
NULL;Right;NULL;NULL;Baseline;NULL;NoMitigation;NULL;NULL;NULL;NULL;NULL;NULL;NULL;NULL;NULL;NULL;None;anonymous;NULL;Trial Started;TaskEvent;630;df389a41-d8c1-4961-aa19-0d2a7e8db768;NULL;0.0280;0.0105;0.0303;356.3227;0.3769;2.2062;NULL;NULL;NULL;NULL;NULL;NULL;NULL;NULL;NULL;0.2532;-1.7596;-0.0408;0.0000;343.4929;0.0000;0.0000;0.0000;0.0000;0.0000;0.0000;0.0000;0;NULL;0.0000;0.0000;0.0000;0.0000;0.0000;0.0000;ControllerBody;NULL;NULL;NULL;NULL;NULL;NULL;NULL;NULL;NULL;NULL;NULL;NULL;NULL;0.0339;-0.0799;0.4384;5.9706;356.0482;358.5655;0.0334;-0.0834;0.4308;6.1746;356.4225;358.5818;1;NULL;0.0334;-0.0834;0.4308;6.1746;356.4225;358.5818;ControllerBody;NULL;0f90885d-d73a-4634-aebf-923d0351dd7a;NULL;NULL;NULL;NULL;0.0300;0.0000;0.0000;2.0000;OpenLoop;0.0000;2026-04-01 12:34:14.1591;Controllers;23;30;OpenXR
NULL;Right;NULL;NULL;Baseline;NULL;NoMitigation;NULL;NULL;NULL;NULL;NULL;NULL;NULL;NULL;NULL;NULL;None;anonymous;NULL;Trial Accepted;TaskEvent;653;df389a41-d8c1-4961-aa19-0d2a7e8db768;NULL;0.0275;0.0105;0.0298;356.3518;0.2761;2.2433;NULL;NULL;NULL;NULL;-0.0676;0.0000;2.0000;NULL;NULL;0.2532;-1.7596;-0.0408;0.0000;343.4929;0.0000;0.0000;0.0000;0.0000;0.0000;0.0000;0.0000;0;NULL;0.0000;0.0000;0.0000;0.0000;0.0000;0.0000;ControllerBody;NULL;NULL;NULL;NULL;NULL;NULL;NULL;NULL;NULL;NULL;NULL;NULL;NULL;0.0337;-0.0810;0.4385;6.0895;356.2870;358.5443;0.0333;-0.0840;0.4313;6.2315;356.4499;358.7061;1;NULL;0.0333;-0.0840;0.4313;6.2315;356.4499;358.7061;ControllerBody;NULL;0f90885d-d73a-4634-aebf-923d0351dd7a;-6.7639;NULL;NULL;NULL;NULL;NULL;NULL;NULL;OpenLoop;0.1993;2026-04-01 12:34:14.3581;Controllers;23;30;OpenXR
NULL;Right;NULL;NULL;Baseline;NULL;NoMitigation;NULL;NULL;NULL;NULL;NULL;NULL;NULL;NULL;NULL;NULL;None;anonymous;NULL;Trial Started;TaskEvent;653;df389a41-d8c1-4961-aa19-0d2a7e8db768;NULL;0.0275;0.0105;0.0298;356.3518;0.2761;2.2433;NULL;NULL;NULL;NULL;NULL;NULL;NULL;NULL;NULL;0.2532;-1.7596;-0.0408;0.0000;343.4929;0.0000;0.0000;0.0000;0.0000;0.0000;0.0000;0.0000;0;NULL;0.0000;0.0000;0.0000;0.0000;0.0000;0.0000;ControllerBody;NULL;NULL;NULL;NULL;NULL;NULL;NULL;NULL;NULL;NULL;NULL;NULL;NULL;0.0337;-0.0810;0.4385;6.0895;356.2870;358.5443;0.0333;-0.0840;0.4313;6.2315;356.4499;358.7061;1;NULL;0.0333;-0.0840;0.4313;6.2315;356.4499;358.7061;ControllerBody;NULL;0f90885d-d73a-4634-aebf-923d0351dd7a;NULL;NULL;NULL;NULL;0.0300;0.0000;0.0000;2.0000;OpenLoop;0.0000;2026-04-01 12:34:14.3592;Controllers;24;30;OpenXR
NULL;Right;NULL;NULL;Baseline;NULL;NoMitigation;NULL;NULL;NULL;NULL;NULL;NULL;NULL;NULL;NULL;NULL;None;anonymous;NULL;Trial Accepted;TaskEvent;677;df389a41-d8c1-4961-aa19-0d2a7e8db768;NULL;0.0272;0.0101;0.0294;356.2414;0.2128;2.2731;NULL;NULL;NULL;NULL;-0.0648;0.0000;2.0000;NULL;NULL;0.2532;-1.7596;-0.0408;0.0000;343.4929;0.0000;0.0000;0.0000;0.0000;0.0000;0.0000;0.0000;0;NULL;0.0000;0.0000;0.0000;0.0000;0.0000;0.0000;ControllerBody;NULL;NULL;NULL;NULL;NULL;NULL;NULL;NULL;NULL;NULL;NULL;NULL;NULL;0.0336;-0.0818;0.4386;6.1713;356.3945;358.5310;0.0331;-0.0844;0.4306;6.3696;356.1251;358.5378;1;NULL;0.0331;-0.0844;0.4306;6.3696;356.1251;358.5378;ControllerBody;NULL;0f90885d-d73a-4634-aebf-923d0351dd7a;-6.4791;NULL;NULL;NULL;NULL;NULL;NULL;NULL;OpenLoop;0.2003;2026-04-01 12:34:14.5577;Controllers;24;30;OpenXR
NULL;Right;NULL;NULL;Baseline;NULL;NoMitigation;NULL;NULL;NULL;NULL;NULL;NULL;NULL;NULL;NULL;NULL;None;anonymous;NULL;Trial Started;TaskEvent;677;df389a41-d8c1-4961-aa19-0d2a7e8db768;NULL;0.0272;0.0101;0.0294;356.2414;0.2128;2.2731;NULL;NULL;NULL;NULL;NULL;NULL;NULL;NULL;NULL;0.2532;-1.7596;-0.0408;0.0000;343.4929;0.0000;0.0000;0.0000;0.0000;0.0000;0.0000;0.0000;0;NULL;0.0000;0.0000;0.0000;0.0000;0.0000;0.0000;ControllerBody;NULL;NULL;NULL;NULL;NULL;NULL;NULL;NULL;NULL;NULL;NULL;NULL;NULL;0.0336;-0.0818;0.4386;6.1713;356.3945;358.5310;0.0331;-0.0844;0.4306;6.3696;356.1251;358.5378;1;NULL;0.0331;-0.0844;0.4306;6.3696;356.1251;358.5378;ControllerBody;NULL;0f90885d-d73a-4634-aebf-923d0351dd7a;NULL;NULL;NULL;NULL;0.0300;0.0000;0.0000;2.0000;OpenLoop;0.0000;2026-04-01 12:34:14.5593;Controllers;25;30;OpenXR
NULL;Right;NULL;NULL;Baseline;NULL;NoMitigation;NULL;NULL;NULL;NULL;NULL;NULL;NULL;NULL;NULL;NULL;None;anonymous;NULL;Trial Accepted;TaskEvent;701;df389a41-d8c1-4961-aa19-0d2a7e8db768;NULL;0.0270;0.0101;0.0293;356.2097;0.2534;2.2915;NULL;NULL;NULL;NULL;-0.0612;0.0000;2.0000;NULL;NULL;0.2532;-1.7596;-0.0408;0.0000;343.4929;0.0000;0.0000;0.0000;0.0000;0.0000;0.0000;0.0000;0;NULL;0.0000;0.0000;0.0000;0.0000;0.0000;0.0000;ControllerBody;NULL;NULL;NULL;NULL;NULL;NULL;NULL;NULL;NULL;NULL;NULL;NULL;NULL;0.0336;-0.0827;0.4387;6.4004;356.5247;358.5704;0.0340;-0.0858;0.4320;7.0409;356.2434;358.4042;1;NULL;0.0340;-0.0858;0.4320;7.0409;356.2434;358.4042;ControllerBody;NULL;0f90885d-d73a-4634-aebf-923d0351dd7a;-6.1200;NULL;NULL;NULL;NULL;NULL;NULL;NULL;OpenLoop;0.2000;2026-04-01 12:34:14.7572;Controllers;25;30;OpenXR
NULL;Right;NULL;NULL;Baseline;NULL;NoMitigation;NULL;NULL;NULL;NULL;NULL;NULL;NULL;NULL;NULL;NULL;None;anonymous;NULL;Trial Started;TaskEvent;701;df389a41-d8c1-4961-aa19-0d2a7e8db768;NULL;0.0270;0.0101;0.0293;356.2097;0.2534;2.2915;NULL;NULL;NULL;NULL;NULL;NULL;NULL;NULL;NULL;0.2532;-1.7596;-0.0408;0.0000;343.4929;0.0000;0.0000;0.0000;0.0000;0.0000;0.0000;0.0000;0;NULL;0.0000;0.0000;0.0000;0.0000;0.0000;0.0000;ControllerBody;NULL;NULL;NULL;NULL;NULL;NULL;NULL;NULL;NULL;NULL;NULL;NULL;NULL;0.0336;-0.0827;0.4387;6.4004;356.5247;358.5704;0.0340;-0.0858;0.4320;7.0409;356.2434;358.4042;1;NULL;0.0340;-0.0858;0.4320;7.0409;356.2434;358.4042;ControllerBody;NULL;0f90885d-d73a-4634-aebf-923d0351dd7a;NULL;NULL;NULL;NULL;0.0300;0.0000;0.0000;2.0000;OpenLoop;0.0000;2026-04-01 12:34:14.7587;Controllers;26;30;OpenXR
NULL;Right;NULL;NULL;Baseline;NULL;NoMitigation;NULL;NULL;NULL;NULL;NULL;NULL;NULL;NULL;NULL;NULL;None;anonymous;NULL;Trial Accepted;TaskEvent;727;df389a41-d8c1-4961-aa19-0d2a7e8db768;NULL;0.0265;0.0102;0.0288;356.1857;0.2207;2.3006;NULL;NULL;NULL;NULL;-0.0558;0.0000;2.0000;NULL;NULL;0.2532;-1.7596;-0.0408;0.0000;343.4929;0.0000;0.0000;0.0000;0.0000;0.0000;0.0000;0.0000;0;NULL;0.0000;0.0000;0.0000;0.0000;0.0000;0.0000;ControllerBody;NULL;NULL;NULL;NULL;NULL;NULL;NULL;NULL;NULL;NULL;NULL;NULL;NULL;0.0338;-0.0833;0.4389;6.5453;356.7141;358.5850;0.0342;-0.0851;0.4320;6.7531;356.4991;358.6969;1;NULL;0.0342;-0.0851;0.4320;6.7531;356.4991;358.6969;ControllerBody;NULL;0f90885d-d73a-4634-aebf-923d0351dd7a;-5.5848;NULL;NULL;NULL;NULL;NULL;NULL;NULL;OpenLoop;0.2165;2026-04-01 12:34:14.9749;Controllers;26;30;OpenXR
NULL;Right;NULL;NULL;Baseline;NULL;NoMitigation;NULL;NULL;NULL;NULL;NULL;NULL;NULL;NULL;NULL;NULL;None;anonymous;NULL;Trial Started;TaskEvent;727;df389a41-d8c1-4961-aa19-0d2a7e8db768;NULL;0.0265;0.0102;0.0288;356.1857;0.2207;2.3006;NULL;NULL;NULL;NULL;NULL;NULL;NULL;NULL;NULL;0.2532;-1.7596;-0.0408;0.0000;343.4929;0.0000;0.0000;0.0000;0.0000;0.0000;0.0000;0.0000;0;NULL;0.0000;0.0000;0.0000;0.0000;0.0000;0.0000;ControllerBody;NULL;NULL;NULL;NULL;NULL;NULL;NULL;NULL;NULL;NULL;NULL;NULL;NULL;0.0338;-0.0833;0.4389;6.5453;356.7141;358.5850;0.0342;-0.0851;0.4320;6.7531;356.4991;358.6969;1;NULL;0.0342;-0.0851;0.4320;6.7531;356.4991;358.6969;ControllerBody;NULL;0f90885d-d73a-4634-aebf-923d0351dd7a;NULL;NULL;NULL;NULL;0.0300;0.0000;0.0000;2.0000;OpenLoop;0.0000;2026-04-01 12:34:14.9754;Controllers;27;30;OpenXR
NULL;Right;NULL;NULL;Baseline;NULL;NoMitigation;NULL;NULL;NULL;NULL;NULL;NULL;NULL;NULL;NULL;NULL;None;anonymous;NULL;Trial Accepted;TaskEvent;751;df389a41-d8c1-4961-aa19-0d2a7e8db768;NULL;0.0261;0.0097;0.0289;356.3489;359.6651;2.2176;NULL;NULL;NULL;NULL;-0.0550;0.0000;2.0000;NULL;NULL;0.2532;-1.7596;-0.0408;0.0000;343.4929;0.0000;0.0000;0.0000;0.0000;0.0000;0.0000;0.0000;0;NULL;0.0000;0.0000;0.0000;0.0000;0.0000;0.0000;ControllerBody;NULL;NULL;NULL;NULL;NULL;NULL;NULL;NULL;NULL;NULL;NULL;NULL;NULL;0.0338;-0.0836;0.4391;6.6369;356.7455;358.6265;0.0340;-0.0850;0.4331;6.9635;356.6413;358.8019;1;NULL;0.0340;-0.0850;0.4331;6.9635;356.6413;358.8019;ControllerBody;NULL;0f90885d-d73a-4634-aebf-923d0351dd7a;-5.4974;NULL;NULL;NULL;NULL;NULL;NULL;NULL;OpenLoop;0.2001;2026-04-01 12:34:15.1751;Controllers;27;30;OpenXR
NULL;Right;NULL;NULL;Baseline;NULL;NoMitigation;NULL;NULL;NULL;NULL;NULL;NULL;NULL;NULL;NULL;NULL;None;anonymous;NULL;Trial Started;TaskEvent;751;df389a41-d8c1-4961-aa19-0d2a7e8db768;NULL;0.0261;0.0097;0.0289;356.3489;359.6651;2.2176;NULL;NULL;NULL;NULL;NULL;NULL;NULL;NULL;NULL;0.2532;-1.7596;-0.0408;0.0000;343.4929;0.0000;0.0000;0.0000;0.0000;0.0000;0.0000;0.0000;0;NULL;0.0000;0.0000;0.0000;0.0000;0.0000;0.0000;ControllerBody;NULL;NULL;NULL;NULL;NULL;NULL;NULL;NULL;NULL;NULL;NULL;NULL;NULL;0.0338;-0.0836;0.4391;6.6369;356.7455;358.6265;0.0340;-0.0850;0.4331;6.9635;356.6413;358.8019;1;NULL;0.0340;-0.0850;0.4331;6.9635;356.6413;358.8019;ControllerBody;NULL;0f90885d-d73a-4634-aebf-923d0351dd7a;NULL;NULL;NULL;NULL;0.0300;0.0000;0.0000;2.0000;OpenLoop;0.0000;2026-04-01 12:34:15.1751;Controllers;28;30;OpenXR
NULL;Right;NULL;NULL;Baseline;NULL;NoMitigation;NULL;NULL;NULL;NULL;NULL;NULL;NULL;NULL;NULL;NULL;None;anonymous;NULL;Trial Accepted;TaskEvent;775;df389a41-d8c1-4961-aa19-0d2a7e8db768;NULL;0.0263;0.0101;0.0280;355.9942;0.2165;2.0351;NULL;NULL;NULL;NULL;-0.0541;0.0000;2.0000;NULL;NULL;0.2532;-1.7596;-0.0408;0.0000;343.4929;0.0000;0.0000;0.0000;0.0000;0.0000;0.0000;0.0000;0;NULL;0.0000;0.0000;0.0000;0.0000;0.0000;0.0000;ControllerBody;NULL;NULL;NULL;NULL;NULL;NULL;NULL;NULL;NULL;NULL;NULL;NULL;NULL;0.0338;-0.0840;0.4394;6.7169;356.7755;358.6635;0.0339;-0.0860;0.4331;6.9506;356.7666;358.9008;1;NULL;0.0339;-0.0860;0.4331;6.9506;356.7666;358.9008;ControllerBody;NULL;0f90885d-d73a-4634-aebf-923d0351dd7a;-5.4120;NULL;NULL;NULL;NULL;NULL;NULL;NULL;OpenLoop;0.2000;2026-04-01 12:34:15.3747;Controllers;28;30;OpenXR
NULL;Right;NULL;NULL;Baseline;NULL;NoMitigation;NULL;NULL;NULL;NULL;NULL;NULL;NULL;NULL;NULL;NULL;None;anonymous;NULL;Trial Started;TaskEvent;775;df389a41-d8c1-4961-aa19-0d2a7e8db768;NULL;0.0263;0.0101;0.0280;355.9942;0.2165;2.0351;NULL;NULL;NULL;NULL;NULL;NULL;NULL;NULL;NULL;0.2532;-1.7596;-0.0408;0.0000;343.4929;0.0000;0.0000;0.0000;0.0000;0.0000;0.0000;0.0000;0;NULL;0.0000;0.0000;0.0000;0.0000;0.0000;0.0000;ControllerBody;NULL;NULL;NULL;NULL;NULL;NULL;NULL;NULL;NULL;NULL;NULL;NULL;NULL;0.0338;-0.0840;0.4394;6.7169;356.7755;358.6635;0.0339;-0.0860;0.4331;6.9506;356.7666;358.9008;1;NULL;0.0339;-0.0860;0.4331;6.9506;356.7666;358.9008;ControllerBody;NULL;0f90885d-d73a-4634-aebf-923d0351dd7a;NULL;NULL;NULL;NULL;0.0300;0.0000;0.0000;2.0000;OpenLoop;0.0000;2026-04-01 12:34:15.3762;Controllers;29;30;OpenXR
NULL;Right;NULL;NULL;Baseline;NULL;NoMitigation;NULL;NULL;NULL;NULL;NULL;NULL;NULL;NULL;NULL;NULL;None;anonymous;NULL;Trial Accepted;TaskEvent;799;df389a41-d8c1-4961-aa19-0d2a7e8db768;NULL;0.0267;0.0096;0.0285;356.1596;0.0433;1.9010;NULL;NULL;NULL;NULL;-0.0519;0.0000;2.0000;NULL;NULL;0.2532;-1.7596;-0.0408;0.0000;343.4929;0.0000;0.0000;0.0000;0.0000;0.0000;0.0000;0.0000;0;NULL;0.0000;0.0000;0.0000;0.0000;0.0000;0.0000;ControllerBody;NULL;NULL;NULL;NULL;NULL;NULL;NULL;NULL;NULL;NULL;NULL;NULL;NULL;0.0338;-0.0846;0.4396;6.7937;356.8571;358.7184;0.0341;-0.0872;0.4325;7.0737;357.0363;359.1564;1;NULL;0.0341;-0.0872;0.4325;7.0737;357.0363;359.1564;ControllerBody;NULL;0f90885d-d73a-4634-aebf-923d0351dd7a;-5.1880;NULL;NULL;NULL;NULL;NULL;NULL;NULL;OpenLoop;0.1998;2026-04-01 12:34:15.5749;Controllers;29;30;OpenXR
NULL;Right;NULL;NULL;Baseline;NULL;NoMitigation;NULL;NULL;NULL;NULL;NULL;NULL;NULL;NULL;NULL;NULL;None;anonymous;NULL;Trial Started;TaskEvent;799;df389a41-d8c1-4961-aa19-0d2a7e8db768;NULL;0.0267;0.0096;0.0285;356.1596;0.0433;1.9010;NULL;NULL;NULL;NULL;NULL;NULL;NULL;NULL;NULL;0.2532;-1.7596;-0.0408;0.0000;343.4929;0.0000;0.0000;0.0000;0.0000;0.0000;0.0000;0.0000;0;NULL;0.0000;0.0000;0.0000;0.0000;0.0000;0.0000;ControllerBody;NULL;NULL;NULL;NULL;NULL;NULL;NULL;NULL;NULL;NULL;NULL;NULL;NULL;0.0338;-0.0846;0.4396;6.7937;356.8571;358.7184;0.0341;-0.0872;0.4325;7.0737;357.0363;359.1564;1;NULL;0.0341;-0.0872;0.4325;7.0737;357.0363;359.1564;ControllerBody;NULL;0f90885d-d73a-4634-aebf-923d0351dd7a;NULL;NULL;NULL;NULL;0.0300;0.0000;0.0000;2.0000;OpenLoop;0.0000;2026-04-01 12:34:15.5749;Controllers;30;30;OpenXR
NULL;Right;NULL;NULL;Baseline;NULL;NoMitigation;NULL;NULL;NULL;NULL;NULL;NULL;NULL;NULL;NULL;NULL;None;anonymous;NULL;Trial Accepted;TaskEvent;827;df389a41-d8c1-4961-aa19-0d2a7e8db768;NULL;0.0268;0.0104;0.0279;355.8839;0.0903;1.7630;NULL;NULL;NULL;NULL;-0.0498;0.0000;2.0000;NULL;NULL;0.2532;-1.7596;-0.0408;0.0000;343.4929;0.0000;0.0000;0.0000;0.0000;0.0000;0.0000;0.0000;0;NULL;0.0000;0.0000;0.0000;0.0000;0.0000;0.0000;ControllerBody;NULL;NULL;NULL;NULL;NULL;NULL;NULL;NULL;NULL;NULL;NULL;NULL;NULL;0.0338;-0.0852;0.4396;6.8984;356.9322;358.8354;0.0349;-0.0867;0.4316;6.8009;357.2824;359.3756;1;NULL;0.0349;-0.0867;0.4316;6.8009;357.2824;359.3756;ControllerBody;NULL;0f90885d-d73a-4634-aebf-923d0351dd7a;-4.9779;NULL;NULL;NULL;NULL;NULL;NULL;NULL;OpenLoop;0.2334;2026-04-01 12:34:15.8072;Controllers;30;30;OpenXR
NULL;Right;NULL;NULL;Baseline;NULL;NoMitigation;NULL;NULL;NULL;NULL;NULL;NULL;NULL;NULL;NULL;NULL;None;anonymous;NULL;Block Completed;BlockEvent;827;df389a41-d8c1-4961-aa19-0d2a7e8db768;NULL;0.0268;0.0104;0.0279;355.8839;0.0903;1.7630;NULL;NULL;NULL;NULL;NULL;NULL;NULL;NULL;NULL;0.2532;-1.7596;-0.0408;0.0000;343.4929;0.0000;0.0000;0.0000;0.0000;0.0000;0.0000;0.0000;0;NULL;0.0000;0.0000;0.0000;0.0000;0.0000;0.0000;ControllerBody;NULL;NULL;NULL;-9.1784;NULL;NULL;NULL;NULL;NULL;NULL;NULL;NULL;NULL;0.0338;-0.0852;0.4396;6.8984;356.9322;358.8354;0.0349;-0.0867;0.4316;6.8009;357.2824;359.3756;1;NULL;0.0349;-0.0867;0.4316;6.8009;357.2824;359.3756;ControllerBody;13.0114;0f90885d-d73a-4634-aebf-923d0351dd7a;NULL;NULL;NULL;NULL;NULL;NULL;NULL;NULL;OpenLoop;0.0000;2026-04-01 12:34:15.8099;Controllers;NULL;30;OpenXR
NULL;Right;NULL;NULL;Exposure;NULL;NoMitigation;NULL;NULL;NULL;NULL;NULL;NULL;NULL;NULL;NULL;NULL;None;anonymous;NULL;Exposure Started;BlockEvent;1067;df389a41-d8c1-4961-aa19-0d2a7e8db768;NULL;0.0266;0.0111;0.0276;355.6765;0.9601;1.0764;NULL;NULL;NULL;NULL;NULL;NULL;NULL;NULL;NULL;0.2532;-1.7596;-0.0408;0.0000;343.4929;0.0000;0.0000;0.0000;0.0000;0.0000;0.0000;0.0000;0;NULL;0.0000;0.0000;0.0000;0.0000;0.0000;0.0000;ControllerBody;NULL;NULL;NULL;NULL;NULL;NULL;NULL;NULL;NULL;NULL;NULL;NULL;NULL;0.0373;-0.0872;0.4433;6.2016;359.5412;0.4407;0.0393;-0.0873;0.4377;6.2126;359.9657;0.6961;0;NULL;0.0393;-0.0873;0.4377;6.2126;359.9657;0.6961;ControllerBody;NULL;0f90885d-d73a-4634-aebf-923d0351dd7a;NULL;OpenLoop;NULL;NULL;NULL;NULL;NULL;NULL;Exposure;2.0079;2026-04-01 12:34:17.8157;Controllers;NULL;NULL;OpenXR
NULL;Right;NULL;NULL;Exposure;NULL;NoMitigation;2;1;0;0;0;0;0.5000;0.0000;2.0000;NULL;Translation;anonymous;NULL;Mole Spawned;MoleEvent;1067;df389a41-d8c1-4961-aa19-0d2a7e8db768;NULL;0.0266;0.0111;0.0276;355.6765;0.9601;1.0764;NULL;NULL;NULL;NULL;NULL;NULL;NULL;NULL;NULL;0.2532;-1.7596;-0.0408;0.0000;343.4929;0.0000;0.0000;0.0000;0.0000;0.0000;0.0000;0.0000;0;NULL;0.0000;0.0000;0.0000;0.0000;0.0000;0.0000;ControllerBody;NULL;NULL;NULL;NULL;2;1;0;0;0;0;0.5000;0.0000;2.0000;0.0373;-0.0872;0.4433;6.2016;359.5412;0.4407;0.0393;-0.0873;0.4377;6.2126;359.9657;0.6961;0;NULL;0.0393;-0.0873;0.4377;6.2126;359.9657;0.6961;ControllerBody;NULL;0f90885d-d73a-4634-aebf-923d0351dd7a;NULL;NULL;NULL;1;NULL;0.5000;0.0000;2.0000;Exposure;0.0000;2026-04-01 12:34:17.8188;Controllers;NULL;NULL;OpenXR
NULL;Right;NULL;1;Exposure;NULL;NoMitigation;2;1;0;0;0;0;0.5000;0.0000;2.0000;NULL;Translation;anonymous;NULL;Pointer Shoot;PointerEvent;1137;df389a41-d8c1-4961-aa19-0d2a7e8db768;NULL;0.0275;0.0096;0.0286;355.9562;1.3854;1.0567;NULL;0.6670;-0.1599;2.0000;0.6670;-0.1599;2.0000;NULL;NULL;0.2532;-1.7596;-0.0408;0.0000;343.4929;0.0000;0.0000;0.0000;0.0000;0.0000;0.0000;0.0000;0;NULL;0.0000;0.0000;0.0000;0.0000;0.0000;0.0000;ControllerBody;NULL;NULL;NULL;NULL;2;1;0;0;0;0;0.5000;0.0000;2.0000;0.0739;-0.0867;0.4547;2.5837;17.6988;8.7643;0.0769;-0.0836;0.4479;2.0236;17.2871;8.2842;1;NULL;0.0769;-0.0836;0.4479;2.0236;17.2871;8.2842;ControllerBody;NULL;0f90885d-d73a-4634-aebf-923d0351dd7a;NULL;NULL;0;1;NULL;0.5000;0.0000;2.0000;Exposure;0.5831;2026-04-01 12:34:18.4001;Controllers;NULL;NULL;OpenXR
NULL;Right;NULL;1;Exposure;NULL;NoMitigation;2;1;0;0;0;0;0.5000;0.0000;2.0000;NULL;Translation;anonymous;NULL;Mole Missed;PointerEvent;1137;df389a41-d8c1-4961-aa19-0d2a7e8db768;NULL;0.0275;0.0096;0.0286;355.9562;1.3854;1.0567;0.2312;0.6670;-0.1599;2.0000;0.6670;-0.1599;2.0000;NULL;0;0.2532;-1.7596;-0.0408;0.0000;343.4929;0.0000;0.0000;0.0000;0.0000;0.0000;0.0000;0.0000;0;NULL;0.0000;0.0000;0.0000;0.0000;0.0000;0.0000;ControllerBody;NULL;NULL;NULL;NULL;2;1;0;0;0;0;0.5000;0.0000;2.0000;0.0739;-0.0867;0.4547;2.5837;17.6988;8.7643;0.0769;-0.0836;0.4479;2.0236;17.2871;8.2842;1;NULL;0.0769;-0.0836;0.4479;2.0236;17.2871;8.2842;ControllerBody;NULL;0f90885d-d73a-4634-aebf-923d0351dd7a;NULL;NULL;0;1;NULL;0.5000;0.0000;2.0000;Exposure;0.0000;2026-04-01 12:34:18.4017;Controllers;NULL;NULL;OpenXR
NULL;Right;NULL;2;Exposure;NULL;NoMitigation;2;1;0;0;0;0;0.5000;0.0000;2.0000;NULL;Translation;anonymous;NULL;Pointer Shoot;PointerEvent;1191;df389a41-d8c1-4961-aa19-0d2a7e8db768;NULL;0.0276;0.0093;0.0277;355.7813;1.4357;1.0115;NULL;0.4559;-0.0875;2.0000;0.4559;-0.0875;2.0000;NULL;NULL;0.2532;-1.7596;-0.0408;0.0000;343.4929;0.0000;0.0000;0.0000;0.0000;0.0000;0.0000;0.0000;0;NULL;0.0000;0.0000;0.0000;0.0000;0.0000;0.0000;ControllerBody;NULL;NULL;NULL;NULL;2;1;0;0;0;0;0.5000;0.0000;2.0000;0.0700;-0.0782;0.4508;0.3392;10.4553;2.6325;0.0606;-0.0705;0.4380;359.5426;9.3087;2.8443;1;NULL;0.0606;-0.0705;0.4380;359.5426;9.3087;2.8443;ControllerBody;NULL;0f90885d-d73a-4634-aebf-923d0351dd7a;NULL;NULL;0;1;NULL;0.5000;0.0000;2.0000;Exposure;0.4498;2026-04-01 12:34:18.8490;Controllers;NULL;NULL;OpenXR
NULL;Right;NULL;2;Exposure;NULL;NoMitigation;2;1;0;0;0;0;0.5000;0.0000;2.0000;NULL;Translation;anonymous;NULL;Mole Hit;MoleEvent;1191;df389a41-d8c1-4961-aa19-0d2a7e8db768;NULL;0.0276;0.0093;0.0277;355.7813;1.4357;1.0115;0.0980;0.4559;-0.0875;2.0000;0.4559;-0.0875;2.0000;NULL;1;0.2532;-1.7596;-0.0408;0.0000;343.4929;0.0000;0.0000;0.0000;0.0000;0.0000;0.0000;0.0000;0;NULL;0.0000;0.0000;0.0000;0.0000;0.0000;0.0000;ControllerBody;NULL;NULL;NULL;NULL;2;1;0;0;0;0;0.5000;0.0000;2.0000;0.0700;-0.0782;0.4508;0.3392;10.4553;2.6325;0.0606;-0.0705;0.4380;359.5426;9.3087;2.8443;1;NULL;0.0606;-0.0705;0.4380;359.5426;9.3087;2.8443;ControllerBody;NULL;0f90885d-d73a-4634-aebf-923d0351dd7a;NULL;NULL;0;1;NULL;0.5000;0.0000;2.0000;Exposure;0.0000;2026-04-01 12:34:18.8501;Controllers;NULL;NULL;OpenXR
NULL;Right;NULL;NULL;Exposure;NULL;NoMitigation;3;2;0;1;0;0;-0.5000;0.0000;2.0000;NULL;Translation;anonymous;NULL;Mole Spawned;MoleEvent;1191;df389a41-d8c1-4961-aa19-0d2a7e8db768;NULL;0.0276;0.0093;0.0277;355.7813;1.4357;1.0115;NULL;NULL;NULL;NULL;NULL;NULL;NULL;NULL;NULL;0.2532;-1.7596;-0.0408;0.0000;343.4929;0.0000;0.0000;0.0000;0.0000;0.0000;0.0000;0.0000;0;NULL;0.0000;0.0000;0.0000;0.0000;0.0000;0.0000;ControllerBody;NULL;NULL;NULL;NULL;3;2;0;1;0;0;-0.5000;0.0000;2.0000;0.0700;-0.0782;0.4508;0.3392;10.4553;2.6325;0.0606;-0.0705;0.4380;359.5426;9.3087;2.8443;1;NULL;0.0606;-0.0705;0.4380;359.5426;9.3087;2.8443;ControllerBody;NULL;0f90885d-d73a-4634-aebf-923d0351dd7a;NULL;NULL;NULL;2;NULL;-0.5000;0.0000;2.0000;Exposure;0.0000;2026-04-01 12:34:18.8517;Controllers;NULL;NULL;OpenXR
NULL;Right;NULL;3;Exposure;NULL;NoMitigation;3;2;0;1;0;0;-0.5000;0.0000;2.0000;NULL;Translation;anonymous;NULL;Pointer Shoot;PointerEvent;1287;df389a41-d8c1-4961-aa19-0d2a7e8db768;NULL;0.0278;0.0090;0.0273;355.7045;1.7129;0.7372;NULL;-0.4544;-0.0531;2.0000;-0.4544;-0.0531;2.0000;NULL;NULL;0.2532;-1.7596;-0.0408;0.0000;343.4929;0.0000;0.0000;0.0000;0.0000;0.0000;0.0000;0.0000;0;NULL;0.0000;0.0000;0.0000;0.0000;0.0000;0.0000;ControllerBody;NULL;NULL;NULL;NULL;3;2;0;1;0;0;-0.5000;0.0000;2.0000;0.0048;-0.0638;0.4181;359.6341;340.5313;353.8995;0.0010;-0.0629;0.4066;359.1974;340.3983;354.3201;1;NULL;0.0010;-0.0629;0.4066;359.1974;340.3983;354.3201;ControllerBody;NULL;0f90885d-d73a-4634-aebf-923d0351dd7a;NULL;NULL;1;2;NULL;-0.5000;0.0000;2.0000;Exposure;0.8000;2026-04-01 12:34:19.6481;Controllers;NULL;NULL;OpenXR
NULL;Right;NULL;3;Exposure;NULL;NoMitigation;3;2;0;1;0;0;-0.5000;0.0000;2.0000;NULL;Translation;anonymous;NULL;Mole Hit;MoleEvent;1287;df389a41-d8c1-4961-aa19-0d2a7e8db768;NULL;0.0278;0.0090;0.0273;355.7045;1.7129;0.7372;0.0700;-0.4544;-0.0531;2.0000;-0.4544;-0.0531;2.0000;NULL;1;0.2532;-1.7596;-0.0408;0.0000;343.4929;0.0000;0.0000;0.0000;0.0000;0.0000;0.0000;0.0000;0;NULL;0.0000;0.0000;0.0000;0.0000;0.0000;0.0000;ControllerBody;NULL;NULL;NULL;NULL;3;2;0;1;0;0;-0.5000;0.0000;2.0000;0.0048;-0.0638;0.4181;359.6341;340.5313;353.8995;0.0010;-0.0629;0.4066;359.1974;340.3983;354.3201;1;NULL;0.0010;-0.0629;0.4066;359.1974;340.3983;354.3201;ControllerBody;NULL;0f90885d-d73a-4634-aebf-923d0351dd7a;NULL;NULL;1;2;NULL;-0.5000;0.0000;2.0000;Exposure;0.0000;2026-04-01 12:34:19.6496;Controllers;NULL;NULL;OpenXR
NULL;Right;NULL;NULL;Exposure;NULL;NoMitigation;1;0;0;-1;0;0;0.0000;0.0000;2.0000;NULL;Translation;anonymous;NULL;Mole Spawned;MoleEvent;1287;df389a41-d8c1-4961-aa19-0d2a7e8db768;NULL;0.0278;0.0090;0.0273;355.7045;1.7129;0.7372;NULL;NULL;NULL;NULL;NULL;NULL;NULL;NULL;NULL;0.2532;-1.7596;-0.0408;0.0000;343.4929;0.0000;0.0000;0.0000;0.0000;0.0000;0.0000;0.0000;0;NULL;0.0000;0.0000;0.0000;0.0000;0.0000;0.0000;ControllerBody;NULL;NULL;NULL;NULL;1;0;0;-1;0;0;0.0000;0.0000;2.0000;0.0048;-0.0638;0.4181;359.6341;340.5313;353.8995;0.0010;-0.0629;0.4066;359.1974;340.3983;354.3201;1;NULL;0.0010;-0.0629;0.4066;359.1974;340.3983;354.3201;ControllerBody;NULL;0f90885d-d73a-4634-aebf-923d0351dd7a;NULL;NULL;NULL;0;NULL;0.0000;0.0000;2.0000;Exposure;0.0000;2026-04-01 12:34:19.6517;Controllers;NULL;NULL;OpenXR
NULL;Right;NULL;4;Exposure;NULL;NoMitigation;1;0;0;-1;0;0;0.0000;0.0000;2.0000;NULL;Translation;anonymous;NULL;Pointer Shoot;PointerEvent;1358;df389a41-d8c1-4961-aa19-0d2a7e8db768;NULL;0.0284;0.0086;0.0279;355.7085;1.8904;0.6604;NULL;0.1079;-0.0216;2.0000;0.1079;-0.0216;2.0000;NULL;NULL;0.2532;-1.7596;-0.0408;0.0000;343.4929;0.0000;0.0000;0.0000;0.0000;0.0000;0.0000;0.0000;0;NULL;0.0000;0.0000;0.0000;0.0000;0.0000;0.0000;ControllerBody;NULL;NULL;NULL;NULL;1;0;0;-1;0;0;0.0000;0.0000;2.0000;0.0285;-0.0651;0.4311;358.4106;359.2471;0.9312;0.0379;-0.0700;0.4311;359.9097;358.5957;0.0152;1;NULL;0.0379;-0.0700;0.4311;359.9097;358.5957;0.0152;ControllerBody;NULL;0f90885d-d73a-4634-aebf-923d0351dd7a;NULL;NULL;2;0;NULL;0.0000;0.0000;2.0000;Exposure;0.5921;2026-04-01 12:34:20.2402;Controllers;NULL;NULL;OpenXR
NULL;Right;NULL;4;Exposure;NULL;NoMitigation;1;0;0;-1;0;0;0.0000;0.0000;2.0000;NULL;Translation;anonymous;NULL;Mole Missed;PointerEvent;1358;df389a41-d8c1-4961-aa19-0d2a7e8db768;NULL;0.0284;0.0086;0.0279;355.7085;1.8904;0.6604;0.1100;0.1079;-0.0216;2.0000;0.1079;-0.0216;2.0000;NULL;0;0.2532;-1.7596;-0.0408;0.0000;343.4929;0.0000;0.0000;0.0000;0.0000;0.0000;0.0000;0.0000;0;NULL;0.0000;0.0000;0.0000;0.0000;0.0000;0.0000;ControllerBody;NULL;NULL;NULL;NULL;1;0;0;-1;0;0;0.0000;0.0000;2.0000;0.0285;-0.0651;0.4311;358.4106;359.2471;0.9312;0.0379;-0.0700;0.4311;359.9097;358.5957;0.0152;1;NULL;0.0379;-0.0700;0.4311;359.9097;358.5957;0.0152;ControllerBody;NULL;0f90885d-d73a-4634-aebf-923d0351dd7a;NULL;NULL;2;0;NULL;0.0000;0.0000;2.0000;Exposure;0.0000;2026-04-01 12:34:20.2417;Controllers;NULL;NULL;OpenXR
NULL;Right;NULL;5;Exposure;NULL;NoMitigation;1;0;0;-1;0;0;0.0000;0.0000;2.0000;NULL;Translation;anonymous;NULL;Pointer Shoot;PointerEvent;1412;df389a41-d8c1-4961-aa19-0d2a7e8db768;NULL;0.0287;0.0088;0.0275;355.7260;1.9334;0.5317;NULL;-0.0645;-0.0515;2.0000;-0.0645;-0.0515;2.0000;NULL;NULL;0.2532;-1.7596;-0.0408;0.0000;343.4929;0.0000;0.0000;0.0000;0.0000;0.0000;0.0000;0.0000;0;NULL;0.0000;0.0000;0.0000;0.0000;0.0000;0.0000;ControllerBody;NULL;NULL;NULL;NULL;1;0;0;-1;0;0;0.0000;0.0000;2.0000;0.0288;-0.0670;0.4328;359.4368;352.9678;358.4515;0.0240;-0.0663;0.4217;358.6006;353.2626;359.5514;1;NULL;0.0240;-0.0663;0.4217;358.6006;353.2626;359.5514;ControllerBody;NULL;0f90885d-d73a-4634-aebf-923d0351dd7a;NULL;NULL;2;0;NULL;0.0000;0.0000;2.0000;Exposure;0.4495;2026-04-01 12:34:20.6905;Controllers;NULL;NULL;OpenXR
NULL;Right;NULL;5;Exposure;NULL;NoMitigation;1;0;0;-1;0;0;0.0000;0.0000;2.0000;NULL;Translation;anonymous;NULL;Mole Hit;MoleEvent;1412;df389a41-d8c1-4961-aa19-0d2a7e8db768;NULL;0.0287;0.0088;0.0275;355.7260;1.9334;0.5317;0.0826;-0.0645;-0.0515;2.0000;-0.0645;-0.0515;2.0000;NULL;1;0.2532;-1.7596;-0.0408;0.0000;343.4929;0.0000;0.0000;0.0000;0.0000;0.0000;0.0000;0.0000;0;NULL;0.0000;0.0000;0.0000;0.0000;0.0000;0.0000;ControllerBody;NULL;NULL;NULL;NULL;1;0;0;-1;0;0;0.0000;0.0000;2.0000;0.0288;-0.0670;0.4328;359.4368;352.9678;358.4515;0.0240;-0.0663;0.4217;358.6006;353.2626;359.5514;1;NULL;0.0240;-0.0663;0.4217;358.6006;353.2626;359.5514;ControllerBody;NULL;0f90885d-d73a-4634-aebf-923d0351dd7a;NULL;NULL;2;0;NULL;0.0000;0.0000;2.0000;Exposure;0.0000;2026-04-01 12:34:20.6920;Controllers;NULL;NULL;OpenXR
NULL;Right;NULL;NULL;Exposure;NULL;NoMitigation;2;1;0;0;0;0;0.5000;0.0000;2.0000;NULL;Translation;anonymous;NULL;Mole Spawned;MoleEvent;1412;df389a41-d8c1-4961-aa19-0d2a7e8db768;NULL;0.0287;0.0088;0.0275;355.7260;1.9334;0.5317;NULL;NULL;NULL;NULL;NULL;NULL;NULL;NULL;NULL;0.2532;-1.7596;-0.0408;0.0000;343.4929;0.0000;0.0000;0.0000;0.0000;0.0000;0.0000;0.0000;0;NULL;0.0000;0.0000;0.0000;0.0000;0.0000;0.0000;ControllerBody;NULL;NULL;NULL;NULL;2;1;0;0;0;0;0.5000;0.0000;2.0000;0.0288;-0.0670;0.4328;359.4368;352.9678;358.4515;0.0240;-0.0663;0.4217;358.6006;353.2626;359.5514;1;NULL;0.0240;-0.0663;0.4217;358.6006;353.2626;359.5514;ControllerBody;NULL;0f90885d-d73a-4634-aebf-923d0351dd7a;NULL;NULL;NULL;1;NULL;0.5000;0.0000;2.0000;Exposure;0.0000;2026-04-01 12:34:20.6936;Controllers;NULL;NULL;OpenXR
NULL;Right;NULL;6;Exposure;NULL;NoMitigation;2;1;0;0;0;0;0.5000;0.0000;2.0000;NULL;Translation;anonymous;NULL;Pointer Shoot;PointerEvent;1482;df389a41-d8c1-4961-aa19-0d2a7e8db768;NULL;0.0293;0.0086;0.0290;355.8667;2.4479;0.2993;NULL;0.4229;-0.1148;2.0000;0.4229;-0.1148;2.0000;NULL;NULL;0.2532;-1.7596;-0.0408;0.0000;343.4929;0.0000;0.0000;0.0000;0.0000;0.0000;0.0000;0.0000;0;NULL;0.0000;0.0000;0.0000;0.0000;0.0000;0.0000;ControllerBody;NULL;NULL;NULL;NULL;2;1;0;0;0;0;0.5000;0.0000;2.0000;0.0612;-0.0735;0.4474;1.5039;9.5658;1.5261;0.0669;-0.0727;0.4421;0.4946;10.3251;1.9123;1;NULL;0.0669;-0.0727;0.4421;0.4946;10.3251;1.9123;ControllerBody;NULL;0f90885d-d73a-4634-aebf-923d0351dd7a;NULL;NULL;3;1;NULL;0.5000;0.0000;2.0000;Exposure;0.5831;2026-04-01 12:34:21.2737;Controllers;NULL;NULL;OpenXR
NULL;Right;NULL;6;Exposure;NULL;NoMitigation;2;1;0;0;0;0;0.5000;0.0000;2.0000;NULL;Translation;anonymous;NULL;Mole Missed;PointerEvent;1482;df389a41-d8c1-4961-aa19-0d2a7e8db768;NULL;0.0293;0.0086;0.0290;355.8667;2.4479;0.2993;0.1383;0.4229;-0.1148;2.0000;0.4229;-0.1148;2.0000;NULL;0;0.2532;-1.7596;-0.0408;0.0000;343.4929;0.0000;0.0000;0.0000;0.0000;0.0000;0.0000;0.0000;0;NULL;0.0000;0.0000;0.0000;0.0000;0.0000;0.0000;ControllerBody;NULL;NULL;NULL;NULL;2;1;0;0;0;0;0.5000;0.0000;2.0000;0.0612;-0.0735;0.4474;1.5039;9.5658;1.5261;0.0669;-0.0727;0.4421;0.4946;10.3251;1.9123;1;NULL;0.0669;-0.0727;0.4421;0.4946;10.3251;1.9123;ControllerBody;NULL;0f90885d-d73a-4634-aebf-923d0351dd7a;NULL;NULL;3;1;NULL;0.5000;0.0000;2.0000;Exposure;0.0000;2026-04-01 12:34:21.2742;Controllers;NULL;NULL;OpenXR
NULL;Right;NULL;7;Exposure;NULL;NoMitigation;2;1;0;0;0;0;0.5000;0.0000;2.0000;NULL;Translation;anonymous;NULL;Pointer Shoot;PointerEvent;1537;df389a41-d8c1-4961-aa19-0d2a7e8db768;NULL;0.0289;0.0093;0.0288;355.7761;2.6859;0.1320;NULL;0.4336;0.0065;2.0000;0.4336;0.0065;2.0000;NULL;NULL;0.2532;-1.7596;-0.0408;0.0000;343.4929;0.0000;0.0000;0.0000;0.0000;0.0000;0.0000;0.0000;0;NULL;0.0000;0.0000;0.0000;0.0000;0.0000;0.0000;ControllerBody;NULL;NULL;NULL;NULL;2;1;0;0;0;0;0.5000;0.0000;2.0000;0.0647;-0.0692;0.4467;357.2509;9.8199;0.0700;0.0666;-0.0600;0.4353;355.1757;10.1458;0.3597;1;NULL;0.0666;-0.0600;0.4353;355.1757;10.1458;0.3597;ControllerBody;NULL;0f90885d-d73a-4634-aebf-923d0351dd7a;NULL;NULL;3;1;NULL;0.5000;0.0000;2.0000;Exposure;0.4582;2026-04-01 12:34:21.7321;Controllers;NULL;NULL;OpenXR
NULL;Right;NULL;7;Exposure;NULL;NoMitigation;2;1;0;0;0;0;0.5000;0.0000;2.0000;NULL;Translation;anonymous;NULL;Mole Hit;MoleEvent;1537;df389a41-d8c1-4961-aa19-0d2a7e8db768;NULL;0.0289;0.0093;0.0288;355.7761;2.6859;0.1320;0.0668;0.4336;0.0065;2.0000;0.4336;0.0065;2.0000;NULL;1;0.2532;-1.7596;-0.0408;0.0000;343.4929;0.0000;0.0000;0.0000;0.0000;0.0000;0.0000;0.0000;0;NULL;0.0000;0.0000;0.0000;0.0000;0.0000;0.0000;ControllerBody;NULL;NULL;NULL;NULL;2;1;0;0;0;0;0.5000;0.0000;2.0000;0.0647;-0.0692;0.4467;357.2509;9.8199;0.0700;0.0666;-0.0600;0.4353;355.1757;10.1458;0.3597;1;NULL;0.0666;-0.0600;0.4353;355.1757;10.1458;0.3597;ControllerBody;NULL;0f90885d-d73a-4634-aebf-923d0351dd7a;NULL;NULL;3;1;NULL;0.5000;0.0000;2.0000;Exposure;0.0000;2026-04-01 12:34:21.7336;Controllers;NULL;NULL;OpenXR
NULL;Right;NULL;NULL;Exposure;NULL;NoMitigation;1;0;0;-1;0;0;0.0000;0.0000;2.0000;NULL;Translation;anonymous;NULL;Mole Spawned;MoleEvent;1537;df389a41-d8c1-4961-aa19-0d2a7e8db768;NULL;0.0289;0.0093;0.0288;355.7761;2.6859;0.1320;NULL;NULL;NULL;NULL;NULL;NULL;NULL;NULL;NULL;0.2532;-1.7596;-0.0408;0.0000;343.4929;0.0000;0.0000;0.0000;0.0000;0.0000;0.0000;0.0000;0;NULL;0.0000;0.0000;0.0000;0.0000;0.0000;0.0000;ControllerBody;NULL;NULL;NULL;NULL;1;0;0;-1;0;0;0.0000;0.0000;2.0000;0.0647;-0.0692;0.4467;357.2509;9.8199;0.0700;0.0666;-0.0600;0.4353;355.1757;10.1458;0.3597;1;NULL;0.0666;-0.0600;0.4353;355.1757;10.1458;0.3597;ControllerBody;NULL;0f90885d-d73a-4634-aebf-923d0351dd7a;NULL;NULL;NULL;0;NULL;0.0000;0.0000;2.0000;Exposure;0.0000;2026-04-01 12:34:21.7336;Controllers;NULL;NULL;OpenXR
NULL;Right;NULL;8;Exposure;NULL;NoMitigation;1;0;0;-1;0;0;0.0000;0.0000;2.0000;NULL;Translation;anonymous;NULL;Pointer Shoot;PointerEvent;1611;df389a41-d8c1-4961-aa19-0d2a7e8db768;NULL;0.0291;0.0091;0.0275;355.5715;2.7404;-0.0001;NULL;-0.0496;-0.0241;2.0000;-0.0496;-0.0241;2.0000;NULL;NULL;0.2532;-1.7596;-0.0408;0.0000;343.4929;0.0000;0.0000;0.0000;0.0000;0.0000;0.0000;0.0000;0;NULL;0.0000;0.0000;0.0000;0.0000;0.0000;0.0000;ControllerBody;NULL;NULL;NULL;NULL;1;0;0;-1;0;0;0.0000;0.0000;2.0000;0.0356;-0.0641;0.4348;358.5482;353.2493;355.2358;0.0305;-0.0625;0.4242;357.9639;353.1771;355.1643;1;NULL;0.0305;-0.0625;0.4242;357.9639;353.1771;355.1643;ControllerBody;NULL;0f90885d-d73a-4634-aebf-923d0351dd7a;NULL;NULL;4;0;NULL;0.0000;0.0000;2.0000;Exposure;0.6164;2026-04-01 12:34:22.3483;Controllers;NULL;NULL;OpenXR
NULL;Right;NULL;8;Exposure;NULL;NoMitigation;1;0;0;-1;0;0;0.0000;0.0000;2.0000;NULL;Translation;anonymous;NULL;Mole Hit;MoleEvent;1611;df389a41-d8c1-4961-aa19-0d2a7e8db768;NULL;0.0291;0.0091;0.0275;355.5715;2.7404;-0.0001;0.0552;-0.0496;-0.0241;2.0000;-0.0496;-0.0241;2.0000;NULL;1;0.2532;-1.7596;-0.0408;0.0000;343.4929;0.0000;0.0000;0.0000;0.0000;0.0000;0.0000;0.0000;0;NULL;0.0000;0.0000;0.0000;0.0000;0.0000;0.0000;ControllerBody;NULL;NULL;NULL;NULL;1;0;0;-1;0;0;0.0000;0.0000;2.0000;0.0356;-0.0641;0.4348;358.5482;353.2493;355.2358;0.0305;-0.0625;0.4242;357.9639;353.1771;355.1643;1;NULL;0.0305;-0.0625;0.4242;357.9639;353.1771;355.1643;ControllerBody;NULL;0f90885d-d73a-4634-aebf-923d0351dd7a;NULL;NULL;4;0;NULL;0.0000;0.0000;2.0000;Exposure;0.0000;2026-04-01 12:34:22.3493;Controllers;NULL;NULL;OpenXR
NULL;Right;NULL;NULL;Exposure;NULL;NoMitigation;2;1;0;0;0;0;0.5000;0.0000;2.0000;NULL;Translation;anonymous;NULL;Mole Spawned;MoleEvent;1611;df389a41-d8c1-4961-aa19-0d2a7e8db768;NULL;0.0291;0.0091;0.0275;355.5715;2.7404;-0.0001;NULL;NULL;NULL;NULL;NULL;NULL;NULL;NULL;NULL;0.2532;-1.7596;-0.0408;0.0000;343.4929;0.0000;0.0000;0.0000;0.0000;0.0000;0.0000;0.0000;0;NULL;0.0000;0.0000;0.0000;0.0000;0.0000;0.0000;ControllerBody;NULL;NULL;NULL;NULL;2;1;0;0;0;0;0.5000;0.0000;2.0000;0.0356;-0.0641;0.4348;358.5482;353.2493;355.2358;0.0305;-0.0625;0.4242;357.9639;353.1771;355.1643;1;NULL;0.0305;-0.0625;0.4242;357.9639;353.1771;355.1643;ControllerBody;NULL;0f90885d-d73a-4634-aebf-923d0351dd7a;NULL;NULL;NULL;1;NULL;0.5000;0.0000;2.0000;Exposure;0.0000;2026-04-01 12:34:22.3498;Controllers;NULL;NULL;OpenXR
NULL;Right;NULL;9;Exposure;NULL;NoMitigation;2;1;0;0;0;0;0.5000;0.0000;2.0000;NULL;Translation;anonymous;NULL;Pointer Shoot;PointerEvent;1689;df389a41-d8c1-4961-aa19-0d2a7e8db768;NULL;0.0306;0.0077;0.0286;355.9651;2.9793;359.8411;NULL;0.4876;0.0138;2.0000;0.4876;0.0138;2.0000;NULL;NULL;0.2532;-1.7596;-0.0408;0.0000;343.4929;0.0000;0.0000;0.0000;0.0000;0.0000;0.0000;0.0000;0;NULL;0.0000;0.0000;0.0000;0.0000;0.0000;0.0000;ControllerBody;NULL;NULL;NULL;NULL;2;1;0;0;0;0;0.5000;0.0000;2.0000;0.0673;-0.0631;0.4441;357.2263;11.6352;0.2430;0.0700;-0.0639;0.4385;357.3213;10.7930;359.8910;1;NULL;0.0700;-0.0639;0.4385;357.3213;10.7930;359.8910;ControllerBody;NULL;0f90885d-d73a-4634-aebf-923d0351dd7a;NULL;NULL;5;1;NULL;0.5000;0.0000;2.0000;Exposure;0.6499;2026-04-01 12:34:22.9978;Controllers;NULL;NULL;OpenXR
NULL;Right;NULL;9;Exposure;NULL;NoMitigation;2;1;0;0;0;0;0.5000;0.0000;2.0000;NULL;Translation;anonymous;NULL;Mole Hit;MoleEvent;1689;df389a41-d8c1-4961-aa19-0d2a7e8db768;NULL;0.0306;0.0077;0.0286;355.9651;2.9793;359.8411;0.0185;0.4876;0.0138;2.0000;0.4876;0.0138;2.0000;NULL;1;0.2532;-1.7596;-0.0408;0.0000;343.4929;0.0000;0.0000;0.0000;0.0000;0.0000;0.0000;0.0000;0;NULL;0.0000;0.0000;0.0000;0.0000;0.0000;0.0000;ControllerBody;NULL;NULL;NULL;NULL;2;1;0;0;0;0;0.5000;0.0000;2.0000;0.0673;-0.0631;0.4441;357.2263;11.6352;0.2430;0.0700;-0.0639;0.4385;357.3213;10.7930;359.8910;1;NULL;0.0700;-0.0639;0.4385;357.3213;10.7930;359.8910;ControllerBody;NULL;0f90885d-d73a-4634-aebf-923d0351dd7a;NULL;NULL;5;1;NULL;0.5000;0.0000;2.0000;Exposure;0.0000;2026-04-01 12:34:22.9994;Controllers;NULL;NULL;OpenXR
NULL;Right;NULL;NULL;Exposure;NULL;NoMitigation;1;0;0;-1;0;0;0.0000;0.0000;2.0000;NULL;Translation;anonymous;NULL;Mole Spawned;MoleEvent;1689;df389a41-d8c1-4961-aa19-0d2a7e8db768;NULL;0.0306;0.0077;0.0286;355.9651;2.9793;359.8411;NULL;NULL;NULL;NULL;NULL;NULL;NULL;NULL;NULL;0.2532;-1.7596;-0.0408;0.0000;343.4929;0.0000;0.0000;0.0000;0.0000;0.0000;0.0000;0.0000;0;NULL;0.0000;0.0000;0.0000;0.0000;0.0000;0.0000;ControllerBody;NULL;NULL;NULL;NULL;1;0;0;-1;0;0;0.0000;0.0000;2.0000;0.0673;-0.0631;0.4441;357.2263;11.6352;0.2430;0.0700;-0.0639;0.4385;357.3213;10.7930;359.8910;1;NULL;0.0700;-0.0639;0.4385;357.3213;10.7930;359.8910;ControllerBody;NULL;0f90885d-d73a-4634-aebf-923d0351dd7a;NULL;NULL;NULL;0;NULL;0.0000;0.0000;2.0000;Exposure;0.0000;2026-04-01 12:34:23.0009;Controllers;NULL;NULL;OpenXR
NULL;Right;NULL;10;Exposure;NULL;NoMitigation;1;0;0;-1;0;0;0.0000;0.0000;2.0000;NULL;Translation;anonymous;NULL;Pointer Shoot;PointerEvent;1760;df389a41-d8c1-4961-aa19-0d2a7e8db768;NULL;0.0302;0.0080;0.0272;355.6204;2.9641;359.8188;NULL;-0.0387;0.0155;2.0000;-0.0387;0.0155;2.0000;NULL;NULL;0.2532;-1.7596;-0.0408;0.0000;343.4929;0.0000;0.0000;0.0000;0.0000;0.0000;0.0000;0.0000;0;NULL;0.0000;0.0000;0.0000;0.0000;0.0000;0.0000;ControllerBody;NULL;NULL;NULL;NULL;1;0;0;-1;0;0;0.0000;0.0000;2.0000;0.0348;-0.0606;0.4329;357.2377;353.6830;356.2517;0.0335;-0.0597;0.4240;356.4087;355.4992;356.9625;1;NULL;0.0335;-0.0597;0.4240;356.4087;355.4992;356.9625;ControllerBody;NULL;0f90885d-d73a-4634-aebf-923d0351dd7a;NULL;NULL;6;0;NULL;0.0000;0.0000;2.0000;Exposure;0.5917;2026-04-01 12:34:23.5893;Controllers;NULL;NULL;OpenXR
NULL;Right;NULL;10;Exposure;NULL;NoMitigation;1;0;0;-1;0;0;0.0000;0.0000;2.0000;NULL;Translation;anonymous;NULL;Mole Hit;MoleEvent;1760;df389a41-d8c1-4961-aa19-0d2a7e8db768;NULL;0.0302;0.0080;0.0272;355.6204;2.9641;359.8188;0.0417;-0.0387;0.0155;2.0000;-0.0387;0.0155;2.0000;NULL;1;0.2532;-1.7596;-0.0408;0.0000;343.4929;0.0000;0.0000;0.0000;0.0000;0.0000;0.0000;0.0000;0;NULL;0.0000;0.0000;0.0000;0.0000;0.0000;0.0000;ControllerBody;NULL;NULL;NULL;NULL;1;0;0;-1;0;0;0.0000;0.0000;2.0000;0.0348;-0.0606;0.4329;357.2377;353.6830;356.2517;0.0335;-0.0597;0.4240;356.4087;355.4992;356.9625;1;NULL;0.0335;-0.0597;0.4240;356.4087;355.4992;356.9625;ControllerBody;NULL;0f90885d-d73a-4634-aebf-923d0351dd7a;NULL;NULL;6;0;NULL;0.0000;0.0000;2.0000;Exposure;0.0000;2026-04-01 12:34:23.5908;Controllers;NULL;NULL;OpenXR
NULL;Right;NULL;NULL;Exposure;NULL;NoMitigation;2;1;0;0;0;0;0.5000;0.0000;2.0000;NULL;Translation;anonymous;NULL;Mole Spawned;MoleEvent;1760;df389a41-d8c1-4961-aa19-0d2a7e8db768;NULL;0.0302;0.0080;0.0272;355.6204;2.9641;359.8188;NULL;NULL;NULL;NULL;NULL;NULL;NULL;NULL;NULL;0.2532;-1.7596;-0.0408;0.0000;343.4929;0.0000;0.0000;0.0000;0.0000;0.0000;0.0000;0.0000;0;NULL;0.0000;0.0000;0.0000;0.0000;0.0000;0.0000;ControllerBody;NULL;NULL;NULL;NULL;2;1;0;0;0;0;0.5000;0.0000;2.0000;0.0348;-0.0606;0.4329;357.2377;353.6830;356.2517;0.0335;-0.0597;0.4240;356.4087;355.4992;356.9625;1;NULL;0.0335;-0.0597;0.4240;356.4087;355.4992;356.9625;ControllerBody;NULL;0f90885d-d73a-4634-aebf-923d0351dd7a;NULL;NULL;NULL;1;NULL;0.5000;0.0000;2.0000;Exposure;0.0000;2026-04-01 12:34:23.5923;Controllers;NULL;NULL;OpenXR
NULL;Right;NULL;11;Exposure;NULL;NoMitigation;2;1;0;0;0;0;0.5000;0.0000;2.0000;NULL;Translation;anonymous;NULL;Pointer Shoot;PointerEvent;1821;df389a41-d8c1-4961-aa19-0d2a7e8db768;NULL;0.0310;0.0078;0.0284;355.7848;3.3005;359.6741;NULL;0.5005;-0.0014;2.0000;0.5005;-0.0014;2.0000;NULL;NULL;0.2532;-1.7596;-0.0408;0.0000;343.4929;0.0000;0.0000;0.0000;0.0000;0.0000;0.0000;0.0000;0;NULL;0.0000;0.0000;0.0000;0.0000;0.0000;0.0000;ControllerBody;NULL;NULL;NULL;NULL;2;1;0;0;0;0;0.5000;0.0000;2.0000;0.0657;-0.0639;0.4440;357.7515;12.1415;1.0486;0.0734;-0.0675;0.4419;359.0767;11.9239;0.3481;1;NULL;0.0734;-0.0675;0.4419;359.0767;11.9239;0.3481;ControllerBody;NULL;0f90885d-d73a-4634-aebf-923d0351dd7a;NULL;NULL;7;1;NULL;0.5000;0.0000;2.0000;Exposure;0.5082;2026-04-01 12:34:24.0981;Controllers;NULL;NULL;OpenXR
NULL;Right;NULL;11;Exposure;NULL;NoMitigation;2;1;0;0;0;0;0.5000;0.0000;2.0000;NULL;Translation;anonymous;NULL;Mole Hit;MoleEvent;1821;df389a41-d8c1-4961-aa19-0d2a7e8db768;NULL;0.0310;0.0078;0.0284;355.7848;3.3005;359.6741;0.0015;0.5005;-0.0014;2.0000;0.5005;-0.0014;2.0000;NULL;1;0.2532;-1.7596;-0.0408;0.0000;343.4929;0.0000;0.0000;0.0000;0.0000;0.0000;0.0000;0.0000;0;NULL;0.0000;0.0000;0.0000;0.0000;0.0000;0.0000;ControllerBody;NULL;NULL;NULL;NULL;2;1;0;0;0;0;0.5000;0.0000;2.0000;0.0657;-0.0639;0.4440;357.7515;12.1415;1.0486;0.0734;-0.0675;0.4419;359.0767;11.9239;0.3481;1;NULL;0.0734;-0.0675;0.4419;359.0767;11.9239;0.3481;ControllerBody;NULL;0f90885d-d73a-4634-aebf-923d0351dd7a;NULL;NULL;7;1;NULL;0.5000;0.0000;2.0000;Exposure;0.0000;2026-04-01 12:34:24.0996;Controllers;NULL;NULL;OpenXR
NULL;Right;NULL;NULL;Exposure;NULL;NoMitigation;1;0;0;-1;0;0;0.0000;0.0000;2.0000;NULL;Translation;anonymous;NULL;Mole Spawned;MoleEvent;1821;df389a41-d8c1-4961-aa19-0d2a7e8db768;NULL;0.0310;0.0078;0.0284;355.7848;3.3005;359.6741;NULL;NULL;NULL;NULL;NULL;NULL;NULL;NULL;NULL;0.2532;-1.7596;-0.0408;0.0000;343.4929;0.0000;0.0000;0.0000;0.0000;0.0000;0.0000;0.0000;0;NULL;0.0000;0.0000;0.0000;0.0000;0.0000;0.0000;ControllerBody;NULL;NULL;NULL;NULL;1;0;0;-1;0;0;0.0000;0.0000;2.0000;0.0657;-0.0639;0.4440;357.7515;12.1415;1.0486;0.0734;-0.0675;0.4419;359.0767;11.9239;0.3481;1;NULL;0.0734;-0.0675;0.4419;359.0767;11.9239;0.3481;ControllerBody;NULL;0f90885d-d73a-4634-aebf-923d0351dd7a;NULL;NULL;NULL;0;NULL;0.0000;0.0000;2.0000;Exposure;0.0000;2026-04-01 12:34:24.1011;Controllers;NULL;NULL;OpenXR
NULL;Right;NULL;12;Exposure;NULL;NoMitigation;1;0;0;-1;0;0;0.0000;0.0000;2.0000;NULL;Translation;anonymous;NULL;Pointer Shoot;PointerEvent;1911;df389a41-d8c1-4961-aa19-0d2a7e8db768;NULL;0.0308;0.0073;0.0269;355.7465;3.4379;359.6579;NULL;-0.0554;-0.0921;2.0000;-0.0554;-0.0921;2.0000;NULL;NULL;0.2532;-1.7596;-0.0408;0.0000;343.4929;0.0000;0.0000;0.0000;0.0000;0.0000;0.0000;0.0000;0;NULL;0.0000;0.0000;0.0000;0.0000;0.0000;0.0000;ControllerBody;NULL;NULL;NULL;NULL;1;0;0;-1;0;0;0.0000;0.0000;2.0000;0.0418;-0.0635;0.4384;1.0395;352.8026;351.6463;0.0341;-0.0630;0.4277;0.9525;352.2574;351.7732;1;NULL;0.0341;-0.0630;0.4277;0.9525;352.2574;351.7732;ControllerBody;NULL;0f90885d-d73a-4634-aebf-923d0351dd7a;NULL;NULL;8;0;NULL;0.0000;0.0000;2.0000;Exposure;0.7499;2026-04-01 12:34:24.8476;Controllers;NULL;NULL;OpenXR
NULL;Right;NULL;12;Exposure;NULL;NoMitigation;1;0;0;-1;0;0;0.0000;0.0000;2.0000;NULL;Translation;anonymous;NULL;Mole Missed;PointerEvent;1911;df389a41-d8c1-4961-aa19-0d2a7e8db768;NULL;0.0308;0.0073;0.0269;355.7465;3.4379;359.6579;0.1075;-0.0554;-0.0921;2.0000;-0.0554;-0.0921;2.0000;NULL;0;0.2532;-1.7596;-0.0408;0.0000;343.4929;0.0000;0.0000;0.0000;0.0000;0.0000;0.0000;0.0000;0;NULL;0.0000;0.0000;0.0000;0.0000;0.0000;0.0000;ControllerBody;NULL;NULL;NULL;NULL;1;0;0;-1;0;0;0.0000;0.0000;2.0000;0.0418;-0.0635;0.4384;1.0395;352.8026;351.6463;0.0341;-0.0630;0.4277;0.9525;352.2574;351.7732;1;NULL;0.0341;-0.0630;0.4277;0.9525;352.2574;351.7732;ControllerBody;NULL;0f90885d-d73a-4634-aebf-923d0351dd7a;NULL;NULL;8;0;NULL;0.0000;0.0000;2.0000;Exposure;0.0000;2026-04-01 12:34:24.8491;Controllers;NULL;NULL;OpenXR
NULL;Right;NULL;13;Exposure;NULL;NoMitigation;1;0;0;-1;0;0;0.0000;0.0000;2.0000;NULL;Translation;anonymous;NULL;Pointer Shoot;PointerEvent;1970;df389a41-d8c1-4961-aa19-0d2a7e8db768;NULL;0.0307;0.0075;0.0261;355.7701;3.5581;359.4487;NULL;0.0139;0.0147;2.0000;0.0139;0.0147;2.0000;NULL;NULL;0.2532;-1.7596;-0.0408;0.0000;343.4929;0.0000;0.0000;0.0000;0.0000;0.0000;0.0000;0.0000;0;NULL;0.0000;0.0000;0.0000;0.0000;0.0000;0.0000;ControllerBody;NULL;NULL;NULL;NULL;1;0;0;-1;0;0;0.0000;0.0000;2.0000;0.0388;-0.0602;0.4353;357.2708;355.4344;353.6410;0.0396;-0.0551;0.4240;356.2449;356.3836;354.0782;1;NULL;0.0396;-0.0551;0.4240;356.2449;356.3836;354.0782;ControllerBody;NULL;0f90885d-d73a-4634-aebf-923d0351dd7a;NULL;NULL;8;0;NULL;0.0000;0.0000;2.0000;Exposure;0.4913;2026-04-01 12:34:25.3394;Controllers;NULL;NULL;OpenXR
NULL;Right;NULL;13;Exposure;NULL;NoMitigation;1;0;0;-1;0;0;0.0000;0.0000;2.0000;NULL;Translation;anonymous;NULL;Mole Hit;MoleEvent;1970;df389a41-d8c1-4961-aa19-0d2a7e8db768;NULL;0.0307;0.0075;0.0261;355.7701;3.5581;359.4487;0.0202;0.0139;0.0147;2.0000;0.0139;0.0147;2.0000;NULL;1;0.2532;-1.7596;-0.0408;0.0000;343.4929;0.0000;0.0000;0.0000;0.0000;0.0000;0.0000;0.0000;0;NULL;0.0000;0.0000;0.0000;0.0000;0.0000;0.0000;ControllerBody;NULL;NULL;NULL;NULL;1;0;0;-1;0;0;0.0000;0.0000;2.0000;0.0388;-0.0602;0.4353;357.2708;355.4344;353.6410;0.0396;-0.0551;0.4240;356.2449;356.3836;354.0782;1;NULL;0.0396;-0.0551;0.4240;356.2449;356.3836;354.0782;ControllerBody;NULL;0f90885d-d73a-4634-aebf-923d0351dd7a;NULL;NULL;8;0;NULL;0.0000;0.0000;2.0000;Exposure;0.0000;2026-04-01 12:34:25.3410;Controllers;NULL;NULL;OpenXR
NULL;Right;NULL;NULL;Exposure;NULL;NoMitigation;3;2;0;1;0;0;-0.5000;0.0000;2.0000;NULL;Translation;anonymous;NULL;Mole Spawned;MoleEvent;1970;df389a41-d8c1-4961-aa19-0d2a7e8db768;NULL;0.0307;0.0075;0.0261;355.7701;3.5581;359.4487;NULL;NULL;NULL;NULL;NULL;NULL;NULL;NULL;NULL;0.2532;-1.7596;-0.0408;0.0000;343.4929;0.0000;0.0000;0.0000;0.0000;0.0000;0.0000;0.0000;0;NULL;0.0000;0.0000;0.0000;0.0000;0.0000;0.0000;ControllerBody;NULL;NULL;NULL;NULL;3;2;0;1;0;0;-0.5000;0.0000;2.0000;0.0388;-0.0602;0.4353;357.2708;355.4344;353.6410;0.0396;-0.0551;0.4240;356.2449;356.3836;354.0782;1;NULL;0.0396;-0.0551;0.4240;356.2449;356.3836;354.0782;ControllerBody;NULL;0f90885d-d73a-4634-aebf-923d0351dd7a;NULL;NULL;NULL;2;NULL;-0.5000;0.0000;2.0000;Exposure;0.0000;2026-04-01 12:34:25.3425;Controllers;NULL;NULL;OpenXR
NULL;Right;NULL;14;Exposure;NULL;NoMitigation;3;2;0;1;0;0;-0.5000;0.0000;2.0000;NULL;Translation;anonymous;NULL;Pointer Shoot;PointerEvent;2038;df389a41-d8c1-4961-aa19-0d2a7e8db768;NULL;0.0310;0.0080;0.0262;355.5938;3.6302;359.1561;NULL;-0.3981;0.0052;2.0000;-0.3981;0.0052;2.0000;NULL;NULL;0.2532;-1.7596;-0.0408;0.0000;343.4929;0.0000;0.0000;0.0000;0.0000;0.0000;0.0000;0.0000;0;NULL;0.0000;0.0000;0.0000;0.0000;0.0000;0.0000;ControllerBody;NULL;NULL;NULL;NULL;3;2;0;1;0;0;-0.5000;0.0000;2.0000;0.0138;-0.0571;0.4207;357.8518;342.0424;353.5186;0.0068;-0.0574;0.4081;357.4641;341.5190;354.2083;1;NULL;0.0068;-0.0574;0.4081;357.4641;341.5190;354.2083;ControllerBody;NULL;0f90885d-d73a-4634-aebf-923d0351dd7a;NULL;NULL;9;2;NULL;-0.5000;0.0000;2.0000;Exposure;0.5664;2026-04-01 12:34:25.9055;Controllers;NULL;NULL;OpenXR
NULL;Right;NULL;14;Exposure;NULL;NoMitigation;3;2;0;1;0;0;-0.5000;0.0000;2.0000;NULL;Translation;anonymous;NULL;Mole Missed;PointerEvent;2038;df389a41-d8c1-4961-aa19-0d2a7e8db768;NULL;0.0310;0.0080;0.0262;355.5938;3.6302;359.1561;0.1021;-0.3981;0.0052;2.0000;-0.3981;0.0052;2.0000;NULL;0;0.2532;-1.7596;-0.0408;0.0000;343.4929;0.0000;0.0000;0.0000;0.0000;0.0000;0.0000;0.0000;0;NULL;0.0000;0.0000;0.0000;0.0000;0.0000;0.0000;ControllerBody;NULL;NULL;NULL;NULL;3;2;0;1;0;0;-0.5000;0.0000;2.0000;0.0138;-0.0571;0.4207;357.8518;342.0424;353.5186;0.0068;-0.0574;0.4081;357.4641;341.5190;354.2083;1;NULL;0.0068;-0.0574;0.4081;357.4641;341.5190;354.2083;ControllerBody;NULL;0f90885d-d73a-4634-aebf-923d0351dd7a;NULL;NULL;9;2;NULL;-0.5000;0.0000;2.0000;Exposure;0.0000;2026-04-01 12:34:25.9066;Controllers;NULL;NULL;OpenXR
NULL;Right;NULL;15;Exposure;NULL;NoMitigation;3;2;0;1;0;0;-0.5000;0.0000;2.0000;NULL;Translation;anonymous;NULL;Pointer Shoot;PointerEvent;2094;df389a41-d8c1-4961-aa19-0d2a7e8db768;NULL;0.0311;0.0080;0.0265;355.6551;3.7715;359.1449;NULL;-0.4864;0.0002;2.0000;-0.4864;0.0002;2.0000;NULL;NULL;0.2532;-1.7596;-0.0408;0.0000;343.4929;0.0000;0.0000;0.0000;0.0000;0.0000;0.0000;0.0000;0;NULL;0.0000;0.0000;0.0000;0.0000;0.0000;0.0000;ControllerBody;NULL;NULL;NULL;NULL;3;2;0;1;0;0;-0.5000;0.0000;2.0000;0.0062;-0.0576;0.4159;358.0434;339.4901;353.2636;0.0013;-0.0584;0.4033;357.8725;338.4818;353.6579;1;NULL;0.0013;-0.0584;0.4033;357.8725;338.4818;353.6579;ControllerBody;NULL;0f90885d-d73a-4634-aebf-923d0351dd7a;NULL;NULL;9;2;NULL;-0.5000;0.0000;2.0000;Exposure;0.4665;2026-04-01 12:34:26.3723;Controllers;NULL;NULL;OpenXR
NULL;Right;NULL;15;Exposure;NULL;NoMitigation;3;2;0;1;0;0;-0.5000;0.0000;2.0000;NULL;Translation;anonymous;NULL;Mole Hit;MoleEvent;2094;df389a41-d8c1-4961-aa19-0d2a7e8db768;NULL;0.0311;0.0080;0.0265;355.6551;3.7715;359.1449;0.0137;-0.4864;0.0002;2.0000;-0.4864;0.0002;2.0000;NULL;1;0.2532;-1.7596;-0.0408;0.0000;343.4929;0.0000;0.0000;0.0000;0.0000;0.0000;0.0000;0.0000;0;NULL;0.0000;0.0000;0.0000;0.0000;0.0000;0.0000;ControllerBody;NULL;NULL;NULL;NULL;3;2;0;1;0;0;-0.5000;0.0000;2.0000;0.0062;-0.0576;0.4159;358.0434;339.4901;353.2636;0.0013;-0.0584;0.4033;357.8725;338.4818;353.6579;1;NULL;0.0013;-0.0584;0.4033;357.8725;338.4818;353.6579;ControllerBody;NULL;0f90885d-d73a-4634-aebf-923d0351dd7a;NULL;NULL;9;2;NULL;-0.5000;0.0000;2.0000;Exposure;0.0000;2026-04-01 12:34:26.3728;Controllers;NULL;NULL;OpenXR
NULL;Right;NULL;NULL;Exposure;NULL;NoMitigation;1;0;0;-1;0;0;0.0000;0.0000;2.0000;NULL;Translation;anonymous;NULL;Mole Spawned;MoleEvent;2094;df389a41-d8c1-4961-aa19-0d2a7e8db768;NULL;0.0311;0.0080;0.0265;355.6551;3.7715;359.1449;NULL;NULL;NULL;NULL;NULL;NULL;NULL;NULL;NULL;0.2532;-1.7596;-0.0408;0.0000;343.4929;0.0000;0.0000;0.0000;0.0000;0.0000;0.0000;0.0000;0;NULL;0.0000;0.0000;0.0000;0.0000;0.0000;0.0000;ControllerBody;NULL;NULL;NULL;NULL;1;0;0;-1;0;0;0.0000;0.0000;2.0000;0.0062;-0.0576;0.4159;358.0434;339.4901;353.2636;0.0013;-0.0584;0.4033;357.8725;338.4818;353.6579;1;NULL;0.0013;-0.0584;0.4033;357.8725;338.4818;353.6579;ControllerBody;NULL;0f90885d-d73a-4634-aebf-923d0351dd7a;NULL;NULL;NULL;0;NULL;0.0000;0.0000;2.0000;Exposure;0.0000;2026-04-01 12:34:26.3744;Controllers;NULL;NULL;OpenXR
NULL;Right;NULL;NULL;Aborted;NULL;NoMitigation;NULL;NULL;NULL;NULL;NULL;NULL;NULL;NULL;NULL;NULL;Translation;anonymous;NULL;Game Finished;GameEvent;2501;df389a41-d8c1-4961-aa19-0d2a7e8db768;NULL;0.0037;-0.0058;0.0170;353.6430;1.8856;359.1359;NULL;NULL;NULL;NULL;NULL;NULL;NULL;NULL;NULL;0.2532;-1.7596;-0.0408;0.0000;343.4929;0.0000;0.0000;0.0000;0.0000;0.0000;0.0000;0.0000;0;NULL;0.0000;0.0000;0.0000;0.0000;0.0000;0.0000;ControllerBody;NULL;NULL;NULL;NULL;NULL;NULL;NULL;NULL;NULL;NULL;NULL;NULL;NULL;0.1230;-0.2331;0.2569;45.7078;31.1472;164.8307;0.1199;-0.2282;0.2539;45.5928;31.1503;164.7208;0;NULL;0.1199;-0.2282;0.2539;45.5928;31.1503;164.7208;ControllerBody;NULL;0f90885d-d73a-4634-aebf-923d0351dd7a;NULL;NULL;NULL;NULL;NULL;NULL;NULL;NULL;Exposure;3.5077;2026-04-01 12:34:29.9134;Controllers;NULL;NULL;OpenXR
NULL;Right;NULL;NULL;Aborted;NULL;NoMitigation;NULL;NULL;NULL;NULL;NULL;NULL;NULL;NULL;NULL;NULL;Translation;anonymous;NULL;Experiment Aborted;GameEvent;2501;df389a41-d8c1-4961-aa19-0d2a7e8db768;NULL;0.0037;-0.0058;0.0170;353.6430;1.8856;359.1359;NULL;NULL;NULL;NULL;NULL;NULL;NULL;NULL;NULL;0.2532;-1.7596;-0.0408;0.0000;343.4929;0.0000;0.0000;0.0000;0.0000;0.0000;0.0000;0.0000;0;NULL;0.0000;0.0000;0.0000;0.0000;0.0000;0.0000;ControllerBody;NULL;NULL;NULL;NULL;NULL;NULL;NULL;NULL;NULL;NULL;NULL;NULL;NULL;0.1230;-0.2331;0.2569;45.7078;31.1472;164.8307;0.1199;-0.2282;0.2539;45.5928;31.1503;164.7208;0;NULL;0.1199;-0.2282;0.2539;45.5928;31.1503;164.7208;ControllerBody;NULL;0f90885d-d73a-4634-aebf-923d0351dd7a;NULL;NULL;NULL;NULL;NULL;NULL;NULL;NULL;Exposure;0.0000;2026-04-01 12:34:29.9134;Controllers;NULL;NULL;OpenXR
