Raw EMG - Pod01,Raw EMG - Pod02,Raw EMG - Pod03,Raw EMG - Pod04,Raw EMG - Pod05,Raw EMG - Pod06,Raw EMG - Pod07,Raw EMG - Pod08,Timestamp,activeCube Cube
0,-1,-2,-1,-3,-1,-1,-1,2025-02-24 12:22:54.626
-1,0,-1,0,0,-2,0,-2,2025-02-24 12:22:54.634
-1,0,-1,0,0,-2,0,-2,2025-02-24 12:22:54.639
-1,0,-1,0,0,-2,0,-2,2025-02-24 12:22:54.647
-1,-1,-1,-2,-6,-1,-2,-1,2025-02-24 12:22:54.658
-2,-2,-1,-1,-8,-1,-2,-1,2025-02-24 12:22:54.670
-2,-2,-1,-1,-8,-1,-2,-1,2025-02-24 12:22:54.681
-1,0,-1,-1,-16,-1,1,0,2025-02-24 12:22:54.693
-1,-1,0,1,-38,-1,0,-2,2025-02-24 12:22:54.704
-1,0,-1,-3,-29,-2,-2,-1,2025-02-24 12:22:54.718
-1,0,-2,0,-14,-1,0,-1,2025-02-24 12:22:54.728
2,-1,-1,-2,-8,-2,0,-2,2025-02-24 12:22:54.737
2,-1,-1,-2,-8,-2,0,-2,2025-02-24 12:22:54.748
-1,-3,0,0,-2,0,-2,-1,2025-02-24 12:22:54.760
0,-2,-1,0,-4,-1,-2,0,2025-02-24 12:22:54.770
-2,-2,-2,-2,-4,-1,-2,0,2025-02-24 12:22:54.782
-1,-2,0,-1,-5,0,-1,-1,2025-02-24 12:22:54.793
-1,-1,-1,0,-4,0,-1,0,2025-02-24 12:22:54.804
0,-1,-1,-2,-1,-1,-1,0,2025-02-24 12:22:54.986
-10,-14,-46,-4,-2,-1,0,-3,2025-02-24 12:22:54.993
-10,-14,-46,-4,-2,-1,0,-3,2025-02-24 12:22:55.001
1,1,8,-6,-5,-3,-2,-1,2025-02-24 12:22:55.007
0,1,-6,-2,1,-1,-1,-2,2025-02-24 12:22:55.017
-9,-4,10,-3,-4,-3,-3,-3,2025-02-24 12:22:55.027
-3,-14,-3,-3,1,0,-1,-2,2025-02-24 12:22:55.039
8,6,7,-6,-4,-2,-2,2,2025-02-24 12:22:55.050
-1,0,-3,-1,-20,-2,-1,0,2025-02-24 12:22:55.062
3,12,12,7,-58,-3,0,0,2025-02-24 12:22:55.073
2,-9,5,2,1,-1,-3,-1,2025-02-24 12:22:55.083
2,-9,5,2,1,-1,-3,-1,2025-02-24 12:22:55.094
0,0,2,7,-6,-3,-2,0,2025-02-24 12:22:55.105
0,0,2,7,-6,-3,-2,0,2025-02-24 12:22:55.117
1,-1,-6,-3,-32,-1,0,-1,2025-02-24 12:22:55.128
1,3,-1,1,-24,-1,1,0,2025-02-24 12:22:55.139
-5,0,3,-2,-12,1,-1,-1,2025-02-24 12:22:55.150
-5,0,3,-2,-12,1,-1,-1,2025-02-24 12:22:55.161
-5,0,3,-2,-12,1,-1,-1,2025-02-24 12:22:55.173
-3,-1,-4,-3,-3,-3,-2,-3,2025-02-24 12:22:55.184
-3,-1,-4,-3,-3,-3,-2,-3,2025-02-24 12:22:55.195
3,1,-6,-1,-1,0,-2,0,2025-02-24 12:22:55.206
3,1,-6,-1,-1,0,-2,0,2025-02-24 12:22:55.217
0,1,1,0,-4,-1,-1,-3,2025-02-24 12:22:55.229
4,1,0,5,-2,1,-2,0,2025-02-24 12:22:55.240
-1,5,2,-4,-6,-3,-1,0,2025-02-24 12:22:55.251
-1,5,2,-4,-6,-3,-1,0,2025-02-24 12:22:55.262
2,-2,-6,0,-85,-1,-1,-4,2025-02-24 12:22:55.274
0,3,-2,-3,-36,-3,-2,-1,2025-02-24 12:22:55.285
-4,-5,-6,-1,-14,0,-2,-1,2025-02-24 12:22:55.304
-4,-2,-2,-1,-18,-2,0,-1,2025-02-24 12:22:55.310
-4,-2,-2,-1,-18,-2,0,-1,2025-02-24 12:22:55.318
-4,-2,-2,-1,-18,-2,0,-1,2025-02-24 12:22:55.329
-3,-3,-2,-3,-22,-1,-1,0,2025-02-24 12:22:55.340
-3,-3,-2,-3,-22,-1,-1,0,2025-02-24 12:22:55.351
-9,-4,-3,-2,-34,-1,-2,-3,2025-02-24 12:22:55.362
-3,-4,-1,0,-28,-1,0,0,2025-02-24 12:22:55.374
-3,-4,-1,0,-28,-1,0,0,2025-02-24 12:22:55.384
-6,-6,-5,-3,-26,-1,-2,-3,2025-02-24 12:22:55.399
-3,0,0,-3,-19,0,-1,-3,2025-02-24 12:22:55.407
-3,0,0,-3,-19,0,-1,-3,2025-02-24 12:22:55.418
-1,-1,-1,-1,-21,-2,-1,-1,2025-02-24 12:22:55.432
-1,0,-3,4,-16,0,-1,-1,2025-02-24 12:22:55.440
-1,1,-4,1,-11,-1,-2,-1,2025-02-24 12:22:55.452
-1,1,-4,1,-11,-1,-2,-1,2025-02-24 12:22:55.462
-1,-1,0,-1,-22,-1,-2,-1,2025-02-24 12:22:55.476
1,-1,1,-2,-24,-1,-1,-2,2025-02-24 12:22:55.486
0,-2,-1,-3,-35,-3,2,0,2025-02-24 12:22:55.497
-2,-3,0,-1,-33,-1,0,-3,2025-02-24 12:22:55.509
4,3,4,0,-21,-2,0,-1,2025-02-24 12:22:55.521
3,4,-4,0,-16,0,-1,0,2025-02-24 12:22:55.535
0,-2,2,-4,-15,-2,-1,-3,2025-02-24 12:22:55.543
-2,-3,-2,4,-15,0,-2,0,2025-02-24 12:22:55.555
-1,-2,2,-2,-23,-2,0,0,2025-02-24 12:22:55.566
-2,0,-1,-3,-20,-2,-2,-2,2025-02-24 12:22:55.577
0,-4,-3,-4,-13,-1,0,0,2025-02-24 12:22:55.588
0,-4,-3,-4,-13,-1,0,0,2025-02-24 12:22:55.600
-1,-1,0,2,-25,0,0,-1,2025-02-24 12:22:55.611
-1,-1,0,2,-25,0,0,-1,2025-02-24 12:22:55.622
-2,-2,-2,0,-16,0,-2,0,2025-02-24 12:22:55.636
1,0,0,-1,-14,0,-2,-1,2025-02-24 12:22:55.644
2,-1,0,-1,-15,-2,-1,-3,2025-02-24 12:22:55.656
2,-1,0,-1,-15,-2,-1,-3,2025-02-24 12:22:55.667
-3,-3,-9,0,-15,-1,-1,-1,2025-02-24 12:22:55.678
1,1,1,-4,-14,-1,-1,-1,2025-02-24 12:22:55.689
-2,-3,-2,-1,-17,0,-1,0,2025-02-24 12:22:55.701
-1,-3,0,-1,-6,-1,-1,0,2025-02-24 12:22:55.712
-1,-3,0,-1,-6,-1,-1,0,2025-02-24 12:22:55.723
-1,-3,-3,-2,-7,-1,-1,-1,2025-02-24 12:22:55.737
-3,-2,-3,-5,-7,-3,0,-1,2025-02-24 12:22:55.746
-2,-1,2,-3,-6,-1,-2,0,2025-02-24 12:22:55.757
0,1,0,-3,-6,0,0,-3,2025-02-24 12:22:55.769
0,1,0,-3,-6,0,0,-3,2025-02-24 12:22:55.780
1,0,-2,-2,-11,-2,-1,-1,2025-02-24 12:22:55.793
-2,-2,-3,-1,-24,-2,-1,-2,2025-02-24 12:22:55.802
-2,1,-1,0,-18,-1,-2,-3,2025-02-24 12:22:55.814
-2,-1,-3,0,-13,-2,-1,-1,2025-02-24 12:22:55.825
-8,-5,-1,5,-12,-1,-2,-2,2025-02-24 12:22:55.839
2,1,0,-3,-14,-1,-2,0,2025-02-24 12:22:55.847
2,1,0,-3,-14,-1,-2,0,2025-02-24 12:22:55.858
-1,-2,-1,0,-13,-1,-2,-1,2025-02-24 12:22:55.870
0,-1,-2,0,-10,-2,-1,0,2025-02-24 12:22:55.881
-2,-2,-3,-3,-12,0,0,-2,2025-02-24 12:22:55.893
-2,-2,-3,-3,-12,0,0,-2,2025-02-24 12:22:55.904
1,0,0,-1,-11,-1,0,-1,2025-02-24 12:22:55.915
0,-3,-3,-2,-11,-1,0,-1,2025-02-24 12:22:55.926
-3,-2,4,0,-12,-1,-2,-2,2025-02-24 12:22:55.940
2,0,-7,0,-14,-1,-1,-2,2025-02-24 12:22:55.950
2,0,-7,0,-14,-1,-1,-2,2025-02-24 12:22:55.959
2,0,-7,0,-14,-1,-1,-2,2025-02-24 12:22:55.970
-1,0,0,-4,-17,-1,0,-1,2025-02-24 12:22:55.981
-1,0,-3,-2,-14,1,-3,-2,2025-02-24 12:22:55.993
-1,0,-3,-2,-14,1,-3,-2,2025-02-24 12:22:56.004
1,-1,-2,-1,-13,-2,-1,1,2025-02-24 12:22:56.016
1,-1,-2,-1,-13,-2,-1,1,2025-02-24 12:22:56.026
-1,-1,1,-1,-15,-1,-1,-3,2025-02-24 12:22:56.038
-1,-1,0,-2,-14,-4,0,0,2025-02-24 12:22:56.053
-1,0,-2,-4,-14,-1,-1,-1,2025-02-24 12:22:56.060
-3,-2,0,2,-13,0,-1,0,2025-02-24 12:22:56.071
-3,-2,0,2,-13,0,-1,0,2025-02-24 12:22:56.082
-3,-2,0,2,-13,0,-1,0,2025-02-24 12:22:56.094
1,-2,-2,-1,-14,-1,-1,-2,2025-02-24 12:22:56.107
0,-1,0,3,-12,-1,-1,1,2025-02-24 12:22:56.115
0,-1,-2,-3,-14,-1,-1,-1,2025-02-24 12:22:56.127
0,-1,-2,-3,-14,-1,-1,-1,2025-02-24 12:22:56.138
-3,-2,-2,5,-14,0,0,-2,2025-02-24 12:22:56.152
-3,-4,-7,-1,-14,-1,-3,-1,2025-02-24 12:22:56.160
2,0,1,-3,-15,-2,1,-1,2025-02-24 12:22:56.172
2,0,1,-3,-15,-2,1,-1,2025-02-24 12:22:56.183
0,1,-2,-2,-16,-1,-2,-2,2025-02-24 12:22:56.193
0,1,-2,-2,-16,-1,-2,-2,2025-02-24 12:22:56.205
-1,1,-1,-1,-11,-1,-1,-2,2025-02-24 12:22:56.216
-2,-1,0,-1,-12,-2,1,1,2025-02-24 12:22:56.227
-2,-1,-2,-3,-12,0,-1,-1,2025-02-24 12:22:56.238
1,3,0,-1,-11,-2,-1,-1,2025-02-24 12:22:56.250
-3,-3,-3,-2,-11,-2,-1,-1,2025-02-24 12:22:56.263
-2,-2,0,1,-11,-2,-2,-1,2025-02-24 12:22:56.272
0,-1,2,1,-8,0,-2,0,2025-02-24 12:22:56.283
-1,-1,-1,1,-14,-2,-1,0,2025-02-24 12:22:56.295
-1,-1,-3,-1,-14,0,0,-2,2025-02-24 12:22:56.306
0,0,-3,-1,-16,-1,-1,-2,2025-02-24 12:22:56.317
-3,0,-2,-2,-19,-1,-2,-4,2025-02-24 12:22:56.328
1,0,-2,1,-15,1,0,2,2025-02-24 12:22:56.339
-1,2,-1,-3,-18,-1,-1,-1,2025-02-24 12:22:56.350
-2,-1,-4,-3,-16,-1,-1,0,2025-02-24 12:22:56.364
1,2,-1,1,-16,0,0,-2,2025-02-24 12:22:56.372
1,2,-1,1,-16,0,0,-2,2025-02-24 12:22:56.383
-2,0,1,-2,-16,-2,-3,0,2025-02-24 12:22:56.395
2,0,-3,-1,-18,-2,2,0,2025-02-24 12:22:56.406
1,0,-1,-3,-26,-1,-3,0,2025-02-24 12:22:56.420
0,-2,-3,2,-15,0,0,0,2025-02-24 12:22:56.429
0,-2,-3,2,-15,0,0,0,2025-02-24 12:22:56.440
-2,-1,-2,-3,-18,-2,-3,-1,2025-02-24 12:22:56.451
-1,0,-4,-3,-18,-2,-3,-3,2025-02-24 12:22:56.465
0,1,4,1,-14,0,-1,1,2025-02-24 12:22:56.474
-1,-1,-1,1,-15,-1,-2,-2,2025-02-24 12:22:56.485
-2,-1,1,0,-15,-2,-1,-3,2025-02-24 12:22:56.496
-2,-1,1,0,-15,-2,-1,-3,2025-02-24 12:22:56.507
-3,-2,-2,-5,-15,0,-1,1,2025-02-24 12:22:56.518
-1,-1,-1,-3,-12,-1,1,0,2025-02-24 12:22:56.528
-2,-1,0,2,-13,0,-2,0,2025-02-24 12:22:56.540
-2,-2,-3,-2,-14,-2,-3,-3,2025-02-24 12:22:56.551
-2,-2,-2,1,-13,-2,1,-1,2025-02-24 12:22:56.562
-1,-2,-1,1,-13,0,0,-1,2025-02-24 12:22:56.576
-4,-5,-5,-1,-13,1,-3,-3,2025-02-24 12:22:56.585
-1,0,-2,-5,-10,-1,-1,-3,2025-02-24 12:22:56.596
-2,-1,2,0,-12,1,-2,0,2025-02-24 12:22:56.607
1,-1,1,-3,-10,-3,-2,0,2025-02-24 12:22:56.619
0,-1,-5,-4,-13,-4,-2,-1,2025-02-24 12:22:56.630
-2,-1,-2,5,-10,-1,1,-1,2025-02-24 12:22:56.642
-1,-2,-1,-4,-9,-1,-2,0,2025-02-24 12:22:56.652
-1,-2,-1,-4,-9,-1,-2,0,2025-02-24 12:22:56.663
-1,0,-2,0,-4,-1,0,0,2025-02-24 12:22:56.677
0,-1,-1,-1,-6,-1,-2,-2,2025-02-24 12:22:56.687
0,2,-2,-1,-6,0,-1,-2,2025-02-24 12:22:56.696
0,2,-2,-1,-6,0,-1,-2,2025-02-24 12:22:56.708
1,2,-2,-3,-7,-1,-2,0,2025-02-24 12:22:56.719
0,1,-6,-1,-5,-1,-1,1,2025-02-24 12:22:56.732
-1,-2,-3,-3,-8,-3,-2,-2,2025-02-24 12:22:56.741
1,0,-1,1,-7,-1,0,0,2025-02-24 12:22:56.752
-1,-1,0,-1,-6,-1,0,-1,2025-02-24 12:22:56.763
-3,-2,0,-4,-8,-2,-1,-2,2025-02-24 12:22:56.775
-2,-2,-1,2,-6,0,-1,-1,2025-02-24 12:22:56.788
1,-1,-1,1,-7,-1,-2,-1,2025-02-24 12:22:56.796
0,-1,1,1,-6,-3,0,-2,2025-02-24 12:22:56.808
-2,-2,0,0,-4,0,-1,-1,2025-02-24 12:22:56.819
-2,-2,0,0,-4,0,-1,-1,2025-02-24 12:22:56.830
-1,-1,-4,1,-5,-1,-1,-1,2025-02-24 12:22:56.841
0,0,0,-4,-7,1,-1,-1,2025-02-24 12:22:56.853
0,0,0,-4,-7,1,-1,-1,2025-02-24 12:22:56.864
-4,-2,-3,-1,-9,-1,0,-4,2025-02-24 12:22:56.875
-4,-2,-3,-1,-9,-1,0,-4,2025-02-24 12:22:56.889
-1,0,0,-2,-6,-2,0,-2,2025-02-24 12:22:56.901
-1,-2,-1,-4,-7,-1,0,-2,2025-02-24 12:22:56.909
-1,-2,-1,-4,-7,-1,0,-2,2025-02-24 12:22:56.920
-1,-3,-2,-4,-6,-1,0,-2,2025-02-24 12:22:56.931
-3,-1,-1,-1,-7,0,-2,1,2025-02-24 12:22:56.942
2,0,-1,0,-5,0,-2,0,2025-02-24 12:22:56.953
2,0,-1,0,-5,0,-2,0,2025-02-24 12:22:56.964
-1,-1,-2,0,-10,-2,0,0,2025-02-24 12:22:56.976
-1,-1,-2,0,-10,-2,0,0,2025-02-24 12:22:56.988
0,-2,-1,-1,-11,-3,0,-1,2025-02-24 12:22:56.999
0,-2,-1,-1,-11,-3,0,-1,2025-02-24 12:22:57.012
0,-3,0,3,-9,-1,-3,1,2025-02-24 12:22:57.021
0,-3,-4,-1,-7,-2,-3,-2,2025-02-24 12:22:57.032
0,-3,-4,-1,-7,-2,-3,-2,2025-02-24 12:22:57.045
-2,-2,2,-3,-5,1,1,0,2025-02-24 12:22:57.054
-2,-2,2,-3,-5,1,1,0,2025-02-24 12:22:57.065
-1,0,-3,-3,-3,0,0,-1,2025-02-24 12:22:57.077
-1,0,-2,2,-7,0,-2,0,2025-02-24 12:22:57.088
-4,-2,-2,0,-6,-2,-1,-2,2025-02-24 12:22:57.098
-4,-2,-2,0,-6,-2,-1,-2,2025-02-24 12:22:57.110
-1,1,-1,0,-4,-1,-1,1,2025-02-24 12:22:57.124
-1,-1,-3,-2,-7,-1,-1,-2,2025-02-24 12:22:57.132
-1,-1,-3,-2,-7,-1,-1,-2,2025-02-24 12:22:57.143
-2,0,-3,-2,-10,-2,-2,0,2025-02-24 12:22:57.155
-2,0,-3,-2,-10,-2,-2,0,2025-02-24 12:22:57.166
-1,-1,0,-2,-10,-1,-1,-2,2025-02-24 12:22:57.177
-1,-1,0,-2,-10,-1,-1,-2,2025-02-24 12:22:57.188
-1,-1,-2,-1,-9,-3,0,-2,2025-02-24 12:22:57.201
-4,-1,-3,-4,-16,-1,-3,-2,2025-02-24 12:22:57.210
-2,-4,0,1,-13,-1,-2,-1,2025-02-24 12:22:57.221
0,1,-1,-1,-11,3,1,-1,2025-02-24 12:22:57.235
0,1,-1,-1,-11,3,1,-1,2025-02-24 12:22:57.243
-1,-2,0,-1,-8,-1,-1,-2,2025-02-24 12:22:57.255
-1,-2,0,-1,-8,-1,-1,-2,2025-02-24 12:22:57.266
0,-1,-2,1,-8,-1,0,0,2025-02-24 12:22:57.277
-1,1,-1,-1,-3,-1,-3,-3,2025-02-24 12:22:57.288
-1,1,-1,-1,-3,-1,-3,-3,2025-02-24 12:22:57.300
-1,-3,-1,-2,-4,-1,-2,-2,2025-02-24 12:22:57.311
-2,-2,1,0,-4,-2,-1,0,2025-02-24 12:22:57.322
-2,-2,1,0,-4,-2,-1,0,2025-02-24 12:22:57.336
-2,-2,-3,-1,-6,-1,-2,-2,2025-02-24 12:22:57.344
-3,-1,-2,-2,-17,-1,-1,1,2025-02-24 12:22:57.357
-3,-1,-2,-2,-17,-1,-1,1,2025-02-24 12:22:57.366
-2,-1,-3,-3,-10,-1,-1,-1,2025-02-24 12:22:57.378
-1,0,-1,-1,-5,-1,-1,-1,2025-02-24 12:22:57.389
-1,-1,0,-2,-12,-1,-2,-2,2025-02-24 12:22:57.400
-2,-2,-1,1,-5,-2,0,-3,2025-02-24 12:22:57.412
-1,-2,1,-1,-19,-1,1,1,2025-02-24 12:22:57.423
1,-1,-2,-1,-1,-1,-1,-2,2025-02-24 12:22:57.437
-2,-1,-1,-2,-2,-1,-1,-1,2025-02-24 12:22:57.445
0,0,0,-3,-1,-1,-2,-1,2025-02-24 12:22:57.456
0,0,0,-3,-1,-1,-2,-1,2025-02-24 12:22:57.468
-2,0,-1,-1,-3,-2,-1,-1,2025-02-24 12:22:57.479
-2,0,-1,-1,-3,-2,-1,-1,2025-02-24 12:22:57.490
0,-3,0,2,-1,1,0,0,2025-02-24 12:22:57.502
0,0,-3,-1,-5,-1,-1,-2,2025-02-24 12:22:57.515
0,0,-3,-1,-5,-1,-1,-2,2025-02-24 12:22:57.524
0,0,-1,-1,-5,0,-1,0,2025-02-24 12:22:57.535
-2,-2,-2,0,-3,-1,-1,-1,2025-02-24 12:22:57.547
0,1,1,2,2,-2,-1,0,2025-02-24 12:22:57.556
0,1,1,2,2,-2,-1,0,2025-02-24 12:22:57.568
0,0,0,-2,0,-1,-2,0,2025-02-24 12:22:57.578
0,1,-2,0,-4,-2,-1,-1,2025-02-24 12:22:57.590
-1,-1,-2,-2,-6,0,-1,-2,2025-02-24 12:22:57.601
-2,-2,-2,-1,-6,0,0,-1,2025-02-24 12:22:57.612
-2,-2,-2,-4,-12,-1,-1,-1,2025-02-24 12:22:57.623
1,-1,-1,-4,-17,-3,-1,-2,2025-02-24 12:22:57.635
1,-1,-1,-4,-17,-3,-1,-2,2025-02-24 12:22:57.649
-1,-1,-3,-1,-9,-2,-2,-1,2025-02-24 12:22:57.657
-1,-1,-3,-1,-9,-2,-2,-1,2025-02-24 12:22:57.670
-1,-2,-3,0,-4,-1,0,-1,2025-02-24 12:22:57.679
-1,-2,-3,0,-4,-1,0,-1,2025-02-24 12:22:57.691
-2,-1,0,-3,-3,-1,-2,-2,2025-02-24 12:22:57.702
-2,-4,0,-2,-4,-1,-2,-1,2025-02-24 12:22:57.713
-2,-4,0,-2,-4,-1,-2,-1,2025-02-24 12:22:57.724
-2,-2,-3,-4,-4,0,1,-1,2025-02-24 12:22:57.736
0,1,2,0,-3,-1,1,-1,2025-02-24 12:22:57.749
0,2,2,0,-4,0,-1,-2,2025-02-24 12:22:57.758
4,-4,-1,0,-4,-2,0,0,2025-02-24 12:22:57.769
4,-4,-1,0,-4,-2,0,0,2025-02-24 12:22:57.780
1,2,4,2,-4,-1,-4,-1,2025-02-24 12:22:57.791
-2,-2,-8,-5,-3,-1,-3,0,2025-02-24 12:22:57.803
4,9,14,1,-3,-3,0,-1,2025-02-24 12:22:57.814
-2,-4,-2,-4,-4,-3,-1,-1,2025-02-24 12:22:57.827
4,7,6,2,-3,0,1,-1,2025-02-24 12:22:57.837
4,7,6,2,-3,0,1,-1,2025-02-24 12:22:57.847
-4,-4,-11,-2,-2,1,-2,-1,2025-02-24 12:22:57.861
-4,-4,-11,-2,-2,1,-2,-1,2025-02-24 12:22:57.870
-2,-1,-1,1,-3,1,-2,-1,2025-02-24 12:22:57.881
-2,-2,-1,1,-5,-1,0,-1,2025-02-24 12:22:57.892
-2,-2,-1,1,-5,-1,0,-1,2025-02-24 12:22:57.903
-2,-2,-1,1,-5,-1,0,-1,2025-02-24 12:22:57.914
-5,-5,1,-3,-4,-2,-2,-1,2025-02-24 12:22:57.925
-4,0,-3,-1,0,-1,1,-3,2025-02-24 12:22:57.936
-3,-9,-3,5,-3,0,-1,-3,2025-02-24 12:22:57.947
0,-1,4,1,-2,0,-1,0,2025-02-24 12:22:57.959
0,-1,4,1,-2,0,-1,0,2025-02-24 12:22:57.973
0,-2,-2,-2,-3,0,-1,-1,2025-02-24 12:22:57.983
0,-2,-2,-2,-3,0,-1,-1,2025-02-24 12:22:57.992
0,-1,3,-3,-4,-2,-3,1,2025-02-24 12:22:58.004
0,5,8,-1,-7,-1,-2,1,2025-02-24 12:22:58.015
0,5,8,-1,-7,-1,-2,1,2025-02-24 12:22:58.026
0,5,8,-1,-7,-1,-2,1,2025-02-24 12:22:58.037
-2,0,0,0,-5,-1,0,-2,2025-02-24 12:22:58.049
-1,-9,-14,-3,-8,0,-2,-1,2025-02-24 12:22:58.060
1,2,5,-2,-6,-2,-2,0,2025-02-24 12:22:58.071
1,2,5,-2,-6,-2,-2,0,2025-02-24 12:22:58.085
-1,2,1,-1,-17,-1,0,0,2025-02-24 12:22:58.093
-1,2,1,-1,-17,-1,0,0,2025-02-24 12:22:58.105
-3,-2,-4,-1,-14,-3,-1,-3,2025-02-24 12:22:58.116
-3,-2,-4,-1,-14,-3,-1,-3,2025-02-24 12:22:58.126
-7,-4,-8,-2,-25,-1,-2,-2,2025-02-24 12:22:58.139
-7,-4,-8,-2,-25,-1,-2,-2,2025-02-24 12:22:58.148
-3,2,2,2,-22,0,0,-3,2025-02-24 12:22:58.159
0,-4,1,1,-46,-1,0,1,2025-02-24 12:22:58.171
-2,-1,6,4,-27,0,-2,-3,2025-02-24 12:22:58.185
2,-3,-4,-3,-17,-3,-2,-2,2025-02-24 12:22:58.194
2,-3,-4,-3,-17,-3,-2,-2,2025-02-24 12:22:58.205
-6,0,1,-1,-18,-1,-1,-2,2025-02-24 12:22:58.216
-6,0,1,-1,-18,-1,-1,-2,2025-02-24 12:22:58.227
-2,-7,-11,-1,-11,0,0,-1,2025-02-24 12:22:58.239
-4,-1,-2,-3,-15,0,-1,-1,2025-02-24 12:22:58.250
-4,-1,-2,-3,-15,0,-1,-1,2025-02-24 12:22:58.261
-1,-5,0,1,-5,0,-2,-1,2025-02-24 12:22:58.272
-1,-6,-1,-4,-12,-3,-1,-1,2025-02-24 12:22:58.286
-4,-1,1,-3,-9,-1,0,-2,2025-02-24 12:22:58.297
-4,-1,1,-3,-9,-1,0,-2,2025-02-24 12:22:58.305
-3,0,-4,0,-8,-1,-3,-1,2025-02-24 12:22:58.316
-3,0,-4,0,-8,-1,-3,-1,2025-02-24 12:22:58.327
0,1,4,0,-9,-3,-1,-1,2025-02-24 12:22:58.338
0,1,4,0,-9,-3,-1,-1,2025-02-24 12:22:58.349
1,1,-2,-1,-7,-1,-3,1,2025-02-24 12:22:58.360
1,-3,1,2,-7,0,-2,-1,2025-02-24 12:22:58.372
3,2,4,-3,-7,-1,0,1,2025-02-24 12:22:58.383
1,-4,0,0,-7,-1,0,-1,2025-02-24 12:22:58.397
-2,-2,2,-1,-11,-1,-2,0,2025-02-24 12:22:58.406
-2,-2,-5,-2,-12,-1,-1,0,2025-02-24 12:22:58.417
-1,-2,-1,-2,-6,-2,-1,1,2025-02-24 12:22:58.428
2,1,0,-2,-6,-1,-2,-1,2025-02-24 12:22:58.439
-3,-1,3,-4,-6,-2,0,1,2025-02-24 12:22:58.453
-10,-5,-8,-1,-1,-2,-1,-3,2025-02-24 12:22:58.462
-3,-5,-3,-2,-3,-1,0,-2,2025-02-24 12:22:58.473
-3,-5,-3,-2,-3,-1,0,-2,2025-02-24 12:22:58.484
2,3,4,0,-6,-3,-1,-1,2025-02-24 12:22:58.498
2,2,5,1,-6,0,0,-1,2025-02-24 12:22:58.507
2,2,5,1,-6,0,0,-1,2025-02-24 12:22:58.518
-10,-15,-2,-7,-6,-2,-2,-3,2025-02-24 12:22:58.528
-1,-4,2,0,-4,-2,-1,-3,2025-02-24 12:22:58.539
-1,-3,-9,-1,-4,0,0,0,2025-02-24 12:22:58.551
1,4,5,0,-4,-1,-1,-2,2025-02-24 12:22:58.562
0,4,0,-1,-2,2,-1,1,2025-02-24 12:22:58.573
0,4,0,-1,-2,2,-1,1,2025-02-24 12:22:58.584
0,0,0,-2,0,0,-2,0,2025-02-24 12:22:58.596
0,0,0,-2,0,0,-2,0,2025-02-24 12:22:58.609
-7,-3,-2,-2,-4,-2,-3,-3,2025-02-24 12:22:58.618
0,1,2,-2,-2,-2,0,-1,2025-02-24 12:22:58.629
-4,-8,-5,-1,0,0,-2,-2,2025-02-24 12:22:58.641
-4,-8,-5,-1,0,0,-2,-2,2025-02-24 12:22:58.652
3,-3,-3,0,-2,-2,-1,0,2025-02-24 12:22:58.663
3,-3,-3,0,-2,-2,-1,0,2025-02-24 12:22:58.674
-1,3,1,2,0,2,0,-3,2025-02-24 12:22:58.686
0,-5,2,1,-2,-1,-1,-1,2025-02-24 12:22:58.697
0,-5,2,1,-2,-1,-1,-1,2025-02-24 12:22:58.710
-4,3,1,-1,-1,0,-3,-1,2025-02-24 12:22:58.719
1,1,-1,-2,-16,-2,0,1,2025-02-24 12:22:58.729
-4,-11,-10,-5,-6,0,0,0,2025-02-24 12:22:58.740
1,4,0,-1,-44,-1,0,0,2025-02-24 12:22:58.752
1,4,0,-1,-44,-1,0,0,2025-02-24 12:22:58.765
-2,5,0,-1,-26,-3,-2,1,2025-02-24 12:22:58.774
-2,5,0,-1,-26,-3,-2,1,2025-02-24 12:22:58.785
-2,-3,-6,-3,-23,0,0,0,2025-02-24 12:22:58.796
4,4,1,1,-23,-1,-2,-1,2025-02-24 12:22:58.808
-1,4,1,0,-8,-1,-2,0,2025-02-24 12:22:58.822
-1,4,1,0,-8,-1,-2,0,2025-02-24 12:22:58.830
2,-4,14,-1,-24,-2,1,1,2025-02-24 12:22:58.842
2,-4,14,-1,-24,-2,1,1,2025-02-24 12:22:58.853
2,7,-19,1,-8,-1,-1,-1,2025-02-24 12:22:58.864
-15,-27,9,-4,-1,-2,-4,-5,2025-02-24 12:22:58.875
1,-5,7,0,-2,0,-1,-1,2025-02-24 12:22:58.886
1,-5,7,0,-2,0,-1,-1,2025-02-24 12:22:58.898
-2,-1,10,1,-4,-1,0,-3,2025-02-24 12:22:58.908
-5,-3,-29,-3,-10,-2,-1,-1,2025-02-24 12:22:58.922
0,-4,-42,-3,-15,-2,-1,-1,2025-02-24 12:22:58.934
-3,-4,5,-3,-24,-1,-2,-2,2025-02-24 12:22:58.942
-3,-4,5,-3,-24,-1,-2,-2,2025-02-24 12:22:58.953
-2,-2,4,-4,-15,-1,-1,-3,2025-02-24 12:22:58.964
-2,-2,4,-4,-15,-1,-1,-3,2025-02-24 12:22:58.975
-2,-1,3,-1,-10,-1,-1,-3,2025-02-24 12:22:58.987
3,9,15,3,-11,0,0,-1,2025-02-24 12:22:58.998
-1,12,0,1,-1,0,0,-2,2025-02-24 12:22:59.009
1,0,7,-1,-6,-1,0,0,2025-02-24 12:22:59.020
1,0,7,-1,-6,-1,0,0,2025-02-24 12:22:59.031
1,0,7,-1,-6,-1,0,0,2025-02-24 12:22:59.045
1,3,5,1,-20,0,0,0,2025-02-24 12:22:59.054
1,3,5,1,-20,0,0,0,2025-02-24 12:22:59.065
1,3,5,1,-20,0,0,0,2025-02-24 12:22:59.078
-3,1,8,-2,-7,-2,-1,-4,2025-02-24 12:22:59.087
-4,-16,-16,-3,-6,-1,-3,-5,2025-02-24 12:22:59.098
-4,-16,-16,-3,-6,-1,-3,-5,2025-02-24 12:22:59.109
3,4,2,-1,-4,-1,0,1,2025-02-24 12:22:59.120
2,8,4,0,-6,-2,1,4,2025-02-24 12:22:59.132
0,-4,-9,-2,-11,-1,-1,-3,2025-02-24 12:22:59.145
6,8,4,2,-5,-2,0,1,2025-02-24 12:22:59.154
1,-9,-7,-2,-10,0,-1,2,2025-02-24 12:22:59.165
0,2,-2,-1,-8,0,-2,0,2025-02-24 12:22:59.176
3,4,2,0,-11,-2,0,0,2025-02-24 12:22:59.187
3,4,2,0,-11,-2,0,0,2025-02-24 12:22:59.199
-1,-6,-15,-6,-10,0,2,3,2025-02-24 12:22:59.210
-11,-12,-3,-3,-7,0,-2,-5,2025-02-24 12:22:59.222
-11,-12,-3,-3,-7,0,-2,-5,2025-02-24 12:22:59.236
3,9,1,-2,-3,0,-1,1,2025-02-24 12:22:59.246
3,9,1,-2,-3,0,-1,1,2025-02-24 12:22:59.255
-3,-2,-2,-2,-4,-2,-2,-4,2025-02-24 12:22:59.266
11,15,18,8,-2,-1,-1,3,2025-02-24 12:22:59.277
-1,-3,-3,0,-3,-3,-1,-3,2025-02-24 12:22:59.289
-7,-1,-2,1,-4,1,-2,-5,2025-02-24 12:22:59.300
-7,-1,-2,1,-4,1,-2,-5,2025-02-24 12:22:59.310
-6,-13,-9,-4,-9,-2,-3,-3,2025-02-24 12:22:59.322
5,11,3,-1,-19,-2,-1,1,2025-02-24 12:22:59.333
0,-1,-4,-2,-29,-3,-1,-1,2025-02-24 12:22:59.344
0,-1,-4,-2,-29,-3,-1,-1,2025-02-24 12:22:59.358
0,-1,-4,-2,-29,-3,-1,-1,2025-02-24 12:22:59.366
1,5,4,2,-81,1,-1,-1,2025-02-24 12:22:59.378
1,5,4,2,-81,1,-1,-1,2025-02-24 12:22:59.391
1,-3,-1,-2,-41,-3,0,2,2025-02-24 12:22:59.399
-4,-5,-4,-1,-58,1,-1,-2,2025-02-24 12:22:59.411
1,-4,-3,-1,-33,0,1,-1,2025-02-24 12:22:59.422
2,1,2,0,-28,1,0,0,2025-02-24 12:22:59.433
2,1,2,0,-28,1,0,0,2025-02-24 12:22:59.444
-5,-5,0,0,-35,2,-1,-3,2025-02-24 12:22:59.456
-1,3,2,1,-10,-1,0,-1,2025-02-24 12:22:59.470
-1,3,2,1,-10,-1,0,-1,2025-02-24 12:22:59.478
0,6,3,3,-8,-2,-1,-1,2025-02-24 12:22:59.489
0,-8,-7,-2,-9,-1,-1,0,2025-02-24 12:22:59.501
0,-8,-7,-2,-9,-1,-1,0,2025-02-24 12:22:59.512
0,8,7,0,-4,-1,-1,2,2025-02-24 12:22:59.522
-6,-2,-3,-5,-7,0,0,-1,2025-02-24 12:22:59.535
-2,-4,2,-2,-2,-2,0,1,2025-02-24 12:22:59.547
-2,-4,2,-2,-2,-2,0,1,2025-02-24 12:22:59.555
0,4,3,0,-3,1,0,1,2025-02-24 12:22:59.568
1,1,-3,-2,-4,0,-1,0,2025-02-24 12:22:59.581
1,1,-3,-2,-4,0,-1,0,2025-02-24 12:22:59.589
0,0,-16,-5,-8,-1,-1,1,2025-02-24 12:22:59.602
2,7,3,1,-3,0,-1,-1,2025-02-24 12:22:59.613
-11,-17,-11,-6,-7,-3,-4,-4,2025-02-24 12:22:59.624
-11,-17,-11,-6,-7,-3,-4,-4,2025-02-24 12:22:59.635
0,-1,-1,-2,-5,-3,-1,0,2025-02-24 12:22:59.646
0,-1,-1,-2,-5,-3,-1,0,2025-02-24 12:22:59.657
-8,-9,-8,-2,-6,-2,0,-2,2025-02-24 12:22:59.669
6,8,2,2,-4,-1,0,2,2025-02-24 12:22:59.682
1,-5,-1,-2,-5,-1,0,0,2025-02-24 12:22:59.691
1,1,-2,-1,-3,-2,0,0,2025-02-24 12:22:59.704
1,1,-2,-1,-3,-2,0,0,2025-02-24 12:22:59.712
0,2,-1,-2,-3,-1,-2,-1,2025-02-24 12:22:59.724
-3,-4,-2,-2,-4,-3,0,-3,2025-02-24 12:22:59.735
0,5,4,0,-4,1,-1,-2,2025-02-24 12:22:59.746
0,0,0,2,-3,1,-1,-4,2025-02-24 12:22:59.757
-1,-4,-3,-2,-6,-2,-1,-2,2025-02-24 12:22:59.769
1,8,0,2,-6,0,0,0,2025-02-24 12:22:59.780
-3,-2,-1,0,-7,1,-1,-3,2025-02-24 12:22:59.793
-1,-3,-2,0,-8,-3,-1,1,2025-02-24 12:22:59.802
-1,-3,-2,0,-8,-3,-1,1,2025-02-24 12:22:59.813
-3,-7,1,-2,-8,-3,-1,-2,2025-02-24 12:22:59.824
-2,-2,-1,0,-8,-2,1,0,2025-02-24 12:22:59.836
-9,-13,-11,-6,-7,-1,-2,-1,2025-02-24 12:22:59.847
0,8,1,0,-6,-2,-1,-1,2025-02-24 12:22:59.860
3,4,0,-1,-6,-1,0,2,2025-02-24 12:22:59.870
3,5,1,0,-7,-3,-1,0,2025-02-24 12:22:59.881
3,5,1,0,-7,-3,-1,0,2025-02-24 12:22:59.894
-1,-3,-1,0,-9,-1,0,0,2025-02-24 12:22:59.903
3,7,3,0,-8,-1,-1,0,2025-02-24 12:22:59.914
-2,-4,-5,-4,-8,-3,0,0,2025-02-24 12:22:59.926
-9,-12,-7,-5,-8,-1,-2,-4,2025-02-24 12:22:59.936
-2,1,2,-1,-8,-1,-1,-1,2025-02-24 12:22:59.947
5,14,2,0,-8,0,1,0,2025-02-24 12:22:59.958
5,14,2,0,-8,0,1,0,2025-02-24 12:22:59.969
-5,-5,-4,-2,-6,0,-1,-3,2025-02-24 12:22:59.980
-5,-5,-4,-2,-6,0,-1,-3,2025-02-24 12:22:59.992
0,-2,-4,-3,-6,-1,-2,0,2025-02-24 12:23:00.006
0,-2,-4,-3,-6,-1,-2,0,2025-02-24 12:23:00.016
2,1,-3,1,-6,-1,-1,-1,2025-02-24 12:23:00.025
2,-1,2,0,-6,1,1,1,2025-02-24 12:23:00.036
-8,-15,-4,-2,-8,-1,-3,-2,2025-02-24 12:23:00.047
1,2,0,0,-5,-3,0,1,2025-02-24 12:23:00.059
5,14,5,0,-6,-2,-1,2,2025-02-24 12:23:00.070
2,2,0,2,-6,-2,-1,1,2025-02-24 12:23:00.081
-3,6,2,2,-2,3,1,-7,2025-02-24 12:23:00.092
0,5,4,-1,-3,-1,-2,-2,2025-02-24 12:23:00.104
0,5,4,-1,-3,-1,-2,-2,2025-02-24 12:23:00.118
-3,-4,-1,-1,-6,-2,-1,-2,2025-02-24 12:23:00.126
-3,-4,-1,-1,-6,-2,-1,-2,2025-02-24 12:23:00.137
5,0,-3,-2,-5,-1,-1,2,2025-02-24 12:23:00.148
-1,2,0,-1,-5,0,0,0,2025-02-24 12:23:00.160
-1,2,0,-1,-5,0,0,0,2025-02-24 12:23:00.173
-6,-13,-10,-4,-1,4,1,-5,2025-02-24 12:23:00.182
2,1,2,0,-4,-2,-1,-1,2025-02-24 12:23:00.193
-4,-6,-14,-4,-7,-3,-2,-1,2025-02-24 12:23:00.204
3,0,-1,-2,-3,1,3,3,2025-02-24 12:23:00.219
-3,-2,5,-1,-3,-1,-1,-2,2025-02-24 12:23:00.227
-3,-2,5,-1,-3,-1,-1,-2,2025-02-24 12:23:00.238
-2,-5,1,1,-3,-2,-2,-1,2025-02-24 12:23:00.249
5,7,3,0,-7,-1,-1,1,2025-02-24 12:23:00.260
-9,7,3,3,-2,-1,-1,0,2025-02-24 12:23:00.271
-1,1,2,0,-4,-2,0,0,2025-02-24 12:23:00.283
3,2,2,-1,-7,-2,-1,1,2025-02-24 12:23:00.294
-4,1,1,0,-4,0,0,-1,2025-02-24 12:23:00.305
-10,-14,-4,-6,-5,-2,-4,-5,2025-02-24 12:23:00.316
2,2,1,1,-4,-2,0,0,2025-02-24 12:23:00.329
-2,0,0,-2,-5,-1,-1,-1,2025-02-24 12:23:00.338
-6,-1,1,-1,-6,-3,-1,0,2025-02-24 12:23:00.349
-2,-2,3,1,-5,-1,-3,-2,2025-02-24 12:23:00.360
1,2,0,0,-4,1,-1,-3,2025-02-24 12:23:00.371
1,2,0,0,-4,1,-1,-3,2025-02-24 12:23:00.383
-6,-6,-6,-2,-5,-1,0,-2,2025-02-24 12:23:00.394
-3,-10,-6,-3,-3,0,-1,-3,2025-02-24 12:23:00.405
0,3,-3,-1,-1,-1,-1,-2,2025-02-24 12:23:00.416
2,4,-4,-1,-2,1,1,2,2025-02-24 12:23:00.427
2,4,-4,-1,-2,1,1,2,2025-02-24 12:23:00.441
-2,-3,-3,-3,-7,-3,-1,1,2025-02-24 12:23:00.450
10,6,2,-1,-2,0,0,0,2025-02-24 12:23:00.461
-3,-8,-11,-5,-3,0,-1,-3,2025-02-24 12:23:00.473
-2,3,4,-1,-4,-2,-1,0,2025-02-24 12:23:00.487
-2,3,4,-1,-4,-2,-1,0,2025-02-24 12:23:00.495
-2,-5,-7,-1,-5,-2,0,-1,2025-02-24 12:23:00.506
2,5,3,2,-3,1,0,1,2025-02-24 12:23:00.516
-2,-2,-3,1,-3,-3,-2,0,2025-02-24 12:23:00.528
-2,-2,-3,1,-3,-3,-2,0,2025-02-24 12:23:00.542
-4,-7,-3,-3,-5,-1,-2,-2,2025-02-24 12:23:00.551
-4,-7,-3,-3,-5,-1,-2,-2,2025-02-24 12:23:00.562
-3,-7,-2,-1,-4,-2,-2,-1,2025-02-24 12:23:00.587
-1,3,5,2,0,1,-1,-1,2025-02-24 12:23:00.591
-1,3,5,2,0,1,-1,-1,2025-02-24 12:23:00.595
-5,-4,2,2,-3,-2,-2,-2,2025-02-24 12:23:00.601
-5,-4,2,2,-3,-2,-2,-2,2025-02-24 12:23:00.612
4,5,6,1,-4,-1,2,-1,2025-02-24 12:23:00.623
4,5,6,1,-4,-1,2,-1,2025-02-24 12:23:00.637
-4,-2,-3,-2,-3,-2,-2,-1,2025-02-24 12:23:00.648
4,3,-2,-3,-6,-1,1,1,2025-02-24 12:23:00.657
4,3,-2,-3,-6,-1,1,1,2025-02-24 12:23:00.668
0,-2,-1,0,-4,1,-3,-2,2025-02-24 12:23:00.679
0,-2,-2,-1,-5,-1,-2,-3,2025-02-24 12:23:00.691
0,-2,-2,-1,-5,-1,-2,-3,2025-02-24 12:23:00.702
-10,2,-3,-3,-3,0,-1,-3,2025-02-24 12:23:00.713
-2,-5,-4,-3,-4,-2,-3,-2,2025-02-24 12:23:00.725
3,3,2,-2,-4,0,0,2,2025-02-24 12:23:00.735
2,-1,-1,-1,-5,-1,0,-1,2025-02-24 12:23:00.746
2,-1,-1,-1,-5,-1,0,-1,2025-02-24 12:23:00.760
1,0,-2,0,-2,-2,-2,0,2025-02-24 12:23:00.769
3,6,3,2,-3,0,0,-1,2025-02-24 12:23:00.780
6,6,2,0,-5,-1,0,2,2025-02-24 12:23:00.793
6,6,2,0,-5,-1,0,2,2025-02-24 12:23:00.802
-1,-6,-7,-1,-4,-1,-2,1,2025-02-24 12:23:00.814
-1,-6,-7,-1,-4,-1,-2,1,2025-02-24 12:23:00.825
-4,-4,2,0,-4,-2,-2,-1,2025-02-24 12:23:00.836
-4,-4,-5,-3,-3,-3,-1,-1,2025-02-24 12:23:00.847
-4,-4,-5,-3,-3,-3,-1,-1,2025-02-24 12:23:00.861
7,3,3,-1,-5,-1,-3,-1,2025-02-24 12:23:00.870
7,3,3,-1,-5,-1,-3,-1,2025-02-24 12:23:00.881
0,3,0,-1,-5,-2,-2,-1,2025-02-24 12:23:00.892
0,-1,-3,-2,-5,1,0,-2,2025-02-24 12:23:00.903
-3,-7,-8,-3,-6,-2,1,1,2025-02-24 12:23:00.914
-1,0,1,-3,-4,1,-1,-1,2025-02-24 12:23:00.925
-1,0,1,-3,-4,1,-1,-1,2025-02-24 12:23:00.936
-1,0,1,-3,-4,1,-1,-1,2025-02-24 12:23:00.950
1,2,-1,-1,-8,-3,0,2,2025-02-24 12:23:00.961
1,2,-1,-1,-8,-3,0,2,2025-02-24 12:23:00.971
-7,-5,-1,0,-3,-1,-1,-6,2025-02-24 12:23:00.982
0,4,3,0,-4,-1,-2,0,2025-02-24 12:23:00.993
0,4,3,0,-4,-1,-2,0,2025-02-24 12:23:01.005
2,2,1,2,-2,1,-1,-1,2025-02-24 12:23:01.016
2,2,1,2,-2,1,-1,-1,2025-02-24 12:23:01.027
0,0,-1,1,-2,0,-2,-2,2025-02-24 12:23:01.039
-2,-5,-1,-3,-4,-2,-1,2,2025-02-24 12:23:01.051
-2,-4,-2,0,-4,0,-3,-2,2025-02-24 12:23:01.064
1,3,4,0,-5,0,-1,0,2025-02-24 12:23:01.073
1,3,4,0,-5,0,-1,0,2025-02-24 12:23:01.085
-3,3,-7,-1,-2,1,-1,-1,2025-02-24 12:23:01.097
2,-1,1,-1,-4,-2,-3,-1,2025-02-24 12:23:01.110
-1,1,-1,1,-3,0,-3,-4,2025-02-24 12:23:01.119
8,5,7,1,-1,-1,0,1,2025-02-24 12:23:01.130
-4,-16,-9,-4,-8,-2,-2,-1,2025-02-24 12:23:01.142
-6,-5,1,-1,-5,-1,-2,0,2025-02-24 12:23:01.153
0,-2,-2,0,-5,-1,-1,0,2025-02-24 12:23:01.167
0,-2,-2,0,-5,-1,-1,0,2025-02-24 12:23:01.175
2,8,-3,1,0,1,0,0,2025-02-24 12:23:01.187
-8,5,-5,0,-4,0,-1,0,2025-02-24 12:23:01.198
-8,5,-5,0,-4,0,-1,0,2025-02-24 12:23:01.210
5,1,6,1,-3,1,1,0,2025-02-24 12:23:01.221
-2,-6,-6,-3,-8,-2,-2,0,2025-02-24 12:23:01.232
-4,0,5,-1,-3,0,-1,-5,2025-02-24 12:23:01.243
8,5,0,-1,-3,-1,-4,7,2025-02-24 12:23:01.255
-3,-6,2,0,-2,-1,0,-3,2025-02-24 12:23:01.269
-2,-7,1,2,-4,-1,0,1,2025-02-24 12:23:01.276
8,-2,1,0,-5,-3,2,26,2025-02-24 12:23:01.288
-19,-4,-9,-6,-8,-6,-15,-61,2025-02-24 12:23:01.300
-11,2,10,0,-3,0,-1,-15,2025-02-24 12:23:01.310
-11,2,10,0,-3,0,-1,-15,2025-02-24 12:23:01.321
10,1,9,1,-2,-1,2,20,2025-02-24 12:23:01.332
10,1,9,1,-2,-1,2,20,2025-02-24 12:23:01.344
7,1,0,-1,-3,-1,-1,9,2025-02-24 12:23:01.355
-5,-3,1,-3,-9,-2,-5,-12,2025-02-24 12:23:01.366
-5,-3,1,-3,-9,-2,-5,-12,2025-02-24 12:23:01.380
14,2,12,2,-6,-1,3,11,2025-02-24 12:23:01.388
-28,-3,-10,-1,-9,-1,-3,-59,2025-02-24 12:23:01.399
-28,-3,-10,-1,-9,-1,-3,-59,2025-02-24 12:23:01.410
-9,-4,-3,-3,-10,-1,3,3,2025-02-24 12:23:01.424
5,6,0,2,-23,2,2,18,2025-02-24 12:23:01.432
5,6,0,2,-23,2,2,18,2025-02-24 12:23:01.444
-6,-1,-1,1,-6,-1,-1,-4,2025-02-24 12:23:01.455
0,1,-19,-2,-4,-1,-2,0,2025-02-24 12:23:01.466
-12,-5,-3,-3,-4,-1,-1,0,2025-02-24 12:23:01.478
-12,-5,-3,-3,-4,-1,-1,0,2025-02-24 12:23:01.491
2,3,1,-3,-4,-2,-2,1,2025-02-24 12:23:01.500
2,3,1,-3,-4,-2,-2,1,2025-02-24 12:23:01.511
-6,-2,3,0,-3,-2,-1,9,2025-02-24 12:23:01.522
-3,-2,-2,0,-3,0,-1,19,2025-02-24 12:23:01.534
-18,-7,8,0,-2,0,-2,-3,2025-02-24 12:23:01.545
-18,-7,8,0,-2,0,-2,-3,2025-02-24 12:23:01.556
18,1,-4,0,-1,-1,-2,-12,2025-02-24 12:23:01.567
18,1,-4,0,-1,-1,-2,-12,2025-02-24 12:23:01.581
4,1,11,8,-1,0,-1,-2,2025-02-24 12:23:01.592
-3,1,-15,-8,-4,-2,-2,2,2025-02-24 12:23:01.601
0,1,10,1,-4,-2,1,6,2025-02-24 12:23:01.612
0,1,10,1,-4,-2,1,6,2025-02-24 12:23:01.623
2,-3,3,1,-4,-3,-2,3,2025-02-24 12:23:01.634
-12,-9,-2,-3,-4,-2,2,2,2025-02-24 12:23:01.645
-12,-9,-2,-3,-4,-2,2,2,2025-02-24 12:23:01.657
-4,-1,-12,-3,-1,-2,0,-3,2025-02-24 12:23:01.668
-4,-1,-12,-3,-1,-2,0,-3,2025-02-24 12:23:01.679
16,4,13,0,-4,-1,0,23,2025-02-24 12:23:01.691
16,4,13,0,-4,-1,0,23,2025-02-24 12:23:01.704
-23,-4,-4,-4,-5,-2,-3,-10,2025-02-24 12:23:01.712
2,-2,3,2,-1,1,1,-25,2025-02-24 12:23:01.723
2,-2,3,2,-1,1,1,-25,2025-02-24 12:23:01.737
-3,-15,-7,-3,-6,-3,-6,-8,2025-02-24 12:23:01.745
-3,-15,-7,-3,-6,-3,-6,-8,2025-02-24 12:23:01.756
9,-4,-12,-5,0,0,2,9,2025-02-24 12:23:01.768
9,-4,-12,-5,0,0,2,9,2025-02-24 12:23:01.779
14,10,11,3,1,3,4,22,2025-02-24 12:23:01.790
14,10,11,3,1,3,4,22,2025-02-24 12:23:01.801
-40,-1,4,-2,-4,-4,-4,-15,2025-02-24 12:23:01.815
17,4,-14,1,-6,-3,2,30,2025-02-24 12:23:01.824
17,4,-14,1,-6,-3,2,30,2025-02-24 12:23:01.835
13,8,3,-2,-9,-2,0,-2,2025-02-24 12:23:01.846
13,8,3,-2,-9,-2,0,-2,2025-02-24 12:23:01.857
13,8,3,-2,-9,-2,0,-2,2025-02-24 12:23:01.869
-6,-5,2,-4,-7,-1,-1,26,2025-02-24 12:23:01.880
-9,-5,-7,-1,-2,0,-1,4,2025-02-24 12:23:01.893
-5,-10,10,1,-8,-2,-2,-8,2025-02-24 12:23:01.902
-5,-10,10,1,-8,-2,-2,-8,2025-02-24 12:23:01.913
-24,-4,-26,-3,-3,6,-2,-18,2025-02-24 12:23:01.927
28,-2,5,-2,-7,-2,2,16,2025-02-24 12:23:01.936
-10,2,0,1,-2,4,-7,-19,2025-02-24 12:23:01.946
-10,2,0,1,-2,4,-7,-19,2025-02-24 12:23:01.958
22,2,6,6,-3,0,-4,-23,2025-02-24 12:23:01.969
22,2,6,6,-3,0,-4,-23,2025-02-24 12:23:01.980
7,9,-9,-4,-6,1,0,9,2025-02-24 12:23:01.991
7,9,-9,-4,-6,1,0,9,2025-02-24 12:23:02.002
-17,-46,-14,-5,-11,-1,-24,-34,2025-02-24 12:23:02.014
-20,9,-2,-1,-10,3,20,-15,2025-02-24 12:23:02.025
-20,9,-2,-1,-10,3,20,-15,2025-02-24 12:23:02.040
2,-6,-21,-11,-21,-1,-8,31,2025-02-24 12:23:02.051
2,-6,-21,-11,-21,-1,-8,31,2025-02-24 12:23:02.059
-22,-109,-30,-3,-36,0,-7,-1,2025-02-24 12:23:02.070
-22,-109,-30,-3,-36,0,-7,-1,2025-02-24 12:23:02.081
14,37,2,2,-34,-2,6,19,2025-02-24 12:23:02.091
-54,-38,-15,-1,-42,6,24,-60,2025-02-24 12:23:02.103
-54,-38,-15,-1,-42,6,24,-60,2025-02-24 12:23:02.114
20,24,7,6,-33,-4,-14,-12,2025-02-24 12:23:02.126
26,-11,11,-7,-26,-14,11,24,2025-02-24 12:23:02.139
3,-8,16,-4,-18,6,7,-20,2025-02-24 12:23:02.148
3,-8,16,-4,-18,6,7,-20,2025-02-24 12:23:02.159
-4,-25,-14,-7,-19,-12,-51,-19,2025-02-24 12:23:02.170
-4,-25,-14,-7,-19,-12,-51,-19,2025-02-24 12:23:02.181
31,24,17,8,-19,-6,-14,7,2025-02-24 12:23:02.193
7,-14,32,11,-5,0,1,45,2025-02-24 12:23:02.206
-25,-46,-5,-3,-10,1,19,13,2025-02-24 12:23:02.214
-21,70,10,5,-3,12,0,31,2025-02-24 12:23:02.226
-4,91,32,8,-12,-16,-4,17,2025-02-24 12:23:02.237
-15,-1,-34,-27,-8,-5,-35,11,2025-02-24 12:23:02.251
-1,9,-3,7,-18,8,-9,9,2025-02-24 12:23:02.259
34,0,5,-6,-35,-10,29,9,2025-02-24 12:23:02.271
34,0,5,-6,-35,-10,29,9,2025-02-24 12:23:02.282
15,-2,-7,4,-26,-4,-9,35,2025-02-24 12:23:02.293
15,-2,-7,4,-26,-4,-9,35,2025-02-24 12:23:02.304
-66,-42,-30,-9,-30,2,26,13,2025-02-24 12:23:02.316
-18,-3,-17,-9,-23,11,10,-23,2025-02-24 12:23:02.327
-18,-3,-17,-9,-23,11,10,-23,2025-02-24 12:23:02.338
11,-16,-29,-10,-27,-11,1,-5,2025-02-24 12:23:02.352
-18,6,-17,-1,-27,-3,-7,-18,2025-02-24 12:23:02.362
-18,6,-17,-1,-27,-3,-7,-18,2025-02-24 12:23:02.371
-18,-22,1,3,-28,-1,-3,-23,2025-02-24 12:23:02.382
-18,-22,1,3,-28,-1,-3,-23,2025-02-24 12:23:02.394
0,5,13,6,-25,13,2,-29,2025-02-24 12:23:02.405
80,-18,-6,0,-30,-8,-19,-9,2025-02-24 12:23:02.416
22,9,22,12,-34,-12,-28,22,2025-02-24 12:23:02.427
22,9,22,12,-34,-12,-28,22,2025-02-24 12:23:02.438
16,25,-13,-16,-29,5,9,-12,2025-02-24 12:23:02.450
-19,3,17,2,-14,4,-7,3,2025-02-24 12:23:02.464
28,47,13,1,-19,-3,-22,7,2025-02-24 12:23:02.472
28,47,13,1,-19,-3,-22,7,2025-02-24 12:23:02.482
26,-1,-19,-8,-16,2,31,-21,2025-02-24 12:23:02.494
9,-30,-13,5,-14,8,18,25,2025-02-24 12:23:02.505
55,18,-26,-11,-16,-1,-32,29,2025-02-24 12:23:02.519
23,2,-2,4,-18,-5,-3,34,2025-02-24 12:23:02.527
23,2,-2,4,-18,-5,-3,34,2025-02-24 12:23:02.538
-10,38,-9,-2,-2,20,25,28,2025-02-24 12:23:02.550
-10,38,-9,-2,-2,20,25,28,2025-02-24 12:23:02.563
21,4,-1,4,-7,-5,-14,-45,2025-02-24 12:23:02.572
23,6,-1,-3,-5,-1,-1,-31,2025-02-24 12:23:02.583
-34,7,21,2,-3,12,16,8,2025-02-24 12:23:02.595
-34,7,21,2,-3,12,16,8,2025-02-24 12:23:02.606
10,-2,-54,-14,-13,-8,21,17,2025-02-24 12:23:02.617
-24,-4,-9,-3,-6,-5,15,-22,2025-02-24 12:23:02.628
-24,-4,-9,-3,-6,-5,15,-22,2025-02-24 12:23:02.639
6,14,12,2,-3,-3,34,4,2025-02-24 12:23:02.650
6,14,12,2,-3,-3,34,4,2025-02-24 12:23:02.662
22,9,12,6,-8,-5,-7,-13,2025-02-24 12:23:02.676
22,9,12,6,-8,-5,-7,-13,2025-02-24 12:23:02.684
-3,-9,-7,6,-1,-3,-13,-8,2025-02-24 12:23:02.695
-54,-13,-3,-7,-2,4,1,-14,2025-02-24 12:23:02.706
30,-3,-15,-9,-8,-5,-4,-32,2025-02-24 12:23:02.718
-22,-13,2,-3,-3,7,-2,-4,2025-02-24 12:23:02.729
-30,11,26,3,-12,-2,-78,-3,2025-02-24 12:23:02.740
-27,28,-6,-8,-9,-13,-68,-7,2025-02-24 12:23:02.752
-27,28,-6,-8,-9,-13,-68,-7,2025-02-24 12:23:02.762
23,19,24,-2,-6,-2,-13,18,2025-02-24 12:23:02.776
-18,3,7,6,-4,2,21,6,2025-02-24 12:23:02.786
18,-14,-11,-4,-4,1,35,18,2025-02-24 12:23:02.796
14,-4,20,0,-3,4,37,1,2025-02-24 12:23:02.807
-2,-36,-41,-8,-2,-2,-39,-1,2025-02-24 12:23:02.819
2,-1,-12,-6,-7,-1,42,-17,2025-02-24 12:23:02.832
2,-1,-12,-6,-7,-1,42,-17,2025-02-24 12:23:02.841
4,0,8,-2,-5,-2,-10,5,2025-02-24 12:23:02.851
8,-21,-16,0,-3,3,-1,0,2025-02-24 12:23:02.862
-7,19,4,9,-1,-1,-13,-28,2025-02-24 12:23:02.873
-7,19,4,9,-1,-1,-13,-28,2025-02-24 12:23:02.887
24,1,-7,0,-2,-2,16,2,2025-02-24 12:23:02.896
16,-6,21,6,-8,-1,-6,5,2025-02-24 12:23:02.907
16,-6,21,6,-8,-1,-6,5,2025-02-24 12:23:02.919
4,-1,-11,-10,-7,-2,5,3,2025-02-24 12:23:02.930
4,-1,-11,-10,-7,-2,5,3,2025-02-24 12:23:02.941
3,-10,1,0,0,-1,-17,10,2025-02-24 12:23:02.952
3,-2,-23,-3,-4,0,41,15,2025-02-24 12:23:02.963
-12,-24,20,6,-3,0,34,12,2025-02-24 12:23:02.975
-4,9,6,3,-8,-7,6,-20,2025-02-24 12:23:02.989
14,-50,-22,-7,1,0,-60,-24,2025-02-24 12:23:02.999
-18,6,9,0,-10,-9,-84,-38,2025-02-24 12:23:03.008
38,17,-19,-7,0,0,6,-6,2025-02-24 12:23:03.020
38,17,-19,-7,0,0,6,-6,2025-02-24 12:23:03.030
-15,12,12,2,-2,-4,9,-7,2025-02-24 12:23:03.042
-15,12,12,2,-2,-4,9,-7,2025-02-24 12:23:03.053
-19,-14,-15,-4,-3,-1,-40,-21,2025-02-24 12:23:03.065
-19,-14,-15,-4,-3,-1,-40,-21,2025-02-24 12:23:03.075
-32,-5,-14,-10,-1,2,13,7,2025-02-24 12:23:03.087
29,19,10,3,-4,1,-14,18,2025-02-24 12:23:03.097
29,19,10,3,-4,1,-14,18,2025-02-24 12:23:03.111
18,14,29,5,-5,-2,-6,37,2025-02-24 12:23:03.120
24,27,10,-3,-2,4,-9,3,2025-02-24 12:23:03.130
-17,-13,-36,-8,-11,-7,47,11,2025-02-24 12:23:03.144
-3,26,7,0,3,4,-29,-10,2025-02-24 12:23:03.153
-3,26,7,0,3,4,-29,-10,2025-02-24 12:23:03.164
11,10,-1,-3,-4,3,-15,-8,2025-02-24 12:23:03.175
-41,1,12,1,-5,2,32,14,2025-02-24 12:23:03.187
12,-27,-4,-7,-8,-9,-19,-17,2025-02-24 12:23:03.198
65,35,5,-6,-6,-12,-13,35,2025-02-24 12:23:03.209
-60,-31,8,5,-9,-4,-17,-8,2025-02-24 12:23:03.223
-60,-31,8,5,-9,-4,-17,-8,2025-02-24 12:23:03.231
39,-3,-1,1,-1,-4,-2,-7,2025-02-24 12:23:03.242
-22,35,-53,-7,0,1,-43,-24,2025-02-24 12:23:03.253
-22,35,-53,-7,0,1,-43,-24,2025-02-24 12:23:03.264
22,14,8,7,3,7,68,-3,2025-02-24 12:23:03.275
22,14,8,7,3,7,68,-3,2025-02-24 12:23:03.287
-4,-18,-4,4,-5,-4,-13,-36,2025-02-24 12:23:03.300
52,12,-16,-10,-2,5,44,31,2025-02-24 12:23:03.309
52,12,-16,-10,-2,5,44,31,2025-02-24 12:23:03.321
48,-13,4,-2,-8,-17,-56,-7,2025-02-24 12:23:03.335
-22,13,30,8,-9,-3,5,-3,2025-02-24 12:23:03.343
-22,13,30,8,-9,-3,5,-3,2025-02-24 12:23:03.354
-20,-46,-16,-6,-4,-1,21,-7,2025-02-24 12:23:03.366
-20,-46,-16,-6,-4,-1,21,-7,2025-02-24 12:23:03.376
-49,-58,-30,-7,-4,-7,-37,14,2025-02-24 12:23:03.387
75,39,19,5,-4,-1,29,-1,2025-02-24 12:23:03.399
-6,14,14,-1,-5,-2,-20,-31,2025-02-24 12:23:03.410
-6,14,14,-1,-5,-2,-20,-31,2025-02-24 12:23:03.421
-11,6,10,5,-3,-6,-47,16,2025-02-24 12:23:03.435
-11,6,10,5,-3,-6,-47,16,2025-02-24 12:23:03.443
-15,7,0,-4,3,4,-4,-9,2025-02-24 12:23:03.457
51,41,28,4,1,3,-3,4,2025-02-24 12:23:03.466
9,2,7,2,-5,-5,47,-6,2025-02-24 12:23:03.477
-21,8,-9,-3,1,2,-27,-4,2025-02-24 12:23:03.488
-21,8,-9,-3,1,2,-27,-4,2025-02-24 12:23:03.499
-21,13,12,3,-3,0,4,-4,2025-02-24 12:23:03.511
-24,-11,-10,-3,-3,4,15,12,2025-02-24 12:23:03.522
-57,13,10,5,-3,-7,-26,-10,2025-02-24 12:23:03.536
35,21,1,-1,-1,-1,17,15,2025-02-24 12:23:03.544
-44,35,2,4,2,4,0,-4,2025-02-24 12:23:03.555
1,21,-4,-3,-2,-1,-3,2,2025-02-24 12:23:03.566
19,-5,-6,-3,-6,-5,3,9,2025-02-24 12:23:03.577
-31,-16,5,0,-3,-3,31,-19,2025-02-24 12:23:03.589
20,2,-23,-9,-6,-8,-41,-7,2025-02-24 12:23:03.600
-37,-14,-1,-7,-12,-10,6,-28,2025-02-24 12:23:03.614
-37,-14,-1,-7,-12,-10,6,-28,2025-02-24 12:23:03.623
-31,-14,7,5,-7,-4,1,7,2025-02-24 12:23:03.634
-31,-14,7,5,-7,-4,1,7,2025-02-24 12:23:03.647
-11,-20,-15,-4,0,0,-18,3,2025-02-24 12:23:03.655
44,1,15,6,-8,-7,-9,4,2025-02-24 12:23:03.666
31,17,-13,-3,-1,3,-15,12,2025-02-24 12:23:03.678
-11,-3,-37,-11,-6,-4,-11,-9,2025-02-24 12:23:03.689
-11,-3,-37,-11,-6,-4,-11,-9,2025-02-24 12:23:03.700
24,0,21,5,-1,2,-4,3,2025-02-24 12:23:03.711
24,0,21,5,-1,2,-4,3,2025-02-24 12:23:03.723
-13,-11,18,6,-9,-10,20,-45,2025-02-24 12:23:03.734
-13,-11,18,6,-9,-10,20,-45,2025-02-24 12:23:03.748
-11,-22,0,3,-4,-4,19,-1,2025-02-24 12:23:03.757
-11,-22,0,3,-4,-4,19,-1,2025-02-24 12:23:03.770
31,25,19,6,0,8,31,22,2025-02-24 12:23:03.779
25,-11,-21,-10,-9,1,11,6,2025-02-24 12:23:03.790
-39,-28,-9,-2,-8,-3,13,-26,2025-02-24 12:23:03.801
-39,-28,-9,-2,-8,-3,13,-26,2025-02-24 12:23:03.812
-27,-18,-9,-1,-7,-1,-12,-7,2025-02-24 12:23:03.823
9,-5,-9,-6,-2,-3,-40,5,2025-02-24 12:23:03.834
40,-7,6,-2,-4,-3,28,4,2025-02-24 12:23:03.846
47,5,2,3,-3,0,2,3,2025-02-24 12:23:03.859
-62,-17,15,3,-7,-6,1,-28,2025-02-24 12:23:03.868
-62,-17,15,3,-7,-6,1,-28,2025-02-24 12:23:03.879
-48,-22,-58,-11,-1,-3,-29,4,2025-02-24 12:23:03.890
46,11,9,2,-1,5,4,10,2025-02-24 12:23:03.902
60,16,8,2,-2,-3,-16,12,2025-02-24 12:23:03.913
60,16,8,2,-2,-3,-16,12,2025-02-24 12:23:03.926
61,18,-5,-8,-1,2,5,19,2025-02-24 12:23:03.935
61,18,-5,-8,-1,2,5,19,2025-02-24 12:23:03.946
-42,-44,-15,-8,-4,2,-12,-1,2025-02-24 12:23:03.960
32,17,6,0,1,4,5,20,2025-02-24 12:23:03.969
32,17,6,0,1,4,5,20,2025-02-24 12:23:03.979
-49,-13,-14,-1,1,2,7,-1,2025-02-24 12:23:03.991
-49,-13,-14,-1,1,2,7,-1,2025-02-24 12:23:04.002
69,26,-14,-3,-2,-1,-6,14,2025-02-24 12:23:04.013
-7,-11,2,-3,-4,3,-45,1,2025-02-24 12:23:04.024
77,11,0,-2,-4,-3,-28,38,2025-02-24 12:23:04.035
78,23,-8,-3,-2,3,30,6,2025-02-24 12:23:04.046
-5,1,7,1,-8,2,9,12,2025-02-24 12:23:04.058
-37,-18,3,1,-7,-2,10,-16,2025-02-24 12:23:04.071
-37,-18,3,1,-7,-2,10,-16,2025-02-24 12:23:04.082
-52,-24,-18,-1,-12,-1,5,-23,2025-02-24 12:23:04.091
-52,-24,-18,-1,-12,-1,5,-23,2025-02-24 12:23:04.102
85,31,8,7,-24,2,-12,22,2025-02-24 12:23:04.114
66,2,-10,0,-29,-3,12,-23,2025-02-24 12:23:04.125
70,5,-8,-4,-18,-1,-17,14,2025-02-24 12:23:04.136
-59,-14,-19,-4,-14,-6,-18,-15,2025-02-24 12:23:04.147
-18,-1,9,-1,-11,0,3,3,2025-02-24 12:23:04.159
-22,-2,14,2,-12,-2,3,-7,2025-02-24 12:23:04.170
-22,-2,14,2,-12,-2,3,-7,2025-02-24 12:23:04.184
-54,-1,1,0,-9,1,6,-1,2025-02-24 12:23:04.192
-54,-1,1,0,-9,1,6,-1,2025-02-24 12:23:04.203
-14,-3,-3,-3,-10,-3,-1,0,2025-02-24 12:23:04.214
-17,-8,-8,-1,-12,-3,2,-15,2025-02-24 12:23:04.225
29,19,8,3,-6,-2,-3,5,2025-02-24 12:23:04.238
-16,-3,0,-1,-2,0,21,-5,2025-02-24 12:23:04.247
-14,-5,3,0,-2,-3,-6,-2,2025-02-24 12:23:04.258
-14,-5,3,0,-2,-3,-6,-2,2025-02-24 12:23:04.270
-19,-1,2,2,-3,0,-1,-2,2025-02-24 12:23:04.281
-13,-7,3,-1,-5,-2,-2,-4,2025-02-24 12:23:04.295
-13,-7,3,-1,-5,-2,-2,-4,2025-02-24 12:23:04.304
-5,-2,-5,-4,-1,1,-2,-1,2025-02-24 12:23:04.315
-15,-4,0,0,-23,0,3,-2,2025-02-24 12:23:04.326
-15,-4,0,0,-23,0,3,-2,2025-02-24 12:23:04.337
-10,-6,1,-1,-14,0,-6,-5,2025-02-24 12:23:04.348
-6,-6,1,-1,-17,-2,-2,0,2025-02-24 12:23:04.359
-4,4,3,0,-18,-1,-1,-1,2025-02-24 12:23:04.370
-9,-4,-2,-1,-19,0,-1,-2,2025-02-24 12:23:04.382
0,-1,-4,0,-18,-1,-5,-2,2025-02-24 12:23:04.395
-14,-9,0,-2,-15,-1,-1,-1,2025-02-24 12:23:04.404
2,1,0,-1,-19,-2,0,-2,2025-02-24 12:23:04.415
-9,-4,-5,-1,-19,-2,1,-4,2025-02-24 12:23:04.426
-12,16,2,1,-66,-5,-19,-5,2025-02-24 12:23:04.438
-12,16,2,1,-66,-5,-19,-5,2025-02-24 12:23:04.449
-1,1,-2,-2,-15,1,5,0,2025-02-24 12:23:04.460
-8,-6,1,-1,-7,-1,-2,0,2025-02-24 12:23:04.471
-1,-1,-4,-4,-1,0,3,0,2025-02-24 12:23:04.482
3,1,-5,0,-17,-1,2,0,2025-02-24 12:23:04.494
-1,-11,-4,-4,-29,-1,-4,-2,2025-02-24 12:23:04.507
1,2,8,3,-18,-1,3,-2,2025-02-24 12:23:04.516
-14,-1,-11,-6,-15,-1,0,-2,2025-02-24 12:23:04.527
-14,-1,-11,-6,-15,-1,0,-2,2025-02-24 12:23:04.538
3,4,0,5,-11,0,1,-4,2025-02-24 12:23:04.552
-2,-4,-3,-3,-13,0,-3,-6,2025-02-24 12:23:04.560
0,-1,1,0,-16,-2,-2,-2,2025-02-24 12:23:04.572
1,5,-1,-1,-27,-1,2,2,2025-02-24 12:23:04.583
-4,-9,-6,-3,-45,0,0,-2,2025-02-24 12:23:04.594
6,8,6,-2,-36,-2,1,4,2025-02-24 12:23:04.607
3,-7,-4,-6,-16,-3,-1,-1,2025-02-24 12:23:04.616
3,-7,-4,-6,-16,-3,-1,-1,2025-02-24 12:23:04.628
2,5,2,1,-9,-1,-3,1,2025-02-24 12:23:04.639
1,-3,-3,0,-7,-1,1,-2,2025-02-24 12:23:04.650
1,-3,-3,0,-7,-1,1,-2,2025-02-24 12:23:04.661
-5,-5,-2,0,-10,-2,0,-1,2025-02-24 12:23:04.672
-5,-5,-2,0,-10,-2,0,-1,2025-02-24 12:23:04.683
-3,-1,-10,-3,-15,-2,-1,0,2025-02-24 12:23:04.695
0,-6,0,0,-14,-2,-1,-3,2025-02-24 12:23:04.708
-7,-6,6,1,-14,0,0,-1,2025-02-24 12:23:04.720
1,1,-4,-3,-7,0,0,-1,2025-02-24 12:23:04.728
1,1,-4,-3,-7,0,0,-1,2025-02-24 12:23:04.740
1,1,-4,-3,-7,0,0,-1,2025-02-24 12:23:04.751
-5,1,-3,0,-2,-1,-1,-2,2025-02-24 12:23:04.762
-6,0,6,-1,-6,-1,-2,-1,2025-02-24 12:23:04.773
-6,-5,4,-4,-3,-2,-2,-1,2025-02-24 12:23:04.784
1,0,-5,0,-2,-1,1,-7,2025-02-24 12:23:04.794
1,0,-5,0,-2,-1,1,-7,2025-02-24 12:23:04.806
2,0,0,1,0,1,0,0,2025-02-24 12:23:04.817
-3,-1,0,1,-3,-1,0,0,2025-02-24 12:23:04.831
-1,-1,-3,-3,-5,-1,-1,1,2025-02-24 12:23:04.839
10,0,0,-1,-33,-2,-3,3,2025-02-24 12:23:04.851
10,0,0,-1,-33,-2,-3,3,2025-02-24 12:23:04.864
4,-4,-2,-2,-14,-2,2,3,2025-02-24 12:23:04.873
4,-4,-2,-2,-14,-2,2,3,2025-02-24 12:23:04.885
-4,-1,-1,-2,-12,1,-3,-2,2025-02-24 12:23:04.895
-4,-1,-1,-2,-12,1,-3,-2,2025-02-24 12:23:04.907
-2,-1,1,0,-17,0,-3,-2,2025-02-24 12:23:04.918
-4,-4,-5,-3,-32,-1,-2,-4,2025-02-24 12:23:04.931
-1,6,2,1,-45,-3,-1,2,2025-02-24 12:23:04.940
1,3,1,-1,-29,0,6,-6,2025-02-24 12:23:04.951
4,1,2,0,-27,0,-1,3,2025-02-24 12:23:04.962
9,-7,-3,-2,-32,-1,-2,-5,2025-02-24 12:23:04.974
-16,-10,-7,-3,-30,1,2,-2,2025-02-24 12:23:04.986
-9,1,-1,-1,-25,1,2,1,2025-02-24 12:23:04.996
5,8,6,2,-26,-4,-3,2,2025-02-24 12:23:05.007
10,28,12,7,-21,-1,-2,3,2025-02-24 12:23:05.021
8,4,2,2,-47,-3,0,-2,2025-02-24 12:23:05.033
5,-1,8,1,-3,-1,-1,-12,2025-02-24 12:23:05.041
5,-8,-30,-6,-43,1,-3,-1,2025-02-24 12:23:05.052
2,-22,-3,-3,-29,0,0,-3,2025-02-24 12:23:05.064
-28,-3,9,2,-12,0,-5,-35,2025-02-24 12:23:05.075
-28,-3,9,2,-12,0,-5,-35,2025-02-24 12:23:05.086
8,-13,-12,-11,-7,-3,-3,5,2025-02-24 12:23:05.097
-35,-21,17,5,-25,-8,-12,10,2025-02-24 12:23:05.108
20,7,-25,-2,0,2,-3,7,2025-02-24 12:23:05.119
-53,-12,-19,-5,-8,-4,5,0,2025-02-24 12:23:05.131
-68,19,1,0,4,7,3,30,2025-02-24 12:23:05.144
76,23,5,-3,4,-3,5,4,2025-02-24 12:23:05.153
76,23,5,-3,4,-3,5,4,2025-02-24 12:23:05.164
28,-8,0,0,-4,-3,-17,-41,2025-02-24 12:23:05.178
37,15,-4,0,-6,2,-1,-6,2025-02-24 12:23:05.187
37,15,-4,0,-6,2,-1,-6,2025-02-24 12:23:05.198
12,-8,-4,2,-8,2,-10,41,2025-02-24 12:23:05.208
12,-8,-4,2,-8,2,-10,41,2025-02-24 12:23:05.219
-24,-17,-5,-3,-4,3,10,7,2025-02-24 12:23:05.231
-24,-17,-5,-3,-4,3,10,7,2025-02-24 12:23:05.244
-39,-22,-8,-7,-7,-3,-1,51,2025-02-24 12:23:05.253
-2,2,7,-1,-5,1,8,9,2025-02-24 12:23:05.264
-28,10,12,7,-1,7,5,-52,2025-02-24 12:23:05.275
0,2,5,-2,-19,-7,9,36,2025-02-24 12:23:05.286
18,17,-22,-6,-7,0,7,36,2025-02-24 12:23:05.298
-23,5,-18,-2,-31,6,-1,-5,2025-02-24 12:23:05.309
11,-13,-6,1,-52,-6,22,0,2025-02-24 12:23:05.320
3,5,5,4,-36,0,-13,-5,2025-02-24 12:23:05.334
6,24,19,9,-23,4,1,-9,2025-02-24 12:23:05.345
-3,-4,-12,-10,-32,-3,2,-4,2025-02-24 12:23:05.354
11,5,-1,1,-29,-2,-10,-34,2025-02-24 12:23:05.365
11,5,-1,1,-29,-2,-10,-34,2025-02-24 12:23:05.376
25,3,1,-3,-33,-2,-10,24,2025-02-24 12:23:05.387
25,3,1,-3,-33,-2,-10,24,2025-02-24 12:23:05.399
30,6,-14,-7,-31,-6,0,23,2025-02-24 12:23:05.410
26,0,-2,-6,-28,-4,5,1,2025-02-24 12:23:05.421
15,7,-2,-1,-26,4,2,18,2025-02-24 12:23:05.432
15,7,-2,-1,-26,4,2,18,2025-02-24 12:23:05.443
15,7,-2,-1,-26,4,2,18,2025-02-24 12:23:05.457
34,-19,-5,-3,-32,-11,-12,-36,2025-02-24 12:23:05.465
-17,3,6,2,-26,2,3,-19,2025-02-24 12:23:05.478
-9,-6,-7,-5,-26,-2,-5,-2,2025-02-24 12:23:05.490
8,9,20,17,-27,4,-7,13,2025-02-24 12:23:05.498
-6,-4,-10,-10,-26,0,-4,-2,2025-02-24 12:23:05.509
-6,-4,-10,-10,-26,0,-4,-2,2025-02-24 12:23:05.521
-20,0,7,2,-26,2,-2,-52,2025-02-24 12:23:05.532
-20,0,7,2,-26,2,-2,-52,2025-02-24 12:23:05.543
8,-10,-10,-12,-29,-4,-6,14,2025-02-24 12:23:05.555
3,1,15,-2,-27,3,13,-13,2025-02-24 12:23:05.569
-13,11,3,-2,-13,-4,-20,2,2025-02-24 12:23:05.577
-13,11,3,-2,-13,-4,-20,2,2025-02-24 12:23:05.588
-32,-2,20,14,-4,1,-7,4,2025-02-24 12:23:05.600
-9,4,9,-6,-3,1,14,-34,2025-02-24 12:23:05.611
-54,-2,-8,-3,-5,-8,7,-3,2025-02-24 12:23:05.622
-6,-11,-31,-1,-2,-1,-6,1,2025-02-24 12:23:05.633
-8,-2,-1,-2,-2,1,15,27,2025-02-24 12:23:05.647
-2,-14,-3,4,-4,0,-13,11,2025-02-24 12:23:05.655
-2,-14,-3,4,-4,0,-13,11,2025-02-24 12:23:05.667
-2,-14,-3,4,-4,0,-13,11,2025-02-24 12:23:05.681
-34,8,11,3,0,-1,-18,-13,2025-02-24 12:23:05.689
-34,8,11,3,0,-1,-18,-13,2025-02-24 12:23:05.699
47,3,27,14,-2,3,4,-32,2025-02-24 12:23:05.711
-43,-8,8,-1,-4,-4,-1,5,2025-02-24 12:23:05.722
-46,-5,-26,-10,-5,-1,-2,9,2025-02-24 12:23:05.734
38,12,-24,-1,-5,0,-10,1,2025-02-24 12:23:05.745
38,12,-24,-1,-5,0,-10,1,2025-02-24 12:23:05.756
-9,-7,-29,-13,-9,-6,2,-31,2025-02-24 12:23:05.768
-18,-8,5,2,-2,1,-11,4,2025-02-24 12:23:05.781
-18,-8,5,2,-2,1,-11,4,2025-02-24 12:23:05.789
-45,1,12,7,-5,-5,-21,-5,2025-02-24 12:23:05.804
-72,15,4,-9,-6,-1,20,22,2025-02-24 12:23:05.811
-1,-13,14,4,-1,5,-12,-14,2025-02-24 12:23:05.823
-1,-13,14,4,-1,5,-12,-14,2025-02-24 12:23:05.834
-50,-1,19,7,-7,-4,10,-10,2025-02-24 12:23:05.845
12,-14,-30,-17,-5,-4,0,-26,2025-02-24 12:23:05.856
-10,3,-14,-6,-5,-7,2,-48,2025-02-24 12:23:05.868
6,-22,-24,-7,-3,2,-2,10,2025-02-24 12:23:05.879
6,-22,-24,-7,-3,2,-2,10,2025-02-24 12:23:05.892
15,9,-16,-7,-4,-1,-7,13,2025-02-24 12:23:05.901
15,9,-16,-7,-4,-1,-7,13,2025-02-24 12:23:05.912
68,5,-33,-8,-1,-4,-16,11,2025-02-24 12:23:05.924
-25,-6,-16,-4,-2,-2,-8,3,2025-02-24 12:23:05.934
44,0,4,-3,-5,4,7,50,2025-02-24 12:23:05.945
43,16,2,4,-1,-6,-17,33,2025-02-24 12:23:05.958
9,13,24,2,-3,7,3,0,2025-02-24 12:23:05.968
-68,-15,16,3,-15,-16,-19,-55,2025-02-24 12:23:05.979
20,11,12,7,-3,5,9,11,2025-02-24 12:23:05.992
-22,3,36,14,-5,-3,-2,22,2025-02-24 12:23:06.002
-47,0,-8,-7,-1,2,16,-9,2025-02-24 12:23:06.012
40,5,7,-1,-4,2,1,-26,2025-02-24 12:23:06.024
9,9,3,-2,-6,-5,-9,-14,2025-02-24 12:23:06.036
9,9,3,-2,-6,-5,-9,-14,2025-02-24 12:23:06.046
21,8,9,4,-7,2,22,21,2025-02-24 12:23:06.058
37,4,3,7,-6,-1,-7,-4,2025-02-24 12:23:06.069
5,-10,-24,-8,-8,-1,0,7,2025-02-24 12:23:06.079
5,-10,-24,-8,-8,-1,0,7,2025-02-24 12:23:06.091
-21,-7,-37,-8,-5,0,12,18,2025-02-24 12:23:06.104
-4,-5,20,2,-9,0,-12,-1,2025-02-24 12:23:06.115
-4,-5,20,2,-9,0,-12,-1,2025-02-24 12:23:06.124
-4,-5,20,2,-9,0,-12,-1,2025-02-24 12:23:06.135
25,4,3,6,-5,1,-5,-20,2025-02-24 12:23:06.146
-47,4,-4,-12,-8,-2,-7,18,2025-02-24 12:23:06.158
-33,4,16,5,-6,-2,-16,-12,2025-02-24 12:23:06.169
12,-5,8,6,-8,-5,-17,-49,2025-02-24 12:23:06.180
-19,-4,-2,-8,-7,2,2,-11,2025-02-24 12:23:06.191
-15,8,8,3,-2,7,-16,16,2025-02-24 12:23:06.203
-32,-23,-13,-6,-12,-16,-50,-10,2025-02-24 12:23:06.216
-1,4,13,-1,-5,4,19,23,2025-02-24 12:23:06.225
-31,-2,-46,-2,-5,-3,3,-11,2025-02-24 12:23:06.236
-31,-2,-46,-2,-5,-3,3,-11,2025-02-24 12:23:06.247
28,-10,-5,-8,-9,-4,6,8,2025-02-24 12:23:06.258
-27,1,24,3,-2,-1,9,14,2025-02-24 12:23:06.272
-27,1,24,3,-2,-1,9,14,2025-02-24 12:23:06.281
-25,-15,-29,-12,-9,-8,0,-12,2025-02-24 12:23:06.292
32,2,14,-1,-6,2,10,32,2025-02-24 12:23:06.303
32,2,14,-1,-6,2,10,32,2025-02-24 12:23:06.317
-15,-2,-4,5,-5,-4,-3,-7,2025-02-24 12:23:06.325
-38,4,-10,-2,1,3,9,-19,2025-02-24 12:23:06.337
-38,4,-10,-2,1,3,9,-19,2025-02-24 12:23:06.348
28,-2,-12,-12,-10,-4,36,15,2025-02-24 12:23:06.359
28,-2,-12,-12,-10,-4,36,15,2025-02-24 12:23:06.370
12,-7,5,0,-2,3,8,-5,2025-02-24 12:23:06.381
17,-6,8,1,-5,2,-4,0,2025-02-24 12:23:06.392
-9,0,5,0,-1,0,2,-11,2025-02-24 12:23:06.404
-9,0,5,0,-1,0,2,-11,2025-02-24 12:23:06.415
1,4,22,2,-3,-2,4,18,2025-02-24 12:23:06.429
-6,3,6,1,-5,1,17,12,2025-02-24 12:23:06.437
28,0,-2,0,-4,-1,1,-18,2025-02-24 12:23:06.448
-39,-3,7,-3,-5,-3,6,-26,2025-02-24 12:23:06.459
-39,-3,7,-3,-5,-3,6,-26,2025-02-24 12:23:06.471
29,-2,4,2,-6,-1,-5,22,2025-02-24 12:23:06.482
29,-2,4,2,-6,-1,-5,22,2025-02-24 12:23:06.493
9,4,1,8,-3,-3,9,-3,2025-02-24 12:23:06.504
37,13,6,4,-5,-3,-14,8,2025-02-24 12:23:06.515
37,13,6,4,-5,-3,-14,8,2025-02-24 12:23:06.527
0,3,-6,-2,-8,-5,-3,7,2025-02-24 12:23:06.541
-11,-10,3,5,-2,1,-2,-27,2025-02-24 12:23:06.549
-31,-2,1,0,0,3,6,12,2025-02-24 12:23:06.560
-31,-2,1,0,0,3,6,12,2025-02-24 12:23:06.572
5,6,4,-1,-2,1,-2,7,2025-02-24 12:23:06.585
5,6,4,-1,-2,1,-2,7,2025-02-24 12:23:06.594
-20,-4,-15,-2,-4,-4,-15,-18,2025-02-24 12:23:06.605
24,14,-3,-4,-7,-8,2,5,2025-02-24 12:23:06.616
-12,3,-35,-14,1,-1,2,13,2025-02-24 12:23:06.627
3,-10,20,7,-1,1,-14,5,2025-02-24 12:23:06.641
3,-10,20,7,-1,1,-14,5,2025-02-24 12:23:06.649
6,-3,6,7,-2,2,4,-1,2025-02-24 12:23:06.661
9,4,13,3,1,3,13,14,2025-02-24 12:23:06.672
9,4,13,3,1,3,13,14,2025-02-24 12:23:06.683
4,7,15,3,-3,0,-3,-1,2025-02-24 12:23:06.694
15,-5,-6,-4,-2,1,1,4,2025-02-24 12:23:06.705
40,2,-39,-11,-2,3,24,4,2025-02-24 12:23:06.716
-29,3,9,-1,-5,-2,-2,4,2025-02-24 12:23:06.728
20,4,3,0,-3,0,-2,1,2025-02-24 12:23:06.741
-17,-15,-10,-3,-7,-6,7,3,2025-02-24 12:23:06.753
1,7,25,13,-2,1,-10,2,2025-02-24 12:23:06.761
1,7,25,13,-2,1,-10,2,2025-02-24 12:23:06.772
1,7,-17,-6,-1,1,-11,8,2025-02-24 12:23:06.784
-2,13,5,6,-1,-5,7,11,2025-02-24 12:23:06.795
-2,13,5,6,-1,-5,7,11,2025-02-24 12:23:06.806
12,1,-18,-10,-4,-1,5,8,2025-02-24 12:23:06.818
5,-4,-7,1,0,-2,2,6,2025-02-24 12:23:06.828
-10,3,-13,-6,-3,0,7,-4,2025-02-24 12:23:06.839
-18,6,22,8,-1,1,6,12,2025-02-24 12:23:06.851
-18,6,22,8,-1,1,6,12,2025-02-24 12:23:06.864
-3,-14,-1,-5,-2,-1,-13,-4,2025-02-24 12:23:06.873
-3,-14,-1,-5,-2,-1,-13,-4,2025-02-24 12:23:06.884
-17,11,4,1,-5,-5,-4,-10,2025-02-24 12:23:06.898
-17,11,4,1,-5,-5,-4,-10,2025-02-24 12:23:06.906
5,7,6,0,-2,2,-3,2,2025-02-24 12:23:06.917
5,7,6,0,-2,2,-3,2,2025-02-24 12:23:06.929
5,7,6,0,-2,2,-3,2,2025-02-24 12:23:06.940
-9,-3,4,-1,-2,-4,-16,-2,2025-02-24 12:23:06.951
-9,-3,4,-1,-2,-4,-16,-2,2025-02-24 12:23:06.962
9,-8,-16,-7,-6,-6,1,-1,2025-02-24 12:23:06.976
1,-14,-15,-4,-3,0,2,-11,2025-02-24 12:23:06.985
16,-7,-8,-5,-2,2,-5,37,2025-02-24 12:23:06.995
-1,6,7,0,-1,0,2,-1,2025-02-24 12:23:07.007
-25,-4,7,0,0,-2,2,-7,2025-02-24 12:23:07.019
-5,3,8,3,-3,1,5,14,2025-02-24 12:23:07.029
-5,3,8,3,-3,1,5,14,2025-02-24 12:23:07.041
-4,-16,-22,-6,-2,0,-4,-7,2025-02-24 12:23:07.054
-5,-7,-22,-12,-5,-4,-5,-12,2025-02-24 12:23:07.063
-5,-7,-22,-12,-5,-4,-5,-12,2025-02-24 12:23:07.074
5,-4,-2,1,-3,1,-5,-3,2025-02-24 12:23:07.087
5,-4,-2,1,-3,1,-5,-3,2025-02-24 12:23:07.096
-14,-8,1,-1,-4,-1,-3,6,2025-02-24 12:23:07.107
3,8,2,-1,-5,-5,-21,-23,2025-02-24 12:23:07.118
12,2,-3,-5,-2,-3,4,6,2025-02-24 12:23:07.130
-15,-8,2,4,-4,-2,5,-10,2025-02-24 12:23:07.141
1,16,-1,0,0,2,-5,15,2025-02-24 12:23:07.153
4,-2,-11,-5,-4,-1,3,2,2025-02-24 12:23:07.163
4,-2,-11,-5,-4,-1,3,2,2025-02-24 12:23:07.175
-5,-7,6,4,-2,0,-13,-4,2025-02-24 12:23:07.186
-6,4,10,3,-2,3,9,2,2025-02-24 12:23:07.199
-3,-2,5,0,2,1,-3,-8,2025-02-24 12:23:07.211
-3,-2,5,0,2,1,-3,-8,2025-02-24 12:23:07.220
-2,-2,-6,-1,-4,0,2,-8,2025-02-24 12:23:07.230
-2,-1,1,-2,-3,-4,9,-3,2025-02-24 12:23:07.241
0,-9,-12,-7,-4,-1,-12,-7,2025-02-24 12:23:07.253
-5,1,4,0,-2,-2,2,5,2025-02-24 12:23:07.264
-5,1,4,0,-2,-2,2,5,2025-02-24 12:23:07.275
-9,-4,0,-3,-8,-8,-7,-5,2025-02-24 12:23:07.286
11,2,3,1,-2,-4,10,-4,2025-02-24 12:23:07.300
16,3,6,-3,-1,1,7,15,2025-02-24 12:23:07.308
16,3,6,-3,-1,1,7,15,2025-02-24 12:23:07.320
-17,-4,4,-2,-4,2,17,-4,2025-02-24 12:23:07.331
3,-13,1,-2,-3,-2,-5,3,2025-02-24 12:23:07.342
8,12,-1,1,3,2,-8,1,2025-02-24 12:23:07.353
8,12,-1,1,3,2,-8,1,2025-02-24 12:23:07.366
-2,-4,-9,2,-1,-1,-8,-1,2025-02-24 12:23:07.376
1,5,-2,-3,-3,-2,-6,-38,2025-02-24 12:23:07.386
0,-1,4,2,-1,0,1,-2,2025-02-24 12:23:07.398
0,-1,4,2,-1,0,1,-2,2025-02-24 12:23:07.411
4,11,2,-1,2,1,-6,4,2025-02-24 12:23:07.421
4,11,2,-1,2,1,-6,4,2025-02-24 12:23:07.432
-2,0,-4,2,-3,-4,-5,5,2025-02-24 12:23:07.443
-2,0,-4,2,-3,-4,-5,5,2025-02-24 12:23:07.454
8,4,-2,-2,-2,-4,-4,26,2025-02-24 12:23:07.465
6,-7,-8,-3,-2,-2,10,10,2025-02-24 12:23:07.476
1,-5,-10,-8,-4,1,0,8,2025-02-24 12:23:07.487
1,-5,-10,-8,-4,1,0,8,2025-02-24 12:23:07.498
-2,-15,-7,-5,-5,-2,7,-13,2025-02-24 12:23:07.511
1,2,6,3,-4,-1,-5,-3,2025-02-24 12:23:07.522
1,2,6,3,-4,-1,-5,-3,2025-02-24 12:23:07.532
1,2,6,3,-4,-1,-5,-3,2025-02-24 12:23:07.543
1,2,6,3,-4,-1,-5,-3,2025-02-24 12:23:07.554
2,-11,0,-4,-3,-4,-9,6,2025-02-24 12:23:07.565
2,-11,0,-4,-3,-4,-9,6,2025-02-24 12:23:07.577
-1,2,2,-1,-1,3,0,-2,2025-02-24 12:23:07.588
-6,-3,-7,-3,-6,-1,14,1,2025-02-24 12:23:07.599
5,4,4,2,-2,-2,3,-7,2025-02-24 12:23:07.613
5,4,4,2,-2,-2,3,-7,2025-02-24 12:23:07.621
3,-3,-3,-3,-4,-2,-7,-2,2025-02-24 12:23:07.632
2,-2,2,2,-4,0,-1,-3,2025-02-24 12:23:07.644
-4,-5,-2,0,-2,0,-5,-3,2025-02-24 12:23:07.655
0,13,-2,-1,-4,-2,-5,3,2025-02-24 12:23:07.666
5,8,2,-1,-3,-1,0,-1,2025-02-24 12:23:07.679
-9,-8,-6,-3,-2,-1,2,1,2025-02-24 12:23:07.688
-5,-5,-18,-5,-6,-3,-4,-48,2025-02-24 12:23:07.699
6,-1,4,3,-3,-2,-5,10,2025-02-24 12:23:07.711
-1,2,-1,1,-1,0,-36,10,2025-02-24 12:23:07.725
10,-4,6,-3,0,1,16,-6,2025-02-24 12:23:07.732
4,-6,3,1,-4,-1,-8,4,2025-02-24 12:23:07.744
4,-6,3,1,-4,-1,-8,4,2025-02-24 12:23:07.755
-12,0,-7,-1,-4,-1,-8,2,2025-02-24 12:23:07.767
-12,0,-7,-1,-4,-1,-8,2,2025-02-24 12:23:07.778
5,3,-3,0,-3,-2,1,-6,2025-02-24 12:23:07.789
-7,-5,-8,-2,-2,-1,2,0,2025-02-24 12:23:07.800
-7,-5,-8,-2,-2,-1,2,0,2025-02-24 12:23:07.811
-15,-2,0,0,-2,0,-7,-3,2025-02-24 12:23:07.825
14,-5,-2,-4,-4,-3,14,1,2025-02-24 12:23:07.836
14,-5,-2,-4,-4,-3,14,1,2025-02-24 12:23:07.845
-14,-2,-6,0,-2,0,-5,-3,2025-02-24 12:23:07.856
18,-1,-10,-5,-4,-4,0,-13,2025-02-24 12:23:07.867
5,0,3,-2,-2,-1,1,-4,2025-02-24 12:23:07.878
5,0,3,-2,-2,-1,1,-4,2025-02-24 12:23:07.889
-2,5,3,1,-3,-3,5,5,2025-02-24 12:23:07.901
9,0,-9,-4,-3,-1,-5,-1,2025-02-24 12:23:07.912
2,8,2,0,-1,2,2,1,2025-02-24 12:23:07.923
2,8,2,0,-1,2,2,1,2025-02-24 12:23:07.936
2,8,2,0,-1,2,2,1,2025-02-24 12:23:07.944
-3,-12,-30,-6,-4,-1,-6,-1,2025-02-24 12:23:07.956
13,-6,-7,-3,-5,2,-7,-7,2025-02-24 12:23:07.967
-3,-11,-6,-3,-4,-2,-6,-3,2025-02-24 12:23:07.979
-6,10,5,1,-4,0,13,4,2025-02-24 12:23:07.992
8,5,2,3,-5,-3,-2,7,2025-02-24 12:23:08.001
8,-8,-7,-4,-3,1,8,-3,2025-02-24 12:23:08.012
-19,1,5,4,-1,2,-5,-1,2025-02-24 12:23:08.023
-19,1,5,4,-1,2,-5,-1,2025-02-24 12:23:08.035
-7,-6,-9,-4,-7,0,-4,-1,2025-02-24 12:23:08.049
-1,-9,-5,-3,-5,-1,-3,-3,2025-02-24 12:23:08.057
-1,-9,-5,-3,-5,-1,-3,-3,2025-02-24 12:23:08.068
-5,-5,4,-1,-4,1,11,-3,2025-02-24 12:23:08.079
-13,-4,0,-1,-5,-1,6,-6,2025-02-24 12:23:08.090
-2,0,-2,-3,-3,0,3,0,2025-02-24 12:23:08.102
-7,7,11,2,-6,-1,-7,-6,2025-02-24 12:23:08.112
8,-2,3,0,-8,-3,-3,3,2025-02-24 12:23:08.123
8,-2,3,0,-8,-3,-3,3,2025-02-24 12:23:08.136
0,-2,5,0,-7,-3,-28,-4,2025-02-24 12:23:08.162
-4,-15,-7,-1,-7,-3,5,6,2025-02-24 12:23:08.166
-4,-15,-7,-1,-7,-3,5,6,2025-02-24 12:23:08.172
-6,-11,-8,-5,-5,0,-1,-2,2025-02-24 12:23:08.176
-6,-11,-8,-5,-5,0,-1,-2,2025-02-24 12:23:08.186
-6,-11,-8,-5,-5,0,-1,-2,2025-02-24 12:23:08.197
-7,-1,-1,-3,-6,2,-4,3,2025-02-24 12:23:08.209
-10,6,4,0,-4,4,13,8,2025-02-24 12:23:08.220
8,1,-5,-3,-7,-2,-5,3,2025-02-24 12:23:08.231
7,8,7,2,-4,1,-6,5,2025-02-24 12:23:08.241
7,8,7,2,-4,1,-6,5,2025-02-24 12:23:08.255
-10,-4,7,-3,-8,-3,-9,2,2025-02-24 12:23:08.263
5,4,-4,0,-7,0,-1,-6,2025-02-24 12:23:08.275
7,-15,-12,-4,-8,1,16,-12,2025-02-24 12:23:08.286
-17,-12,-11,-7,-11,-7,4,-23,2025-02-24 12:23:08.299
7,5,3,2,-5,0,-1,7,2025-02-24 12:23:08.308
-6,-7,-6,-5,-10,0,-2,6,2025-02-24 12:23:08.320
-3,1,1,0,-9,-1,-1,-2,2025-02-24 12:23:08.331
-8,0,-12,0,-6,0,0,2,2025-02-24 12:23:08.342
-8,0,-12,0,-6,0,0,2,2025-02-24 12:23:08.353
-8,0,-12,0,-6,0,0,2,2025-02-24 12:23:08.367
6,5,0,2,-5,-1,-2,0,2025-02-24 12:23:08.375
6,5,0,2,-5,-1,-2,0,2025-02-24 12:23:08.387
-13,2,6,-1,-9,-2,-7,4,2025-02-24 12:23:08.398
-4,-7,3,2,-8,-2,-1,2,2025-02-24 12:23:08.409
3,8,-1,-2,-9,-3,-10,7,2025-02-24 12:23:08.420
3,8,-1,-2,-9,-3,-10,7,2025-02-24 12:23:08.432
9,3,-1,-1,-6,0,11,3,2025-02-24 12:23:08.443
9,3,-1,-1,-6,0,11,3,2025-02-24 12:23:08.457
-10,-20,-12,-5,-9,-4,-4,-11,2025-02-24 12:23:08.467
0,-8,6,3,-10,-4,-9,-17,2025-02-24 12:23:08.476
6,2,1,-3,-9,-2,-8,5,2025-02-24 12:23:08.488
6,2,1,-3,-9,-2,-8,5,2025-02-24 12:23:08.499
-3,3,3,2,-1,0,11,7,2025-02-24 12:23:08.510
7,1,5,-1,-10,-2,-14,-36,2025-02-24 12:23:08.521
9,3,-4,-1,-9,1,-5,11,2025-02-24 12:23:08.532
-4,0,1,2,-10,-1,-3,-7,2025-02-24 12:23:08.544
-4,0,1,2,-10,-1,-3,-7,2025-02-24 12:23:08.555
2,-1,6,1,-11,0,0,6,2025-02-24 12:23:08.566
3,-4,-5,-5,-8,0,-2,7,2025-02-24 12:23:08.580
0,-8,-7,-6,-13,-3,-10,-8,2025-02-24 12:23:08.588
0,-8,-7,-6,-13,-3,-10,-8,2025-02-24 12:23:08.600
-5,-8,2,0,-10,0,0,0,2025-02-24 12:23:08.613
-11,5,5,7,-8,-1,16,-5,2025-02-24 12:23:08.622
-11,5,5,7,-8,-1,16,-5,2025-02-24 12:23:08.634
5,-5,-5,-7,-11,-2,14,3,2025-02-24 12:23:08.646
-11,-5,-1,1,-8,-3,-4,-6,2025-02-24 12:23:08.657
1,0,-2,-1,-13,-1,-4,2,2025-02-24 12:23:08.669
1,0,-2,-1,-13,-1,-4,2,2025-02-24 12:23:08.682
-20,-17,-3,-6,-9,-2,-20,-8,2025-02-24 12:23:08.691
-7,-20,-22,-10,-21,-4,-7,-3,2025-02-24 12:23:08.703
2,1,-7,-3,-27,3,-4,4,2025-02-24 12:23:08.715
4,2,0,-2,-40,1,-2,2,2025-02-24 12:23:08.726
4,2,0,-2,-40,1,-2,2,2025-02-24 12:23:08.737
-1,2,11,2,-32,-3,12,-6,2025-02-24 12:23:08.749
5,6,0,2,-29,-3,-1,9,2025-02-24 12:23:08.761
5,6,0,2,-29,-3,-1,9,2025-02-24 12:23:08.774
-15,-2,-7,-4,-30,0,-2,-4,2025-02-24 12:23:08.786
16,7,-1,0,-31,-1,15,6,2025-02-24 12:23:08.794
16,7,-1,0,-31,-1,15,6,2025-02-24 12:23:08.806
5,3,6,4,-28,1,-8,3,2025-02-24 12:23:08.817
-5,-10,-14,-6,-28,1,-5,-5,2025-02-24 12:23:08.827
2,0,5,0,-27,-2,4,-3,2025-02-24 12:23:08.839
8,12,-1,0,-27,0,-5,1,2025-02-24 12:23:08.850
1,5,8,2,-28,-3,-6,-2,2025-02-24 12:23:08.861
1,5,8,2,-28,-3,-6,-2,2025-02-24 12:23:08.872
5,3,3,-3,-28,-1,-2,-2,2025-02-24 12:23:08.884
3,0,-4,0,-28,-4,3,1,2025-02-24 12:23:08.897
7,-4,5,-1,-27,1,-19,-3,2025-02-24 12:23:08.906
0,-5,-5,-4,-28,-1,5,-2,2025-02-24 12:23:08.918
6,4,0,1,-28,0,8,6,2025-02-24 12:23:08.931
6,4,0,1,-28,0,8,6,2025-02-24 12:23:08.939
-10,8,0,0,-20,1,3,-4,2025-02-24 12:23:08.950
-6,0,6,2,-17,-3,-3,2,2025-02-24 12:23:08.962
-1,-2,-6,-3,-14,0,-5,-6,2025-02-24 12:23:08.973
-6,2,5,2,-13,1,3,2,2025-02-24 12:23:08.984
7,-6,5,1,-17,-7,-22,-2,2025-02-24 12:23:08.997
7,-6,5,1,-17,-7,-22,-2,2025-02-24 12:23:09.006
-4,3,-1,1,-11,0,2,-1,2025-02-24 12:23:09.018
0,-12,-3,0,-10,-1,2,2,2025-02-24 12:23:09.029
0,-12,-3,0,-10,-1,2,2,2025-02-24 12:23:09.039
0,-2,0,0,-14,-1,1,3,2025-02-24 12:23:09.051
-1,-6,-1,1,-11,0,10,-1,2025-02-24 12:23:09.062
-8,-2,-4,-1,-11,-1,2,1,2025-02-24 12:23:09.073
-8,-2,-4,-1,-11,-1,2,1,2025-02-24 12:23:09.087
-3,-5,5,2,-14,-1,-2,-6,2025-02-24 12:23:09.098
-4,-1,-10,-4,-11,3,12,-2,2025-02-24 12:23:09.106
-17,-6,-7,-5,-15,-5,0,-3,2025-02-24 12:23:09.118
7,0,-2,-3,-14,-2,0,3,2025-02-24 12:23:09.129
3,-8,0,-2,-17,-5,-7,-1,2025-02-24 12:23:09.141
0,2,-12,-2,-12,-1,3,4,2025-02-24 12:23:09.152
0,2,-12,-2,-12,-1,3,4,2025-02-24 12:23:09.163
1,6,7,-2,-14,0,-8,-3,2025-02-24 12:23:09.174
-7,-2,5,1,-12,-2,-1,-1,2025-02-24 12:23:09.186
-7,-2,5,1,-12,-2,-1,-1,2025-02-24 12:23:09.197
1,-2,-2,-4,-15,-3,-3,2,2025-02-24 12:23:09.209
1,2,2,0,-14,-3,2,1,2025-02-24 12:23:09.218
-9,14,4,1,-14,-1,7,-4,2025-02-24 12:23:09.229
-9,14,4,1,-14,-1,7,-4,2025-02-24 12:23:09.243
-7,-2,-4,-4,-13,0,1,-1,2025-02-24 12:23:09.253
-7,-2,-4,-4,-13,0,1,-1,2025-02-24 12:23:09.263
-11,-10,-14,-5,-13,-2,3,-5,2025-02-24 12:23:09.274
-2,-14,-9,-5,-15,-2,2,-1,2025-02-24 12:23:09.286
12,1,9,-2,-13,1,-8,2,2025-02-24 12:23:09.297
12,1,9,-2,-13,1,-8,2,2025-02-24 12:23:09.308
4,-3,0,-2,-11,3,-6,3,2025-02-24 12:23:09.322
-1,2,-5,-5,-12,-2,8,0,2025-02-24 12:23:09.331
-1,2,-5,-5,-12,-2,8,0,2025-02-24 12:23:09.341
-4,3,12,3,-15,-2,-2,1,2025-02-24 12:23:09.353
-13,-18,4,1,-9,3,5,-5,2025-02-24 12:23:09.364
-18,-4,-10,0,-14,-10,-9,-22,2025-02-24 12:23:09.375
-9,-5,-1,2,-13,-2,-3,4,2025-02-24 12:23:09.387
-5,-1,6,-1,-12,2,6,0,2025-02-24 12:23:09.400
11,4,0,-2,-15,-1,1,4,2025-02-24 12:23:09.409
11,4,0,-2,-15,-1,1,4,2025-02-24 12:23:09.420
12,8,6,1,-13,-1,7,5,2025-02-24 12:23:09.434
-4,-2,0,-1,-14,-1,-18,-2,2025-02-24 12:23:09.442
-2,3,-3,-2,-15,-2,6,-4,2025-02-24 12:23:09.453
5,7,-4,1,-12,1,-1,13,2025-02-24 12:23:09.465
5,7,-4,1,-12,1,-1,13,2025-02-24 12:23:09.476
2,2,2,1,-13,1,1,-1,2025-02-24 12:23:09.487
2,2,2,1,-13,1,1,-1,2025-02-24 12:23:09.498
1,-4,10,1,-13,5,-9,-5,2025-02-24 12:23:09.509
1,-4,10,1,-13,5,-9,-5,2025-02-24 12:23:09.520
2,-5,-3,-1,-14,-2,0,3,2025-02-24 12:23:09.534
1,-6,0,-1,-14,-5,-17,-2,2025-02-24 12:23:09.542
1,-6,0,-1,-14,-5,-17,-2,2025-02-24 12:23:09.555
3,4,2,-2,-14,-3,4,3,2025-02-24 12:23:09.565
-8,-2,-2,-2,-12,1,8,0,2025-02-24 12:23:09.576
-8,-2,-2,-2,-12,1,8,0,2025-02-24 12:23:09.587
-19,7,5,2,-13,-2,0,2,2025-02-24 12:23:09.598
-5,-3,-10,-4,-14,-2,-9,-2,2025-02-24 12:23:09.609
-5,-3,-10,-4,-14,-2,-9,-2,2025-02-24 12:23:09.621
-6,6,-6,-1,-14,0,5,-2,2025-02-24 12:23:09.632
12,-1,-2,-5,-11,-1,-5,0,2025-02-24 12:23:09.645
12,-1,-2,-5,-11,-1,-5,0,2025-02-24 12:23:09.653
6,-3,4,-1,-14,-1,9,2,2025-02-24 12:23:09.665
6,-3,4,-1,-14,-1,9,2,2025-02-24 12:23:09.676
1,-6,-5,-4,-15,-2,-5,-1,2025-02-24 12:23:09.687
1,-6,-5,-4,-15,-2,-5,-1,2025-02-24 12:23:09.699
1,-3,1,2,-12,-2,12,3,2025-02-24 12:23:09.712
-3,-9,6,1,-12,0,-1,-2,2025-02-24 12:23:09.721
-3,-9,6,1,-12,0,-1,-2,2025-02-24 12:23:09.732
-3,-9,6,1,-12,0,-1,-2,2025-02-24 12:23:09.744
5,1,-5,-1,-15,-2,-6,-3,2025-02-24 12:23:09.758
-7,-2,-5,-5,-16,-4,4,-9,2025-02-24 12:23:09.766
-7,-2,-5,-5,-16,-4,4,-9,2025-02-24 12:23:09.777
6,0,4,4,-11,1,13,3,2025-02-24 12:23:09.789
6,0,4,4,-11,1,13,3,2025-02-24 12:23:09.800
15,2,6,0,-14,-2,-14,1,2025-02-24 12:23:09.811
-12,0,-6,-1,-14,-3,8,-10,2025-02-24 12:23:09.821
-12,0,-6,-1,-14,-3,8,-10,2025-02-24 12:23:09.832
-3,-5,-4,-1,-13,-3,-9,-4,2025-02-24 12:23:09.844
0,8,4,4,-8,2,-3,-1,2025-02-24 12:23:09.858
-4,-1,-3,-3,-14,-4,-4,4,2025-02-24 12:23:09.869
-4,-1,-3,-3,-14,-4,-4,4,2025-02-24 12:23:09.877
-5,-11,-7,-3,-13,-2,-5,-1,2025-02-24 12:23:09.888
-5,-11,-7,-3,-13,-2,-5,-1,2025-02-24 12:23:09.900
-11,10,0,-3,-14,-6,10,-15,2025-02-24 12:23:09.911
5,-3,-5,1,-11,-1,-2,-2,2025-02-24 12:23:09.922
-7,-9,-11,-8,-13,-1,-3,-2,2025-02-24 12:23:09.933
-7,-9,-11,-8,-13,-1,-3,-2,2025-02-24 12:23:09.945
-5,-21,-1,-3,-16,-1,-2,4,2025-02-24 12:23:09.956
-5,-21,-1,-3,-16,-1,-2,4,2025-02-24 12:23:09.970
-6,-1,-3,-2,-14,-2,5,-3,2025-02-24 12:23:09.978
6,7,4,4,-11,-4,-3,-7,2025-02-24 12:23:09.989
2,-2,2,-2,-12,-1,-10,4,2025-02-24 12:23:10.001
-7,6,4,1,-11,2,5,-1,2025-02-24 12:23:10.012
3,0,-9,-4,-12,0,-5,-1,2025-02-24 12:23:10.025
3,0,-9,-4,-12,0,-5,-1,2025-02-24 12:23:10.034
-9,-3,2,-3,-15,-3,-7,-4,2025-02-24 12:23:10.045
9,10,-5,-1,-9,3,-14,2,2025-02-24 12:23:10.056
0,-6,-11,-5,-15,-4,15,-1,2025-02-24 12:23:10.070
2,8,-13,-2,-13,-1,-2,0,2025-02-24 12:23:10.078
2,6,5,2,-13,-1,-8,2,2025-02-24 12:23:10.089
-4,-5,1,0,-12,2,1,2,2025-02-24 12:23:10.100
-14,-4,1,0,-13,-3,0,-2,2025-02-24 12:23:10.112
-9,-4,-23,-8,-15,-6,9,-2,2025-02-24 12:23:10.123
-9,-4,-23,-8,-15,-6,9,-2,2025-02-24 12:23:10.135
4,1,9,4,-12,-2,3,0,2025-02-24 12:23:10.146
4,1,9,4,-12,-2,3,0,2025-02-24 12:23:10.157
10,-2,1,0,-13,-2,1,7,2025-02-24 12:23:10.172
5,-2,7,-4,-14,-2,-8,-1,2025-02-24 12:23:10.181
5,-2,7,-4,-14,-2,-8,-1,2025-02-24 12:23:10.191
0,0,0,0,-14,1,-10,1,2025-02-24 12:23:10.202
-3,-10,-3,-2,-13,-1,0,-1,2025-02-24 12:23:10.213
-2,-4,-9,0,-13,0,-2,0,2025-02-24 12:23:10.224
-3,-9,10,2,-14,-1,-5,-2,2025-02-24 12:23:10.236
-1,-6,-17,-5,-12,-3,-2,-3,2025-02-24 12:23:10.246
1,1,-1,-1,-13,-3,0,-2,2025-02-24 12:23:10.257
-5,-9,-7,-4,-13,-2,-1,-1,2025-02-24 12:23:10.269
-5,0,-3,-3,-12,-2,2,-1,2025-02-24 12:23:10.283
1,4,1,1,-10,1,0,2,2025-02-24 12:23:10.291
-8,-9,-2,-3,-13,-1,-2,-9,2025-02-24 12:23:10.302
1,3,0,-1,-13,-1,-4,-3,2025-02-24 12:23:10.313
9,14,6,4,-11,-1,4,0,2025-02-24 12:23:10.324
-3,2,-2,-2,-13,-2,-4,1,2025-02-24 12:23:10.338
-3,2,-2,-2,-13,-2,-4,1,2025-02-24 12:23:10.346
4,-1,-4,-2,-14,1,-1,-2,2025-02-24 12:23:10.358
0,3,-1,1,-16,0,-2,-2,2025-02-24 12:23:10.369
0,3,-1,1,-16,0,-2,-2,2025-02-24 12:23:10.381
-1,0,2,1,-6,-1,3,0,2025-02-24 12:23:10.394
-1,0,2,1,-6,-1,3,0,2025-02-24 12:23:10.403
1,4,1,-2,-4,-2,0,0,2025-02-24 12:23:10.414
-2,-4,-2,-2,-2,-2,1,2,2025-02-24 12:23:10.425
1,-5,-2,-2,-3,-1,-8,5,2025-02-24 12:23:10.436
-7,-14,-7,-5,-8,-5,16,-4,2025-02-24 12:23:10.447
-7,-14,-7,-5,-8,-5,16,-4,2025-02-24 12:23:10.458
-5,4,3,1,-30,2,-9,-3,2025-02-24 12:23:10.469
-7,1,-2,-2,-24,-3,4,3,2025-02-24 12:23:10.480
-2,-1,-3,-2,-21,-1,-2,-2,2025-02-24 12:23:10.494
5,4,0,3,-16,-3,-2,-4,2025-02-24 12:23:10.505
5,4,0,3,-16,-3,-2,-4,2025-02-24 12:23:10.514
5,4,0,3,-16,-3,-2,-4,2025-02-24 12:23:10.525
-7,-3,6,-1,-24,2,1,3,2025-02-24 12:23:10.537
11,-12,-1,-4,-22,-5,-1,2,2025-02-24 12:23:10.548
7,13,-11,-8,-14,-2,-4,4,2025-02-24 12:23:10.559
4,-2,6,2,-10,-3,-9,2,2025-02-24 12:23:10.570
4,-2,6,2,-10,-3,-9,2,2025-02-24 12:23:10.582
-2,-4,1,-4,-16,0,-13,2,2025-02-24 12:23:10.593
12,13,1,1,-4,-1,4,-9,2025-02-24 12:23:10.604
7,-2,-1,1,2,4,10,12,2025-02-24 12:23:10.617
1,0,0,1,1,4,17,12,2025-02-24 12:23:10.626
1,0,0,1,1,4,17,12,2025-02-24 12:23:10.637
-2,-5,-4,-3,-1,-2,-5,-15,2025-02-24 12:23:10.651
6,8,4,1,-3,1,3,-1,2025-02-24 12:23:10.660
2,-7,-3,1,-8,-2,11,1,2025-02-24 12:23:10.671
2,-7,-3,1,-8,-2,11,1,2025-02-24 12:23:10.682
-5,-1,7,-1,-28,-3,-5,-8,2025-02-24 12:23:10.693
-5,-1,7,-1,-28,-3,-5,-8,2025-02-24 12:23:10.705
-1,-1,5,0,-4,-2,-1,-4,2025-02-24 12:23:10.718
-11,-2,-10,-3,-29,-2,-8,-15,2025-02-24 12:23:10.727
-11,-2,-10,-3,-29,-2,-8,-15,2025-02-24 12:23:10.738
0,1,0,1,-10,-3,-1,-4,2025-02-24 12:23:10.748
0,1,0,1,-10,-3,-1,-4,2025-02-24 12:23:10.760
-1,-1,2,-1,-31,0,-2,3,2025-02-24 12:23:10.771
-1,-1,2,-1,-31,0,-2,3,2025-02-24 12:23:10.782
-11,-5,-11,-4,-37,-7,-11,-16,2025-02-24 12:23:10.793
-4,-8,-4,-2,-29,1,1,2,2025-02-24 12:23:10.807
-4,-8,-4,-2,-29,1,1,2,2025-02-24 12:23:10.818
5,-3,-3,-1,-4,-2,5,2,2025-02-24 12:23:10.827
5,-3,-3,-1,-4,-2,5,2,2025-02-24 12:23:10.838
2,4,-3,-1,-1,0,-8,2,2025-02-24 12:23:10.849
2,6,2,0,-1,1,-1,-4,2025-02-24 12:23:10.860
-4,-1,2,-2,-4,0,-5,-2,2025-02-24 12:23:10.871
-4,-1,2,-2,-4,0,-5,-2,2025-02-24 12:23:10.882
-13,-1,-8,-2,-4,1,2,-4,2025-02-24 12:23:10.894
-13,-1,-8,-2,-4,1,2,-4,2025-02-24 12:23:10.905
-1,1,3,3,-1,1,-3,4,2025-02-24 12:23:10.916
4,-9,-2,-2,-6,-5,-4,3,2025-02-24 12:23:10.930
4,-9,-2,-2,-6,-5,-4,3,2025-02-24 12:23:10.938
0,-1,1,-2,-2,1,-2,-1,2025-02-24 12:23:10.950
-6,-2,-8,-3,-3,-2,-1,-2,2025-02-24 12:23:10.964
3,1,0,-1,-2,-1,-1,-4,2025-02-24 12:23:10.972
11,15,12,6,0,2,0,1,2025-02-24 12:23:10.984
4,2,2,-2,-4,1,-2,6,2025-02-24 12:23:10.995
3,3,-3,2,-2,-3,2,-2,2025-02-24 12:23:11.006
1,4,8,1,-1,-1,-1,-1,2025-02-24 12:23:11.018
1,5,-1,-2,-4,-2,-2,-3,2025-02-24 12:23:11.030
3,3,-2,2,1,0,-4,-8,2025-02-24 12:23:11.039
3,3,-2,2,1,0,-4,-8,2025-02-24 12:23:11.051
4,5,2,1,-3,1,-2,4,2025-02-24 12:23:11.062
-3,-4,-4,-2,-3,-3,6,-2,2025-02-24 12:23:11.073
-3,-4,-4,-2,-3,-3,6,-2,2025-02-24 12:23:11.084
-3,-9,-7,-2,0,-4,-2,-1,2025-02-24 12:23:11.095
2,6,4,2,-4,-2,4,0,2025-02-24 12:23:11.106
-3,-12,5,-2,-8,-2,-3,0,2025-02-24 12:23:11.120
-2,0,-2,-3,-4,-5,-22,0,2025-02-24 12:23:11.131
-2,0,-2,-3,-4,-5,-22,0,2025-02-24 12:23:11.140
3,0,0,2,-2,1,0,-3,2025-02-24 12:23:11.151
3,0,0,2,-2,1,0,-3,2025-02-24 12:23:11.162
0,13,-4,0,-2,0,0,-5,2025-02-24 12:23:11.173
0,13,-4,0,-2,0,0,-5,2025-02-24 12:23:11.185
-7,-2,-1,-2,-3,-1,1,1,2025-02-24 12:23:11.195
-7,-2,-1,-2,-3,-1,1,1,2025-02-24 12:23:11.207
12,0,-9,0,-5,1,10,7,2025-02-24 12:23:11.218
3,-2,-2,-4,-2,-2,-8,3,2025-02-24 12:23:11.229
2,5,3,0,-2,0,0,0,2025-02-24 12:23:11.242
-3,-4,-1,-2,-5,-4,7,1,2025-02-24 12:23:11.252
-3,-4,-1,-2,-5,-4,7,1,2025-02-24 12:23:11.263
-6,-11,-9,-6,-4,-2,-19,-7,2025-02-24 12:23:11.276
1,0,2,-1,-2,2,6,1,2025-02-24 12:23:11.286
1,0,2,-1,-2,2,6,1,2025-02-24 12:23:11.296
4,3,1,-1,-3,-3,-5,-2,2025-02-24 12:23:11.308
-14,-13,-5,-3,-4,-2,6,-5,2025-02-24 12:23:11.319
1,4,3,2,-2,-3,2,1,2025-02-24 12:23:11.330
-1,3,-2,2,0,-1,-3,0,2025-02-24 12:23:11.344
-3,1,-1,-3,-1,-1,-3,0,2025-02-24 12:23:11.353
-3,1,-1,-3,-1,-1,-3,0,2025-02-24 12:23:11.364
4,7,1,0,-1,-1,2,-2,2025-02-24 12:23:11.375
4,7,1,0,-1,-1,2,-2,2025-02-24 12:23:11.386
3,7,1,0,-2,0,1,-3,2025-02-24 12:23:11.397
-4,-3,-6,-3,-3,-1,-1,-4,2025-02-24 12:23:11.408
-4,-5,-4,-2,-1,0,-1,-1,2025-02-24 12:23:11.419
-6,-7,-3,-3,-3,-2,-4,-1,2025-02-24 12:23:11.433
-6,-7,-3,-3,-3,-2,-4,-1,2025-02-24 12:23:11.443
-3,-4,1,1,-5,-1,-1,-2,2025-02-24 12:23:11.452
-3,-11,-6,-4,-5,-2,-2,-1,2025-02-24 12:23:11.463
2,3,-1,0,-4,-2,0,-2,2025-02-24 12:23:11.475
2,3,-1,0,-4,-2,0,-2,2025-02-24 12:23:11.486
-1,4,2,1,-1,-3,1,-2,2025-02-24 12:23:11.497
-1,4,2,1,-1,-3,1,-2,2025-02-24 12:23:11.508
0,-1,-1,-1,-3,-1,0,1,2025-02-24 12:23:11.520
0,1,-1,-2,-2,-2,-3,1,2025-02-24 12:23:11.530
0,1,-1,-2,-2,-2,-3,1,2025-02-24 12:23:11.542
-5,-3,0,-1,-5,-1,-1,-3,2025-02-24 12:23:11.556
-5,-3,0,-1,-5,-1,-1,-3,2025-02-24 12:23:11.564
-10,-17,-6,-4,-4,-1,-3,-4,2025-02-24 12:23:11.575
0,-2,0,-3,-2,-1,-2,-1,2025-02-24 12:23:11.589
3,2,-1,-2,0,1,1,-1,2025-02-24 12:23:11.598
3,5,2,2,1,3,0,-1,2025-02-24 12:23:11.609
3,5,2,2,1,3,0,-1,2025-02-24 12:23:11.621
-2,-1,-1,-1,-3,-1,0,-2,2025-02-24 12:23:11.632
3,7,1,0,-2,-2,1,1,2025-02-24 12:23:11.643
2,-3,-1,-1,-3,-2,-2,0,2025-02-24 12:23:11.653
2,-3,-1,-1,-3,-2,-2,0,2025-02-24 12:23:11.668
1,3,-1,-3,-4,-3,-1,-2,2025-02-24 12:23:11.675
1,3,-1,-3,-4,-3,-1,-2,2025-02-24 12:23:11.687
-3,0,0,-1,-3,-1,-3,-4,2025-02-24 12:23:11.698
2,3,0,-1,-2,-3,0,1,2025-02-24 12:23:11.709
-1,2,1,1,-3,-2,-1,0,2025-02-24 12:23:11.721
-7,-11,-7,-3,-2,0,0,-1,2025-02-24 12:23:11.731
-7,-11,-7,-3,-2,0,0,-1,2025-02-24 12:23:11.745
1,0,-4,-2,-5,-1,-1,0,2025-02-24 12:23:11.754
1,0,-4,-2,-5,-1,-1,0,2025-02-24 12:23:11.765
3,-1,-3,0,-5,-1,-2,-1,2025-02-24 12:23:11.779
-2,0,-2,-1,-4,-1,-2,-2,2025-02-24 12:23:11.787
2,5,3,0,-1,0,1,2,2025-02-24 12:23:11.799
-6,-12,-6,-4,-5,-2,-1,-1,2025-02-24 12:23:11.810
0,-3,-1,-1,-4,-2,1,-1,2025-02-24 12:23:11.821
1,2,2,-1,-3,-1,-2,-1,2025-02-24 12:23:11.833
-2,0,1,0,-4,-1,-1,-3,2025-02-24 12:23:11.844
-2,-1,0,1,-4,-1,-2,-2,2025-02-24 12:23:11.854
-2,-1,0,1,-4,-1,-2,-2,2025-02-24 12:23:11.866
0,3,-1,-1,-5,-3,-1,3,2025-02-24 12:23:11.880
0,3,-1,-1,-5,-3,-1,3,2025-02-24 12:23:11.888
-2,-1,-3,-4,-6,0,0,0,2025-02-24 12:23:11.902
-6,-6,-6,-4,-5,-1,-3,-3,2025-02-24 12:23:11.910
-6,-6,-6,-4,-5,-1,-3,-3,2025-02-24 12:23:11.922
-1,2,4,2,-4,0,-1,0,2025-02-24 12:23:11.932
-1,2,4,2,-4,0,-1,0,2025-02-24 12:23:11.944
1,2,-1,-1,-6,-2,-2,1,2025-02-24 12:23:11.955
-4,-3,-5,-3,-6,-4,-1,-2,2025-02-24 12:23:11.966
-6,-2,-1,-1,-4,-1,-1,-3,2025-02-24 12:23:11.978
2,4,-1,-1,-6,-1,0,2,2025-02-24 12:23:11.992
-6,-16,-14,-6,-8,-2,-1,-1,2025-02-24 12:23:11.999
-6,-16,-14,-6,-8,-2,-1,-1,2025-02-24 12:23:12.011
3,4,4,0,-4,0,1,0,2025-02-24 12:23:12.022
10,12,8,3,-5,0,-1,0,2025-02-24 12:23:12.033
10,12,8,3,-5,0,-1,0,2025-02-24 12:23:12.045
-1,6,3,2,-5,-1,1,-1,2025-02-24 12:23:12.058
-1,-1,2,1,-5,-2,-2,-1,2025-02-24 12:23:12.067
2,4,0,-1,-6,-1,-2,2,2025-02-24 12:23:12.078
-6,-5,-3,-1,-5,1,1,-4,2025-02-24 12:23:12.092
-3,-3,-1,-2,-4,0,0,-3,2025-02-24 12:23:12.100
-3,-1,0,0,-6,-2,-2,-1,2025-02-24 12:23:12.111
-3,-1,0,0,-6,-2,-2,-1,2025-02-24 12:23:12.123
1,1,-1,-3,-7,-3,0,-2,2025-02-24 12:23:12.134
1,1,-1,-3,-7,-3,0,-2,2025-02-24 12:23:12.145
5,0,0,-1,-6,-1,0,2,2025-02-24 12:23:12.156
5,0,0,-1,-6,-1,0,2,2025-02-24 12:23:12.167
-4,-7,-2,-1,-5,0,0,-2,2025-02-24 12:23:12.179
-1,0,0,-1,-7,-2,-1,1,2025-02-24 12:23:12.190
0,4,0,1,-8,-1,-1,-2,2025-02-24 12:23:12.204
-1,0,1,0,-5,-2,-2,-4,2025-02-24 12:23:12.214
-1,0,1,0,-5,-2,-2,-4,2025-02-24 12:23:12.223
4,3,4,0,-5,0,0,1,2025-02-24 12:23:12.234
-11,-18,-9,-6,-7,-1,-1,-4,2025-02-24 12:23:12.245
-2,-5,-4,-3,-6,0,-1,-1,2025-02-24 12:23:12.257
-2,-5,-4,-3,-6,0,-1,-1,2025-02-24 12:23:12.269
-3,-7,-3,-3,-10,-1,-2,-1,2025-02-24 12:23:12.279
0,3,2,0,-10,0,0,0,2025-02-24 12:23:12.290
0,3,2,0,-10,0,0,0,2025-02-24 12:23:12.302
-1,-1,-2,-2,-29,-2,-1,0,2025-02-24 12:23:12.315
-2,4,-5,-2,-24,-2,-1,-1,2025-02-24 12:23:12.325
0,3,4,1,-22,0,-3,-3,2025-02-24 12:23:12.336
0,3,4,1,-22,0,-3,-3,2025-02-24 12:23:12.347
-5,-8,-10,-5,-20,-1,-1,0,2025-02-24 12:23:12.357
-5,-8,-10,-5,-20,-1,-1,0,2025-02-24 12:23:12.370
2,8,2,3,-18,-1,-2,-1,2025-02-24 12:23:12.379
3,2,2,1,-17,-1,-1,2,2025-02-24 12:23:12.390
-1,2,-2,-2,-15,-1,-1,-1,2025-02-24 12:23:12.402
0,2,0,-1,-15,-1,-2,0,2025-02-24 12:23:12.413
0,2,0,-1,-15,-1,-2,0,2025-02-24 12:23:12.427
2,1,-1,-2,-19,-1,1,0,2025-02-24 12:23:12.436
-5,0,-1,-1,-17,-2,-1,-1,2025-02-24 12:23:12.447
1,2,3,1,-17,1,0,-1,2025-02-24 12:23:12.458
0,-4,-5,-4,-18,-1,0,-2,2025-02-24 12:23:12.470
1,2,2,-1,-17,-1,-3,-2,2025-02-24 12:23:12.481
-4,-8,-4,-2,-17,-1,0,0,2025-02-24 12:23:12.492
2,-1,1,2,-19,-2,-1,-2,2025-02-24 12:23:12.504
0,-2,-1,-2,-19,-1,-1,1,2025-02-24 12:23:12.514
0,-2,-1,-2,-19,-1,-1,1,2025-02-24 12:23:12.528
-7,-14,-6,-4,-20,-3,-2,-3,2025-02-24 12:23:12.537
-7,-14,-6,-4,-20,-3,-2,-3,2025-02-24 12:23:12.547
-2,0,1,0,-18,1,-2,-2,2025-02-24 12:23:12.559
-5,-2,-1,0,-17,-1,0,-2,2025-02-24 12:23:12.570
1,6,6,3,-16,1,0,-1,2025-02-24 12:23:12.581
2,-1,-2,-1,-19,-1,-2,0,2025-02-24 12:23:12.592
2,3,0,-1,-19,-3,0,-1,2025-02-24 12:23:12.603
-4,-5,-4,-2,-21,-4,-1,-1,2025-02-24 12:23:12.614
1,1,-1,2,-23,0,-3,-2,2025-02-24 12:23:12.626
1,1,-1,2,-23,0,-3,-2,2025-02-24 12:23:12.640
-2,-7,0,-2,-26,-2,-1,0,2025-02-24 12:23:12.648
-1,2,-1,0,-24,1,-2,-4,2025-02-24 12:23:12.659
-1,0,0,-1,-25,-3,0,-1,2025-02-24 12:23:12.670
-2,-4,-2,-2,-24,-2,0,0,2025-02-24 12:23:12.684
0,-7,-2,-4,-24,0,0,1,2025-02-24 12:23:12.693
0,0,-3,-2,-22,2,-1,-2,2025-02-24 12:23:12.704
-2,-7,-4,0,-23,-1,0,0,2025-02-24 12:23:12.715
-2,-7,-4,0,-23,-1,0,0,2025-02-24 12:23:12.727
2,4,0,-1,-19,-1,-1,0,2025-02-24 12:23:12.740
2,4,0,-1,-19,-1,-1,0,2025-02-24 12:23:12.749
2,4,0,-1,-19,-1,-1,0,2025-02-24 12:23:12.759
-3,-2,-2,-4,-22,-2,-1,-1,2025-02-24 12:23:12.770
-8,-8,-4,-3,-25,-4,-1,-3,2025-02-24 12:23:12.782
1,-2,-1,-1,-23,-1,1,0,2025-02-24 12:23:12.793
1,-2,-1,-1,-23,-1,1,0,2025-02-24 12:23:12.804
-2,3,-2,1,-26,-1,-3,0,2025-02-24 12:23:12.815
-2,3,-2,1,-26,-1,-3,0,2025-02-24 12:23:12.826
4,1,-2,-1,-28,1,-1,0,2025-02-24 12:23:12.840
-2,-1,-1,-2,-26,-3,-1,0,2025-02-24 12:23:12.852
-3,-3,1,-2,-26,-2,-2,-1,2025-02-24 12:23:12.861
-3,-3,1,-2,-26,-2,-2,-1,2025-02-24 12:23:12.872
1,3,-3,-2,-24,-1,-2,-3,2025-02-24 12:23:12.883
-4,-5,-4,-3,-24,-1,0,0,2025-02-24 12:23:12.894
-2,-2,-8,-3,-22,-1,-2,-1,2025-02-24 12:23:12.905
-2,-2,-8,-3,-22,-1,-2,-1,2025-02-24 12:23:12.917
1,0,4,0,-19,0,0,0,2025-02-24 12:23:12.927
-3,1,-1,0,-20,-2,-1,-1,2025-02-24 12:23:12.938
-1,-3,3,0,-22,-3,-2,0,2025-02-24 12:23:12.950
0,-2,-1,1,-20,0,-1,-1,2025-02-24 12:23:12.964
2,3,0,0,-19,-1,0,0,2025-02-24 12:23:12.972
2,3,0,0,-19,-1,0,0,2025-02-24 12:23:12.983
2,1,-1,-1,-23,-1,-1,0,2025-02-24 12:23:12.996
-3,1,-2,-2,-32,-2,0,-1,2025-02-24 12:23:13.006
-1,1,-2,1,-28,0,-1,-3,2025-02-24 12:23:13.017
5,8,5,4,-33,0,0,1,2025-02-24 12:23:13.028
-1,2,1,-2,-33,-1,-2,-1,2025-02-24 12:23:13.039
-2,0,-1,-3,-35,-1,-1,-1,2025-02-24 12:23:13.050
2,-4,1,-2,-36,-2,-1,1,2025-02-24 12:23:13.064
0,1,-2,0,-36,-1,-2,-1,2025-02-24 12:23:13.073
0,3,-1,0,-30,0,-2,-2,2025-02-24 12:23:13.084
0,1,0,2,-26,-2,-1,0,2025-02-24 12:23:13.095
0,1,0,2,-26,-2,-1,0,2025-02-24 12:23:13.107
-1,-2,-1,-1,-26,0,-2,-1,2025-02-24 12:23:13.118
-2,-6,1,-1,-24,0,0,-2,2025-02-24 12:23:13.128
-8,-10,-8,-6,-26,0,-1,-3,2025-02-24 12:23:13.140
-1,-7,-1,-1,-22,-1,-1,-1,2025-02-24 12:23:13.153
-4,-6,-5,-5,-22,-2,-1,-4,2025-02-24 12:23:13.164
0,-1,5,1,-25,-1,0,-1,2025-02-24 12:23:13.173
0,-1,5,1,-25,-1,0,-1,2025-02-24 12:23:13.184
0,-1,5,1,-25,-1,0,-1,2025-02-24 12:23:13.195
0,2,-1,-1,-27,-2,-2,-1,2025-02-24 12:23:13.206
-5,-10,0,-1,-25,-1,-3,-1,2025-02-24 12:23:13.218
-5,-10,0,-1,-25,-1,-3,-1,2025-02-24 12:23:13.228
-6,-3,-5,-4,-24,-1,-2,-4,2025-02-24 12:23:13.240
-5,-8,-2,-2,-24,-1,0,-2,2025-02-24 12:23:13.251
-5,-8,-2,-2,-24,-1,0,-2,2025-02-24 12:23:13.263
-1,-1,-3,-1,-24,0,1,0,2025-02-24 12:23:13.276
-1,-3,-6,-4,-25,-1,1,0,2025-02-24 12:23:13.286
3,3,3,2,-26,-2,-2,-1,2025-02-24 12:23:13.297
3,3,3,2,-26,-2,-2,-1,2025-02-24 12:23:13.309
-1,2,-5,-1,-23,1,0,-1,2025-02-24 12:23:13.318
-1,2,-5,-1,-23,1,0,-1,2025-02-24 12:23:13.329
-2,-6,0,-1,-25,-4,-10,-1,2025-02-24 12:23:13.341
-2,-6,0,-1,-25,-4,-10,-1,2025-02-24 12:23:13.352
-1,-2,0,1,-24,-2,0,-2,2025-02-24 12:23:13.363
2,2,-1,-3,-21,-1,-3,0,2025-02-24 12:23:13.377
-4,-10,-1,-3,-23,-1,8,-1,2025-02-24 12:23:13.385
2,3,3,0,-23,0,1,0,2025-02-24 12:23:13.397
2,3,3,0,-23,0,1,0,2025-02-24 12:23:13.408
-1,-1,-1,-3,-23,3,-3,-1,2025-02-24 12:23:13.419
-1,-1,-1,-3,-23,3,-3,-1,2025-02-24 12:23:13.430
-3,5,-2,-1,-23,-3,-3,-1,2025-02-24 12:23:13.441
-10,-9,-6,-4,-23,-3,0,-2,2025-02-24 12:23:13.453
-2,-6,-4,-2,-22,0,0,-2,2025-02-24 12:23:13.468
-3,4,-7,-3,-19,-1,0,-1,2025-02-24 12:23:13.478
-5,-6,-4,-1,-22,-2,-2,-2,2025-02-24 12:23:13.487
0,1,4,2,-23,-3,-3,0,2025-02-24 12:23:13.499
0,1,4,2,-23,-3,-3,0,2025-02-24 12:23:13.509
-1,-2,-3,-3,-25,0,-2,0,2025-02-24 12:23:13.520
-1,-2,-3,-3,-25,0,-2,0,2025-02-24 12:23:13.531
3,1,3,-1,-23,1,-1,0,2025-02-24 12:23:13.541
3,7,-2,-2,-24,0,-1,0,2025-02-24 12:23:13.552
-1,-1,-1,-2,-25,-1,-1,-2,2025-02-24 12:23:13.564
1,-2,-3,-2,-26,-2,0,0,2025-02-24 12:23:13.575
-8,-8,-1,-2,-24,-3,-3,-3,2025-02-24 12:23:13.589
-1,-3,-4,-3,-24,-3,-1,-1,2025-02-24 12:23:13.598
-3,3,1,0,-23,1,0,-3,2025-02-24 12:23:13.608
2,0,1,1,-22,-1,-1,-1,2025-02-24 12:23:13.622
-1,-1,0,2,-23,-1,-4,-1,2025-02-24 12:23:13.630
-1,-1,0,2,-23,-1,-4,-1,2025-02-24 12:23:13.642
0,-2,-2,-3,-22,0,0,-1,2025-02-24 12:23:13.653
-8,-15,-7,-4,-25,-5,-3,-3,2025-02-24 12:23:13.664
-8,-15,-7,-4,-25,-5,-3,-3,2025-02-24 12:23:13.676
-1,-9,-2,-1,-23,0,-1,1,2025-02-24 12:23:13.690
7,9,1,1,-22,1,1,0,2025-02-24 12:23:13.698
7,9,1,1,-22,1,1,0,2025-02-24 12:23:13.709
-3,-5,-6,-4,-25,-2,0,-2,2025-02-24 12:23:13.720
-3,-5,-6,-4,-25,-2,0,-2,2025-02-24 12:23:13.731
6,5,1,1,-23,-2,0,-2,2025-02-24 12:23:13.743
0,1,-1,-2,-23,-1,-1,-2,2025-02-24 12:23:13.754
0,1,-1,-2,-23,-1,-1,-2,2025-02-24 12:23:13.765
2,4,1,0,-22,-1,0,2,2025-02-24 12:23:13.778
2,4,1,0,-22,-1,0,2,2025-02-24 12:23:13.790
-4,-3,-2,-3,-24,-2,0,-2,2025-02-24 12:23:13.798
-4,-3,-2,-3,-24,-2,0,-2,2025-02-24 12:23:13.810
-8,-5,1,0,-19,0,-3,-3,2025-02-24 12:23:13.821
-8,-5,1,0,-19,0,-3,-3,2025-02-24 12:23:13.832
-1,-1,-1,-1,-20,-2,0,-1,2025-02-24 12:23:13.843
-1,-1,-1,-1,-20,-2,0,-1,2025-02-24 12:23:13.854
-2,-1,-2,-3,-21,-1,-2,-2,2025-02-24 12:23:13.866
1,1,-1,0,-26,0,2,0,2025-02-24 12:23:13.877
2,-4,0,0,-30,-1,0,0,2025-02-24 12:23:13.888
3,4,1,0,-33,-1,0,1,2025-02-24 12:23:13.902
3,4,1,0,-33,-1,0,1,2025-02-24 12:23:13.911
-2,-1,-1,-2,-30,-2,-1,0,2025-02-24 12:23:13.921
2,6,-1,-1,-27,-1,-1,-1,2025-02-24 12:23:13.935
1,2,0,0,-22,-2,-1,0,2025-02-24 12:23:13.943
2,4,-1,0,-19,-1,0,0,2025-02-24 12:23:13.954
-3,-4,-5,-1,-17,0,-2,-1,2025-02-24 12:23:13.965
0,1,0,-1,-19,0,0,-2,2025-02-24 12:23:13.977
0,1,0,-1,-19,0,0,-2,2025-02-24 12:23:13.988
-1,-4,-3,-5,-20,-2,-1,-2,2025-02-24 12:23:14.002
5,7,4,3,-18,0,-1,-1,2025-02-24 12:23:14.010
-3,-7,-3,-2,-17,-1,-2,-4,2025-02-24 12:23:14.021
-3,-7,-3,-2,-17,-1,-2,-4,2025-02-24 12:23:14.033
-2,-1,-3,-1,-18,-1,-1,0,2025-02-24 12:23:14.044
-1,-3,-1,-3,-18,-2,-2,0,2025-02-24 12:23:14.055
3,5,1,-1,-18,-3,4,-1,2025-02-24 12:23:14.066
0,0,-1,0,-19,-1,0,-1,2025-02-24 12:23:14.077
1,4,0,1,-19,1,-1,-1,2025-02-24 12:23:14.091
-2,-3,-1,0,-21,1,-2,0,2025-02-24 12:23:14.103
-4,-6,-3,-2,-21,1,-1,-4,2025-02-24 12:23:14.111
-5,-13,-4,-1,-20,0,1,-2,2025-02-24 12:23:14.122
-6,-6,1,-2,-19,-1,-2,-2,2025-02-24 12:23:14.133
-6,-6,1,-2,-19,-1,-2,-2,2025-02-24 12:23:14.145
1,-1,-1,-2,-20,-2,0,1,2025-02-24 12:23:14.156
-3,0,3,0,-20,0,2,-1,2025-02-24 12:23:14.167
7,15,7,3,-18,-3,0,0,2025-02-24 12:23:14.179
3,4,0,-1,-18,-3,1,1,2025-02-24 12:23:14.189
0,3,-2,0,-19,0,-2,0,2025-02-24 12:23:14.201
0,3,-2,0,-19,0,-2,0,2025-02-24 12:23:14.215
0,-4,4,2,-15,1,-1,0,2025-02-24 12:23:14.223
-5,-4,0,-2,-21,-1,-2,-2,2025-02-24 12:23:14.234
-3,1,-2,-3,-19,-1,-3,-6,2025-02-24 12:23:14.248
0,3,-2,1,-19,1,-2,2,2025-02-24 12:23:14.256
0,3,-2,1,-19,1,-2,2,2025-02-24 12:23:14.268
-12,-19,-7,-3,-17,1,-3,-6,2025-02-24 12:23:14.279
-12,-19,-7,-3,-17,1,-3,-6,2025-02-24 12:23:14.291
-5,-6,-9,-5,-21,-3,2,-2,2025-02-24 12:23:14.301
-5,-6,-9,-5,-21,-3,2,-2,2025-02-24 12:23:14.314
3,1,1,1,-21,-3,-5,-1,2025-02-24 12:23:14.323
3,1,1,1,-21,-3,-5,-1,2025-02-24 12:23:14.340
-2,-4,0,-2,-19,-1,0,0,2025-02-24 12:23:14.346
-2,-4,0,-2,-19,-1,0,0,2025-02-24 12:23:14.356
-3,0,-2,-1,-19,1,-2,-3,2025-02-24 12:23:14.368
-3,0,-2,-1,-19,1,-2,-3,2025-02-24 12:23:14.380
0,-2,-1,-2,-20,-1,0,-2,2025-02-24 12:23:14.390
0,-2,-1,-2,-20,-1,0,-2,2025-02-24 12:23:14.404
2,-2,-1,-1,-19,0,-1,0,2025-02-24 12:23:14.415
-2,0,-1,2,-17,1,0,-2,2025-02-24 12:23:14.424
-6,-8,-4,-4,-21,-3,-3,-2,2025-02-24 12:23:14.435
1,-5,-1,0,-20,-2,-2,0,2025-02-24 12:23:14.446
5,10,2,1,-18,0,-1,1,2025-02-24 12:23:14.458
-9,-11,-4,-5,-19,0,-2,-1,2025-02-24 12:23:14.469
2,3,-3,0,-20,-1,0,1,2025-02-24 12:23:14.480
2,3,-3,0,-20,-1,0,1,2025-02-24 12:23:14.503
4,3,2,-1,-18,1,0,1,2025-02-24 12:23:14.516
-3,-3,-2,-1,-20,-2,-1,-1,2025-02-24 12:23:14.522
0,-1,-3,-2,-20,-1,0,0,2025-02-24 12:23:14.531
0,-1,-3,-2,-20,-1,0,0,2025-02-24 12:23:14.542
-2,-1,-16,-4,-20,-2,-1,-1,2025-02-24 12:23:14.555
-2,0,4,1,-19,-1,-1,-1,2025-02-24 12:23:14.564
-2,0,4,1,-19,-1,-1,-1,2025-02-24 12:23:14.576
0,-1,2,0,-20,0,-1,-1,2025-02-24 12:23:14.587
-3,-6,-2,-7,-22,-2,-1,-2,2025-02-24 12:23:14.598
-5,-4,3,1,-19,-2,0,0,2025-02-24 12:23:14.609
1,-5,-3,-1,-18,0,-1,-2,2025-02-24 12:23:14.621
-2,-6,-9,-4,-20,-1,-2,-1,2025-02-24 12:23:14.632
1,6,7,3,-19,-1,0,0,2025-02-24 12:23:14.643
1,6,7,3,-19,-1,0,0,2025-02-24 12:23:14.654
0,-1,-1,-3,-19,-1,-1,-1,2025-02-24 12:23:14.665
-2,-4,-4,-2,-20,-1,-1,-2,2025-02-24 12:23:14.676
-2,-4,-4,-2,-20,-1,-1,-2,2025-02-24 12:23:14.687
0,4,4,1,-20,-2,-2,0,2025-02-24 12:23:14.698
-1,0,1,-2,-20,-2,-3,-2,2025-02-24 12:23:14.710
-7,-7,0,0,-21,-1,-2,-5,2025-02-24 12:23:14.721
-7,-7,0,0,-21,-1,-2,-5,2025-02-24 12:23:14.732
-2,-3,-6,-1,-21,-3,-1,1,2025-02-24 12:23:14.743
-2,-3,-6,-1,-21,-3,-1,1,2025-02-24 12:23:14.754
5,-4,0,-4,-17,0,0,1,2025-02-24 12:23:14.765
5,-4,0,-4,-17,0,0,1,2025-02-24 12:23:14.776
-1,-3,-4,-2,-21,0,2,1,2025-02-24 12:23:14.788
3,2,0,-2,-18,0,-1,-1,2025-02-24 12:23:14.799
1,6,5,-1,-19,-1,-2,-1,2025-02-24 12:23:14.810
-3,-9,-2,-2,-18,0,-1,-2,2025-02-24 12:23:14.821
-2,0,-4,-4,-23,-4,-2,-1,2025-02-24 12:23:14.833
-1,-2,-2,0,-21,0,-2,-3,2025-02-24 12:23:14.844
-2,-4,-1,-1,-22,-2,0,0,2025-02-24 12:23:14.855
-1,-3,-1,-3,-21,1,0,-2,2025-02-24 12:23:14.867
2,3,-2,2,-21,-1,-1,0,2025-02-24 12:23:14.877
-4,-3,-2,-1,-20,-2,-2,-3,2025-02-24 12:23:14.888
1,1,-1,0,-20,0,0,-2,2025-02-24 12:23:14.900
0,4,2,1,-18,0,0,0,2025-02-24 12:23:14.912
-1,-2,-1,0,-15,1,1,0,2025-02-24 12:23:14.924
-1,-2,-1,0,-15,1,1,0,2025-02-24 12:23:14.935
-3,1,0,-1,-19,-2,-1,-3,2025-02-24 12:23:14.945
-3,1,0,-1,-19,-2,-1,-3,2025-02-24 12:23:14.957
-4,-6,-2,0,-20,-3,-2,-1,2025-02-24 12:23:14.969
-4,-6,-2,0,-20,-3,-2,-1,2025-02-24 12:23:14.980
-10,-17,-7,-4,-21,-1,-3,-5,2025-02-24 12:23:14.991
6,9,2,0,-20,-2,-1,-1,2025-02-24 12:23:15.003
6,9,2,0,-20,-2,-1,-1,2025-02-24 12:23:15.015
6,10,3,3,-18,1,0,1,2025-02-24 12:23:15.028
0,6,3,1,-19,-3,0,-1,2025-02-24 12:23:15.037
-1,-3,-3,-2,-19,0,0,2,2025-02-24 12:23:15.049
-3,-2,1,0,-19,-3,-1,-1,2025-02-24 12:23:15.060
-3,-2,1,0,-19,-3,-1,-1,2025-02-24 12:23:15.072
2,5,-3,1,-19,-3,-3,-1,2025-02-24 12:23:15.083
1,2,0,0,-18,-1,-1,-1,2025-02-24 12:23:15.095
-3,-1,-1,-2,-21,-1,-1,-1,2025-02-24 12:23:15.106
-3,-1,-1,-2,-21,-1,-1,-1,2025-02-24 12:23:15.118
-1,-2,-2,-2,-24,-1,-1,-2,2025-02-24 12:23:15.128
-2,-4,-1,1,-24,-1,0,0,2025-02-24 12:23:15.141
1,5,3,-1,-24,-2,-1,-2,2025-02-24 12:23:15.149
1,5,3,-1,-24,-2,-1,-2,2025-02-24 12:23:15.161
1,-2,1,-1,-22,-1,-1,0,2025-02-24 12:23:15.172
-1,1,2,1,-22,0,0,-1,2025-02-24 12:23:15.183
-1,-1,-4,-2,-22,-1,-1,-3,2025-02-24 12:23:15.194
1,-3,4,-2,-22,-1,1,-1,2025-02-24 12:23:15.206
1,2,0,-1,-22,0,-1,-2,2025-02-24 12:23:15.217
2,7,4,1,-22,1,-1,-1,2025-02-24 12:23:15.228
-2,2,-2,-4,-24,1,1,0,2025-02-24 12:23:15.239
-2,2,-2,-4,-24,1,1,0,2025-02-24 12:23:15.251
-2,2,0,1,-22,-2,-1,0,2025-02-24 12:23:15.262
-6,-12,-6,-3,-25,-2,-3,-1,2025-02-24 12:23:15.273
-1,-1,-2,1,-23,-1,1,-2,2025-02-24 12:23:15.284
5,5,2,0,-23,-1,0,1,2025-02-24 12:23:15.295
5,5,2,0,-23,-1,0,1,2025-02-24 12:23:15.307
-3,-6,-5,-3,-22,-2,-1,-2,2025-02-24 12:23:15.318
-1,0,-1,-3,-23,-2,0,-1,2025-02-24 12:23:15.329
1,0,0,-3,-22,-1,-1,-2,2025-02-24 12:23:15.340
-2,-3,-2,-2,-23,-1,-3,-2,2025-02-24 12:23:15.352
1,5,3,0,-22,0,0,0,2025-02-24 12:23:15.362
1,5,3,0,-22,0,0,0,2025-02-24 12:23:15.374
-5,-3,2,-3,-25,-3,-3,-2,2025-02-24 12:23:15.384
1,0,-1,-1,-22,-1,1,0,2025-02-24 12:23:15.396
-1,0,1,-2,-24,-1,0,-2,2025-02-24 12:23:15.407
-1,-2,-4,0,-26,0,-1,-3,2025-02-24 12:23:15.418
-1,-2,-4,0,-26,0,-1,-3,2025-02-24 12:23:15.430
-4,-6,-2,-1,-41,-3,-1,-2,2025-02-24 12:23:15.441
-4,-6,-2,-1,-41,-3,-1,-2,2025-02-24 12:23:15.453
0,1,-1,-2,-41,-1,-2,0,2025-02-24 12:23:15.463
0,1,-1,-2,-41,-1,-2,0,2025-02-24 12:23:15.475
-2,-5,-7,-2,-52,-1,-1,-2,2025-02-24 12:23:15.486
-2,-5,-7,-2,-52,-1,-1,-2,2025-02-24 12:23:15.497
2,1,-1,-3,-40,-1,-2,0,2025-02-24 12:23:15.508
2,1,-1,-3,-40,-1,-2,0,2025-02-24 12:23:15.520
-5,-7,-4,-1,-34,-2,0,-2,2025-02-24 12:23:15.530
0,0,0,-2,-27,-2,0,0,2025-02-24 12:23:15.541
0,0,0,-2,-27,-2,0,0,2025-02-24 12:23:15.552
-2,-2,2,-1,-31,0,-1,-2,2025-02-24 12:23:15.563
-2,-2,2,-1,-31,0,-1,-2,2025-02-24 12:23:15.575
-3,0,-1,-3,-35,-4,-1,-1,2025-02-24 12:23:15.586
-5,-14,-4,-4,-33,-2,-1,-1,2025-02-24 12:23:15.597
-2,-2,1,-1,-33,-1,-3,-2,2025-02-24 12:23:15.608
-4,-5,-4,-1,-32,-1,-2,-1,2025-02-24 12:23:15.620
-1,-2,1,0,-35,-2,-1,-2,2025-02-24 12:23:15.631
1,5,1,0,-36,-3,0,0,2025-02-24 12:23:15.642
-1,1,-2,-1,-40,-2,0,-2,2025-02-24 12:23:15.653
1,0,-2,-2,-33,-1,-1,-1,2025-02-24 12:23:15.663
1,0,-2,-2,-33,-1,-1,-1,2025-02-24 12:23:15.675
2,3,-2,-2,-28,1,0,-1,2025-02-24 12:23:15.686
2,3,-2,-2,-28,1,0,-1,2025-02-24 12:23:15.697
0,-3,-2,-1,-29,1,-1,1,2025-02-24 12:23:15.708
-1,-10,-8,-1,-30,-2,-3,0,2025-02-24 12:23:15.720
-1,2,1,-1,-29,0,1,0,2025-02-24 12:23:15.731
-2,0,-1,-1,-30,-2,0,-1,2025-02-24 12:23:15.742
-2,0,-1,-1,-30,-2,0,-1,2025-02-24 12:23:15.753
-1,0,-2,-1,-32,-3,-1,-2,2025-02-24 12:23:15.764
2,0,0,2,-29,-1,-2,-2,2025-02-24 12:23:15.775
1,-3,-2,-2,-33,-3,-2,-1,2025-02-24 12:23:15.786
1,-3,-2,-2,-33,-3,-2,-1,2025-02-24 12:23:15.798
1,1,2,4,-54,-3,-2,0,2025-02-24 12:23:15.809
-4,0,1,7,-20,2,-1,-1,2025-02-24 12:23:15.820
-2,-3,-3,-10,-35,-4,-4,-1,2025-02-24 12:23:15.831
0,5,3,6,16,2,-2,-1,2025-02-24 12:23:15.842
2,-4,3,22,17,2,1,2,2025-02-24 12:23:15.853
-1,-1,-4,-8,-21,-4,-1,-1,2025-02-24 12:23:15.865
-1,-1,-4,-8,-21,-4,-1,-1,2025-02-24 12:23:15.876
-2,-4,-8,-27,-66,-3,-2,-2,2025-02-24 12:23:15.887
-5,-17,3,-2,-7,3,1,-1,2025-02-24 12:23:15.898
0,1,3,-12,5,-1,-1,0,2025-02-24 12:23:15.910
0,1,3,-12,5,-1,-1,0,2025-02-24 12:23:15.920
-2,0,-6,-7,3,0,-1,-1,2025-02-24 12:23:15.931
-1,0,-4,2,6,-1,-3,0,2025-02-24 12:23:15.942
-1,0,-4,2,6,-1,-3,0,2025-02-24 12:23:15.954
4,-8,26,10,8,1,1,-1,2025-02-24 12:23:15.965
4,-8,26,10,8,1,1,-1,2025-02-24 12:23:15.977
0,6,-11,9,36,7,1,-1,2025-02-24 12:23:15.988
0,6,-11,9,36,7,1,-1,2025-02-24 12:23:15.999
-9,-16,-33,0,-63,-6,-4,-5,2025-02-24 12:23:16.010
2,9,-13,-5,-55,1,-4,-3,2025-02-24 12:23:16.022
0,-6,-11,1,-50,-1,-3,1,2025-02-24 12:23:16.033
-6,-49,1,-13,-60,-21,-5,-5,2025-02-24 12:23:16.044
-6,-49,1,-13,-60,-21,-5,-5,2025-02-24 12:23:16.057
5,23,17,6,26,3,2,1,2025-02-24 12:23:16.066
0,-3,-4,-27,-41,-11,-4,-2,2025-02-24 12:23:16.079
-6,-5,-3,-12,-6,-2,-2,-3,2025-02-24 12:23:16.088
-6,-5,-3,-12,-6,-2,-2,-3,2025-02-24 12:23:16.099
10,46,30,5,7,1,3,2,2025-02-24 12:23:16.111
-2,-13,-10,-2,-16,-1,0,-1,2025-02-24 12:23:16.124
4,15,44,-1,-12,-4,-1,1,2025-02-24 12:23:16.133
4,15,44,-1,-12,-4,-1,1,2025-02-24 12:23:16.147
-4,17,5,4,2,2,-2,-3,2025-02-24 12:23:16.158
-3,-19,-34,6,0,1,-3,-2,2025-02-24 12:23:16.168
-3,-19,-34,6,0,1,-3,-2,2025-02-24 12:23:16.177
1,1,31,0,-11,-4,-1,-1,2025-02-24 12:23:16.189
-6,-21,39,6,-2,1,2,-1,2025-02-24 12:23:16.203
-5,-20,7,-3,-10,-3,-2,-2,2025-02-24 12:23:16.213
1,12,-14,-2,-28,-2,-2,-4,2025-02-24 12:23:16.222
-1,-26,-20,-5,-21,-1,-1,0,2025-02-24 12:23:16.233
-1,-3,-43,-3,-7,1,0,0,2025-02-24 12:23:16.244
1,11,15,1,-5,3,-1,1,2025-02-24 12:23:16.255
-4,10,40,-3,-2,-2,-2,-2,2025-02-24 12:23:16.268
1,22,-14,1,-41,-4,-2,-1,2025-02-24 12:23:16.279
-2,6,-29,-10,-36,-3,-1,0,2025-02-24 12:23:16.290
-7,-23,1,-2,-8,-3,-4,-3,2025-02-24 12:23:16.300
-3,-13,-4,-3,-6,-1,0,0,2025-02-24 12:23:16.311
-3,-13,-4,-3,-6,-1,0,0,2025-02-24 12:23:16.322
-2,-14,-42,-4,-2,-1,-3,0,2025-02-24 12:23:16.333
1,36,-4,0,-8,-2,-1,0,2025-02-24 12:23:16.344
-2,-18,11,-1,-2,0,0,-3,2025-02-24 12:23:16.356
-2,-1,-10,-1,-6,-3,0,-2,2025-02-24 12:23:16.368
-2,-1,-10,-1,-6,-3,0,-2,2025-02-24 12:23:16.379
3,-11,-28,5,4,2,0,2,2025-02-24 12:23:16.391
2,-9,2,-5,-7,-1,-1,-2,2025-02-24 12:23:16.404
2,-9,2,-5,-7,-1,-1,-2,2025-02-24 12:23:16.413
0,-1,-15,-1,-1,-2,-2,1,2025-02-24 12:23:16.427
0,-1,-15,-1,-1,-2,-2,1,2025-02-24 12:23:16.437
-2,1,62,3,-3,-2,-1,-1,2025-02-24 12:23:16.446
-2,1,62,3,-3,-2,-1,-1,2025-02-24 12:23:16.457
-2,-7,-40,-4,-2,-2,-1,-2,2025-02-24 12:23:16.468
-2,-7,-40,-4,-2,-2,-1,-2,2025-02-24 12:23:16.479
-2,7,14,1,-5,-1,-2,-3,2025-02-24 12:23:16.490
-2,7,14,1,-5,-1,-2,-3,2025-02-24 12:23:16.502
-5,-7,-9,5,0,4,-1,1,2025-02-24 12:23:16.513
1,2,41,-1,-5,-3,-2,-1,2025-02-24 12:23:16.524
1,2,41,-1,-5,-3,-2,-1,2025-02-24 12:23:16.536
0,13,24,-1,-3,-1,-1,-2,2025-02-24 12:23:16.546
0,13,24,-1,-3,-1,-1,-2,2025-02-24 12:23:16.557
3,3,9,0,1,1,0,1,2025-02-24 12:23:16.569
-1,11,2,0,-4,-1,-2,-2,2025-02-24 12:23:16.580
-1,11,2,0,-4,-1,-2,-2,2025-02-24 12:23:16.591
0,4,-6,-2,0,-2,-4,-2,2025-02-24 12:23:16.603
0,4,-6,-2,0,-2,-4,-2,2025-02-24 12:23:16.613
-1,-14,-15,1,-5,-1,-1,0,2025-02-24 12:23:16.625
-1,-14,-15,1,-5,-1,-1,0,2025-02-24 12:23:16.636
0,12,4,2,0,-1,1,-5,2025-02-24 12:23:16.647
0,12,4,2,0,-1,1,-5,2025-02-24 12:23:16.658
-2,-6,6,-2,-5,-3,-2,-1,2025-02-24 12:23:16.669
-2,-6,6,-2,-5,-3,-2,-1,2025-02-24 12:23:16.680
-1,8,-13,-2,-5,0,-1,-2,2025-02-24 12:23:16.691
5,1,-10,-2,-2,2,-1,-2,2025-02-24 12:23:16.702
5,1,-10,-2,-2,2,-1,-2,2025-02-24 12:23:16.713
3,7,30,7,2,1,1,3,2025-02-24 12:23:16.724
3,7,30,7,2,1,1,3,2025-02-24 12:23:16.736
-4,-13,-74,-12,-8,-3,-3,-2,2025-02-24 12:23:16.747
-4,-26,-18,-2,0,3,3,-1,2025-02-24 12:23:16.758
0,-1,11,3,-15,0,-1,0,2025-02-24 12:23:16.769
-5,1,-20,-2,-29,-3,-3,-3,2025-02-24 12:23:16.780
-8,-1,57,-1,-13,-4,-4,-8,2025-02-24 12:23:16.792
-8,-1,57,-1,-13,-4,-4,-8,2025-02-24 12:23:16.803
-2,3,27,1,-50,-1,1,10,2025-02-24 12:23:16.814
-2,-11,13,-1,-32,-2,-4,-4,2025-02-24 12:23:16.825
-2,-11,13,-1,-32,-2,-4,-4,2025-02-24 12:23:16.836
-2,-4,-8,4,-28,1,0,0,2025-02-24 12:23:16.848
-2,-4,-8,4,-28,1,0,0,2025-02-24 12:23:16.859
-3,0,-11,-1,-28,-3,0,0,2025-02-24 12:23:16.870
-2,5,29,7,-16,1,0,-9,2025-02-24 12:23:16.881
-2,5,29,7,-16,1,0,-9,2025-02-24 12:23:16.892
-2,-5,-44,-3,-20,-2,4,0,2025-02-24 12:23:16.904
-2,-5,-44,-3,-20,-2,4,0,2025-02-24 12:23:16.915
-1,-1,0,1,-10,0,2,-4,2025-02-24 12:23:16.926
-1,-1,0,1,-10,0,2,-4,2025-02-24 12:23:16.937
-1,-2,-51,-4,-6,0,-6,1,2025-02-24 12:23:16.948
-1,-2,-51,-4,-6,0,-6,1,2025-02-24 12:23:16.960
0,19,31,0,-7,-2,7,23,2025-02-24 12:23:16.971
0,19,31,0,-7,-2,7,23,2025-02-24 12:23:16.982
-1,-12,8,1,-3,-2,-2,-6,2025-02-24 12:23:16.993
-2,8,23,0,-8,-2,-1,-3,2025-02-24 12:23:17.005
-2,8,23,0,-8,-2,-1,-3,2025-02-24 12:23:17.016
1,-4,-15,-4,-17,-1,-1,17,2025-02-24 12:23:17.027
1,-4,-15,-4,-17,-1,-1,17,2025-02-24 12:23:17.038
-3,4,44,5,-28,-1,-2,-8,2025-02-24 12:23:17.049
-4,-44,1,-3,-24,-1,2,9,2025-02-24 12:23:17.059
-2,-2,3,-2,-7,-2,-4,-8,2025-02-24 12:23:17.071
-4,-5,9,-6,-57,-1,1,-12,2025-02-24 12:23:17.082
-4,-5,9,-6,-57,-1,1,-12,2025-02-24 12:23:17.093
-2,0,1,0,-44,0,-6,-31,2025-02-24 12:23:17.104
1,5,-6,1,-29,-1,5,-3,2025-02-24 12:23:17.115
0,-1,-31,0,-34,0,-3,-11,2025-02-24 12:23:17.126
0,-1,-31,0,-34,0,-3,-11,2025-02-24 12:23:17.138
0,-6,-8,-2,-15,-1,-2,8,2025-02-24 12:23:17.149
0,-6,-8,-2,-15,-1,-2,8,2025-02-24 12:23:17.160
1,-1,-3,-1,-13,-4,-3,6,2025-02-24 12:23:17.171
1,-1,-3,-1,-13,-4,-3,6,2025-02-24 12:23:17.183
2,-4,-26,5,-8,1,-1,-11,2025-02-24 12:23:17.194
-4,-1,15,0,-31,-1,0,5,2025-02-24 12:23:17.206
-3,-6,13,-3,-9,-1,-5,8,2025-02-24 12:23:17.216
3,4,10,2,-1,0,1,2,2025-02-24 12:23:17.227
3,4,10,2,-1,0,1,2,2025-02-24 12:23:17.239
-1,0,1,-4,-4,-2,-4,-1,2025-02-24 12:23:17.250
-1,0,1,-4,-4,-2,-4,-1,2025-02-24 12:23:17.261
-1,-3,-22,-2,-9,-3,-3,9,2025-02-24 12:23:17.272
-1,1,4,-4,-2,-1,-1,-1,2025-02-24 12:23:17.283
5,-2,-6,-1,-5,-1,-5,5,2025-02-24 12:23:17.294
1,16,42,2,-1,-2,0,16,2025-02-24 12:23:17.305
-6,6,29,2,-12,-4,-2,-6,2025-02-24 12:23:17.317
0,2,-16,-5,-8,0,2,4,2025-02-24 12:23:17.328
0,2,-16,-5,-8,0,2,4,2025-02-24 12:23:17.339
-4,-7,0,0,-23,-1,-2,-7,2025-02-24 12:23:17.350
2,-5,-24,-2,-32,1,5,3,2025-02-24 12:23:17.361
-3,4,36,2,-24,-1,-4,-10,2025-02-24 12:23:17.377
-2,-7,-35,-2,-7,-4,-2,-5,2025-02-24 12:23:17.386
-2,-7,-35,-2,-7,-4,-2,-5,2025-02-24 12:23:17.397
-3,-17,-7,-4,-18,-1,0,2,2025-02-24 12:23:17.407
-1,0,-10,-2,-15,4,3,3,2025-02-24 12:23:17.418
1,-2,-6,-3,-52,0,-3,0,2025-02-24 12:23:17.429
1,-2,-6,-3,-52,0,-3,0,2025-02-24 12:23:17.440
4,4,-1,2,-51,0,4,0,2025-02-24 12:23:17.451
4,4,-1,2,-51,0,4,0,2025-02-24 12:23:17.462
-2,-4,-6,-4,-18,-3,3,2,2025-02-24 12:23:17.474
-2,-4,-6,-4,-18,-3,3,2,2025-02-24 12:23:17.485
-1,0,2,-3,-29,-2,-3,14,2025-02-24 12:23:17.495
-2,-3,1,1,-4,0,-4,-3,2025-02-24 12:23:17.506
