MetaPath,SessionID,Timestamp,ExperimentMode,SessionState,InputModeLabel,StudyGlobalParticipantId,StudyInputMode,StudyParticipantIndex,StudyResolvedEffect,StudyResolvedTask,StudySessionIndex,StudyTaskOrder,TrackingMode,XRBackend,SessionDuration,SummaryPath,EventPath,SamplePath
C:/UNI/P8/Prism-effect-adaptation/Assets/PrismLogging/Participants/prism_controller_2026_05_20_12_43_55_5102_Meta.csv,42318883-68ec-414c-a4a1-d0f37a95648e,2026-05-20T12:43:55Z,Participant,Finished,controller,1,Controller,1,None,LineBisection,1,LineBisectionFirst,Controllers,OpenXR,270.6867,C:/UNI/P8/Prism-effect-adaptation/Assets/PrismLogging/Participants/prism_controller_2026_05_20_12_43_55_5133_Summary.csv,C:/UNI/P8/Prism-effect-adaptation/Assets/PrismLogging/Participants/prism_controller_2026_05_20_12_43_55_5117_Event.csv,C:/UNI/P8/Prism-effect-adaptation/Assets/PrismLogging/Participants/prism_controller_2026_05_20_12_43_55_5133_Sample.csv
C:/UNI/P8/Prism-effect-adaptation/Assets/PrismLogging/Participants/prism_controller_2026_05_20_12_55_44_7662_Meta.csv,b78da051-a2ef-4943-a01e-c8707ae221d3,2026-05-20T12:55:44Z,Participant,Finished,controller,1,Controller,1,Skew,LineBisection,2,LineBisectionFirst,Controllers,OpenXR,212.7282,C:/UNI/P8/Prism-effect-adaptation/Assets/PrismLogging/Participants/prism_controller_2026_05_20_12_55_44_7677_Summary.csv,C:/UNI/P8/Prism-effect-adaptation/Assets/PrismLogging/Participants/prism_controller_2026_05_20_12_55_44_7662_Event.csv,C:/UNI/P8/Prism-effect-adaptation/Assets/PrismLogging/Participants/prism_controller_2026_05_20_12_55_44_7662_Sample.csv
C:/UNI/P8/Prism-effect-adaptation/Assets/PrismLogging/Participants/prism_controller_2026_05_20_12_58_56_6224_Meta.csv,eb4be3d6-5ee7-426d-8af7-d17239446675,2026-05-20T12:58:56Z,Participant,Finished,controller,1,Controller,1,Rotation,LineBisection,3,LineBisectionFirst,Controllers,OpenXR,167.8199,C:/UNI/P8/Prism-effect-adaptation/Assets/PrismLogging/Participants/prism_controller_2026_05_20_12_58_56_6239_Summary.csv,C:/UNI/P8/Prism-effect-adaptation/Assets/PrismLogging/Participants/prism_controller_2026_05_20_12_58_56_6239_Event.csv,C:/UNI/P8/Prism-effect-adaptation/Assets/PrismLogging/Participants/prism_controller_2026_05_20_12_58_56_6239_Sample.csv
C:/UNI/P8/Prism-effect-adaptation/Assets/PrismLogging/Participants/prism_controller_2026_05_20_13_02_11_3878_Meta.csv,36a235a5-366d-409f-a764-dfdac1360b2f,2026-05-20T13:02:11Z,Participant,Finished,controller,1,Controller,1,Translation,LineBisection,4,LineBisectionFirst,Controllers,OpenXR,179.2075,C:/UNI/P8/Prism-effect-adaptation/Assets/PrismLogging/Participants/prism_controller_2026_05_20_13_02_11_3893_Summary.csv,C:/UNI/P8/Prism-effect-adaptation/Assets/PrismLogging/Participants/prism_controller_2026_05_20_13_02_11_3878_Event.csv,C:/UNI/P8/Prism-effect-adaptation/Assets/PrismLogging/Participants/prism_controller_2026_05_20_13_02_11_3893_Sample.csv
C:/UNI/P8/Prism-effect-adaptation/Assets/PrismLogging/Participants/prism_controller_2026_05_20_13_05_02_7587_Meta.csv,b3dcd35b-3e1e-49ff-95af-e3add3052041,2026-05-20T13:05:02Z,Participant,Finished,controller,1,Controller,1,None,OpenLoop,5,LineBisectionFirst,Controllers,OpenXR,151.2995,C:/UNI/P8/Prism-effect-adaptation/Assets/PrismLogging/Participants/prism_controller_2026_05_20_13_05_02_7603_Summary.csv,C:/UNI/P8/Prism-effect-adaptation/Assets/PrismLogging/Participants/prism_controller_2026_05_20_13_05_02_7587_Event.csv,C:/UNI/P8/Prism-effect-adaptation/Assets/PrismLogging/Participants/prism_controller_2026_05_20_13_05_02_7603_Sample.csv
C:/UNI/P8/Prism-effect-adaptation/Assets/PrismLogging/Participants/prism_controller_2026_05_20_13_08_09_9401_Meta.csv,540a0b4b-47c2-4e43-932d-947cdcdc1678,2026-05-20T13:08:09Z,Participant,Finished,controller,1,Controller,1,Rotation,OpenLoop,6,LineBisectionFirst,Controllers,OpenXR,171.4467,C:/UNI/P8/Prism-effect-adaptation/Assets/PrismLogging/Participants/prism_controller_2026_05_20_13_08_09_9427_Summary.csv,C:/UNI/P8/Prism-effect-adaptation/Assets/PrismLogging/Participants/prism_controller_2026_05_20_13_08_09_9421_Event.csv,C:/UNI/P8/Prism-effect-adaptation/Assets/PrismLogging/Participants/prism_controller_2026_05_20_13_08_09_9427_Sample.csv
C:/UNI/P8/Prism-effect-adaptation/Assets/PrismLogging/Participants/prism_controller_2026_05_20_13_10_50_0900_Meta.csv,107aee00-c8b0-473a-983e-b46c6c7c3862,2026-05-20T13:10:50Z,Participant,Finished,controller,1,Controller,1,Translation,OpenLoop,7,LineBisectionFirst,Controllers,OpenXR,143.8911,C:/UNI/P8/Prism-effect-adaptation/Assets/PrismLogging/Participants/prism_controller_2026_05_20_13_10_50_0926_Summary.csv,C:/UNI/P8/Prism-effect-adaptation/Assets/PrismLogging/Participants/prism_controller_2026_05_20_13_10_50_0921_Event.csv,C:/UNI/P8/Prism-effect-adaptation/Assets/PrismLogging/Participants/prism_controller_2026_05_20_13_10_50_0926_Sample.csv
C:/UNI/P8/Prism-effect-adaptation/Assets/PrismLogging/Participants/prism_controller_2026_05_20_13_13_31_3380_Meta.csv,20037a75-04a2-485b-b9b3-1bd918487feb,2026-05-20T13:13:31Z,Participant,Finished,controller,1,Controller,1,Skew,OpenLoop,8,LineBisectionFirst,Controllers,OpenXR,145.4324,C:/UNI/P8/Prism-effect-adaptation/Assets/PrismLogging/Participants/prism_controller_2026_05_20_13_13_31_3385_Summary.csv,C:/UNI/P8/Prism-effect-adaptation/Assets/PrismLogging/Participants/prism_controller_2026_05_20_13_13_31_3385_Event.csv,C:/UNI/P8/Prism-effect-adaptation/Assets/PrismLogging/Participants/prism_controller_2026_05_20_13_13_31_3385_Sample.csv
C:/UNI/P8/Prism-effect-adaptation/Assets/PrismLogging/Participants/prism_embodied_2026_05_20_13_25_59_6270_Meta.csv,c5906ef1-fc43-4d8c-aeff-5c30adc4e116,2026-05-20T13:25:59Z,Participant,Finished,embodied,2,Embodied,1,None,LineBisection,1,LineBisectionFirst,Hands,OpenXR,182.0041,C:/UNI/P8/Prism-effect-adaptation/Assets/PrismLogging/Participants/prism_embodied_2026_05_20_13_25_59_6285_Summary.csv,C:/UNI/P8/Prism-effect-adaptation/Assets/PrismLogging/Participants/prism_embodied_2026_05_20_13_25_59_6270_Event.csv,C:/UNI/P8/Prism-effect-adaptation/Assets/PrismLogging/Participants/prism_embodied_2026_05_20_13_25_59_6285_Sample.csv
C:/UNI/P8/Prism-effect-adaptation/Assets/PrismLogging/Participants/prism_embodied_2026_05_20_13_28_07_6179_Meta.csv,6782ccee-baad-4c13-be16-9882dd62b0c0,2026-05-20T13:28:07Z,Participant,Finished,embodied,2,Embodied,1,Translation,LineBisection,2,LineBisectionFirst,Hands,OpenXR,113.447,C:/UNI/P8/Prism-effect-adaptation/Assets/PrismLogging/Participants/prism_embodied_2026_05_20_13_28_07_6190_Summary.csv,C:/UNI/P8/Prism-effect-adaptation/Assets/PrismLogging/Participants/prism_embodied_2026_05_20_13_28_07_6190_Event.csv,C:/UNI/P8/Prism-effect-adaptation/Assets/PrismLogging/Participants/prism_embodied_2026_05_20_13_28_07_6190_Sample.csv
C:/UNI/P8/Prism-effect-adaptation/Assets/PrismLogging/Participants/prism_embodied_2026_05_20_13_29_56_1469_Meta.csv,6b7dde0e-9838-4e7f-a9cc-dabf194032f7,2026-05-20T13:29:56Z,Participant,Finished,embodied,2,Embodied,1,Skew,LineBisection,3,LineBisectionFirst,Hands,OpenXR,93.949700000000007,C:/UNI/P8/Prism-effect-adaptation/Assets/PrismLogging/Participants/prism_embodied_2026_05_20_13_29_56_1484_Summary.csv,C:/UNI/P8/Prism-effect-adaptation/Assets/PrismLogging/Participants/prism_embodied_2026_05_20_13_29_56_1484_Event.csv,C:/UNI/P8/Prism-effect-adaptation/Assets/PrismLogging/Participants/prism_embodied_2026_05_20_13_29_56_1484_Sample.csv
C:/UNI/P8/Prism-effect-adaptation/Assets/PrismLogging/Participants/prism_embodied_2026_05_20_13_31_49_2918_Meta.csv,d4c665a3-42ef-425b-b404-c00bbf985e99,2026-05-20T13:31:49Z,Participant,Finished,embodied,2,Embodied,1,Rotation,LineBisection,4,LineBisectionFirst,Hands,OpenXR,99.185,C:/UNI/P8/Prism-effect-adaptation/Assets/PrismLogging/Participants/prism_embodied_2026_05_20_13_31_49_2944_Summary.csv,C:/UNI/P8/Prism-effect-adaptation/Assets/PrismLogging/Participants/prism_embodied_2026_05_20_13_31_49_2934_Event.csv,C:/UNI/P8/Prism-effect-adaptation/Assets/PrismLogging/Participants/prism_embodied_2026_05_20_13_31_49_2939_Sample.csv
C:/UNI/P8/Prism-effect-adaptation/Assets/PrismLogging/Participants/prism_embodied_2026_05_20_13_33_52_6670_Meta.csv,ba781de9-4bf5-4d81-aeb7-9046118a1af2,2026-05-20T13:33:52Z,Participant,Finished,embodied,2,Embodied,1,None,OpenLoop,5,LineBisectionFirst,Hands,OpenXR,109.1504,C:/UNI/P8/Prism-effect-adaptation/Assets/PrismLogging/Participants/prism_embodied_2026_05_20_13_33_52_6685_Summary.csv,C:/UNI/P8/Prism-effect-adaptation/Assets/PrismLogging/Participants/prism_embodied_2026_05_20_13_33_52_6685_Event.csv,C:/UNI/P8/Prism-effect-adaptation/Assets/PrismLogging/Participants/prism_embodied_2026_05_20_13_33_52_6685_Sample.csv
C:/UNI/P8/Prism-effect-adaptation/Assets/PrismLogging/Participants/prism_embodied_2026_05_20_13_35_39_7312_Meta.csv,fda65a7e-d871-48d0-82fe-45428d652edc,2026-05-20T13:35:39Z,Participant,Finished,embodied,2,Embodied,1,Rotation,OpenLoop,6,LineBisectionFirst,Hands,OpenXR,93.0197,C:/UNI/P8/Prism-effect-adaptation/Assets/PrismLogging/Participants/prism_embodied_2026_05_20_13_35_39_7322_Summary.csv,C:/UNI/P8/Prism-effect-adaptation/Assets/PrismLogging/Participants/prism_embodied_2026_05_20_13_35_39_7322_Event.csv,C:/UNI/P8/Prism-effect-adaptation/Assets/PrismLogging/Participants/prism_embodied_2026_05_20_13_35_39_7322_Sample.csv
C:/UNI/P8/Prism-effect-adaptation/Assets/PrismLogging/Participants/prism_embodied_2026_05_20_13_37_29_3423_Meta.csv,f930aaaa-db78-4d71-b564-0787e7aa09d8,2026-05-20T13:37:29Z,Participant,Finished,embodied,2,Embodied,1,Translation,OpenLoop,7,LineBisectionFirst,Hands,OpenXR,94.8571,C:/UNI/P8/Prism-effect-adaptation/Assets/PrismLogging/Participants/prism_embodied_2026_05_20_13_37_29_3438_Summary.csv,C:/UNI/P8/Prism-effect-adaptation/Assets/PrismLogging/Participants/prism_embodied_2026_05_20_13_37_29_3438_Event.csv,C:/UNI/P8/Prism-effect-adaptation/Assets/PrismLogging/Participants/prism_embodied_2026_05_20_13_37_29_3438_Sample.csv
C:/UNI/P8/Prism-effect-adaptation/Assets/PrismLogging/Participants/prism_embodied_2026_05_20_13_39_22_2706_Meta.csv,46969c4b-2c36-421c-b922-129be17abb0a,2026-05-20T13:39:22Z,Participant,Finished,embodied,2,Embodied,1,Skew,OpenLoop,8,LineBisectionFirst,Hands,OpenXR,98.7546,C:/UNI/P8/Prism-effect-adaptation/Assets/PrismLogging/Participants/prism_embodied_2026_05_20_13_39_22_2722_Summary.csv,C:/UNI/P8/Prism-effect-adaptation/Assets/PrismLogging/Participants/prism_embodied_2026_05_20_13_39_22_2706_Event.csv,C:/UNI/P8/Prism-effect-adaptation/Assets/PrismLogging/Participants/prism_embodied_2026_05_20_13_39_22_2722_Sample.csv
C:/UNI/P8/Prism-effect-adaptation/Assets/PrismLogging/Participants/prism_controller_2026_05_21_09_45_33_3510_Meta.csv,7ab13136-1258-45c3-9379-a76a89fb0f75,2026-05-21T09:45:33Z,Participant,Finished,controller,3,Controller,2,None,OpenLoop,1,OpenLoopFirst,Controllers,OpenXR,329.691,C:/UNI/P8/Prism-effect-adaptation/Assets/PrismLogging/Participants/prism_controller_2026_05_21_09_45_33_3525_Summary.csv,C:/UNI/P8/Prism-effect-adaptation/Assets/PrismLogging/Participants/prism_controller_2026_05_21_09_45_33_3510_Event.csv,C:/UNI/P8/Prism-effect-adaptation/Assets/PrismLogging/Participants/prism_controller_2026_05_21_09_45_33_3510_Sample.csv
C:/UNI/P8/Prism-effect-adaptation/Assets/PrismLogging/Participants/prism_controller_2026_05_21_09_49_11_9249_Meta.csv,cb610404-0a15-474d-99f0-8228d016689e,2026-05-21T09:49:11Z,Participant,Finished,controller,3,Controller,2,Translation,OpenLoop,2,OpenLoopFirst,Controllers,OpenXR,204.4408,C:/UNI/P8/Prism-effect-adaptation/Assets/PrismLogging/Participants/prism_controller_2026_05_21_09_49_11_9274_Summary.csv,C:/UNI/P8/Prism-effect-adaptation/Assets/PrismLogging/Participants/prism_controller_2026_05_21_09_49_11_9264_Event.csv,C:/UNI/P8/Prism-effect-adaptation/Assets/PrismLogging/Participants/prism_controller_2026_05_21_09_49_11_9264_Sample.csv
C:/UNI/P8/Prism-effect-adaptation/Assets/PrismLogging/Participants/prism_controller_2026_05_21_09_51_58_6816_Meta.csv,ae012684-85cc-4354-b62d-3114531fea13,2026-05-21T09:51:58Z,Participant,Finished,controller,3,Controller,2,Rotation,OpenLoop,3,OpenLoopFirst,Controllers,OpenXR,154.5594,C:/UNI/P8/Prism-effect-adaptation/Assets/PrismLogging/Participants/prism_controller_2026_05_21_09_51_58_6832_Summary.csv,C:/UNI/P8/Prism-effect-adaptation/Assets/PrismLogging/Participants/prism_controller_2026_05_21_09_51_58_6816_Event.csv,C:/UNI/P8/Prism-effect-adaptation/Assets/PrismLogging/Participants/prism_controller_2026_05_21_09_51_58_6832_Sample.csv
C:/UNI/P8/Prism-effect-adaptation/Assets/PrismLogging/Participants/prism_controller_2026_05_21_09_55_34_8145_Meta.csv,bbc19c7c-faf4-49e1-8e95-131c65804a95,2026-05-21T09:55:34Z,Participant,Finished,controller,3,Controller,2,Skew,OpenLoop,4,OpenLoopFirst,Controllers,OpenXR,202.757,C:/UNI/P8/Prism-effect-adaptation/Assets/PrismLogging/Participants/prism_controller_2026_05_21_09_55_34_8150_Summary.csv,C:/UNI/P8/Prism-effect-adaptation/Assets/PrismLogging/Participants/prism_controller_2026_05_21_09_55_34_8150_Event.csv,C:/UNI/P8/Prism-effect-adaptation/Assets/PrismLogging/Participants/prism_controller_2026_05_21_09_55_34_8150_Sample.csv
C:/UNI/P8/Prism-effect-adaptation/Assets/PrismLogging/Participants/prism_controller_2026_05_21_09_59_02_3840_Meta.csv,5d521cb2-fe84-42ce-aa71-0291488edf79,2026-05-21T09:59:02Z,Participant,Finished,controller,3,Controller,2,None,LineBisection,5,OpenLoopFirst,Controllers,OpenXR,194.4768,C:/UNI/P8/Prism-effect-adaptation/Assets/PrismLogging/Participants/prism_controller_2026_05_21_09_59_02_3855_Summary.csv,C:/UNI/P8/Prism-effect-adaptation/Assets/PrismLogging/Participants/prism_controller_2026_05_21_09_59_02_3840_Event.csv,C:/UNI/P8/Prism-effect-adaptation/Assets/PrismLogging/Participants/prism_controller_2026_05_21_09_59_02_3840_Sample.csv
C:/UNI/P8/Prism-effect-adaptation/Assets/PrismLogging/Participants/prism_controller_2026_05_21_10_02_34_6693_Meta.csv,1d1e02bf-0f1f-4c78-9878-ce71b6ec9922,2026-05-21T10:02:34Z,Participant,Finished,controller,3,Controller,2,Skew,LineBisection,6,OpenLoopFirst,Controllers,OpenXR,198.7621,C:/UNI/P8/Prism-effect-adaptation/Assets/PrismLogging/Participants/prism_controller_2026_05_21_10_02_34_6708_Summary.csv,C:/UNI/P8/Prism-effect-adaptation/Assets/PrismLogging/Participants/prism_controller_2026_05_21_10_02_34_6703_Event.csv,C:/UNI/P8/Prism-effect-adaptation/Assets/PrismLogging/Participants/prism_controller_2026_05_21_10_02_34_6703_Sample.csv
C:/UNI/P8/Prism-effect-adaptation/Assets/PrismLogging/Participants/prism_controller_2026_05_21_10_05_10_7847_Meta.csv,aa6efd29-0242-41a7-ab6c-194ae778e035,2026-05-21T10:05:10Z,Participant,Finished,controller,3,Controller,2,Translation,LineBisection,7,OpenLoopFirst,Controllers,OpenXR,143.3653,C:/UNI/P8/Prism-effect-adaptation/Assets/PrismLogging/Participants/prism_controller_2026_05_21_10_05_10_7872_Summary.csv,C:/UNI/P8/Prism-effect-adaptation/Assets/PrismLogging/Participants/prism_controller_2026_05_21_10_05_10_7862_Event.csv,C:/UNI/P8/Prism-effect-adaptation/Assets/PrismLogging/Participants/prism_controller_2026_05_21_10_05_10_7862_Sample.csv
C:/UNI/P8/Prism-effect-adaptation/Assets/PrismLogging/Participants/prism_controller_2026_05_21_10_07_59_9986_Meta.csv,91a82621-78ab-43cf-b0fe-baec65b685de,2026-05-21T10:07:59Z,Participant,Finished,controller,3,Controller,2,Rotation,LineBisection,8,OpenLoopFirst,Controllers,OpenXR,154.3401,C:/UNI/P8/Prism-effect-adaptation/Assets/PrismLogging/Participants/prism_controller_2026_05_21_10_08_00_0002_Summary.csv,C:/UNI/P8/Prism-effect-adaptation/Assets/PrismLogging/Participants/prism_controller_2026_05_21_10_07_59_9986_Event.csv,C:/UNI/P8/Prism-effect-adaptation/Assets/PrismLogging/Participants/prism_controller_2026_05_21_10_07_59_9986_Sample.csv
C:/UNI/P8/Prism-effect-adaptation/Assets/PrismLogging/Participants/prism_embodied_2026_05_21_11_17_34_7375_Meta.csv,fbc2a2e1-f00c-4e7c-a680-54ef0f77ec4b,2026-05-21T11:17:34Z,Participant,Finished,embodied,4,Embodied,2,None,OpenLoop,1,OpenLoopFirst,Hands,OpenXR,229.7537,C:/UNI/P8/Prism-effect-adaptation/Assets/PrismLogging/Participants/prism_embodied_2026_05_21_11_17_34_7391_Summary.csv,C:/UNI/P8/Prism-effect-adaptation/Assets/PrismLogging/Participants/prism_embodied_2026_05_21_11_17_34_7375_Event.csv,C:/UNI/P8/Prism-effect-adaptation/Assets/PrismLogging/Participants/prism_embodied_2026_05_21_11_17_34_7391_Sample.csv
C:/UNI/P8/Prism-effect-adaptation/Assets/PrismLogging/Participants/prism_embodied_2026_05_21_11_22_00_7303_Meta.csv,26652c78-001e-4ac9-8f08-7fe55a0af253,2026-05-21T11:22:00Z,Participant,Finished,embodied,4,Embodied,2,Skew,OpenLoop,2,OpenLoopFirst,Hands,OpenXR,249.4354,C:/UNI/P8/Prism-effect-adaptation/Assets/PrismLogging/Participants/prism_embodied_2026_05_21_11_22_00_7333_Summary.csv,C:/UNI/P8/Prism-effect-adaptation/Assets/PrismLogging/Participants/prism_embodied_2026_05_21_11_22_00_7318_Event.csv,C:/UNI/P8/Prism-effect-adaptation/Assets/PrismLogging/Participants/prism_embodied_2026_05_21_11_22_00_7318_Sample.csv
C:/UNI/P8/Prism-effect-adaptation/Assets/PrismLogging/Participants/prism_embodied_2026_05_21_11_25_49_7692_Meta.csv,6c7400a6-89bc-4993-9fd4-d147db8f3f29,2026-05-21T11:25:49Z,Participant,Finished,embodied,4,Embodied,2,Rotation,OpenLoop,3,OpenLoopFirst,Hands,OpenXR,211.3959,C:/UNI/P8/Prism-effect-adaptation/Assets/PrismLogging/Participants/prism_embodied_2026_05_21_11_25_49_7708_Summary.csv,C:/UNI/P8/Prism-effect-adaptation/Assets/PrismLogging/Participants/prism_embodied_2026_05_21_11_25_49_7692_Event.csv,C:/UNI/P8/Prism-effect-adaptation/Assets/PrismLogging/Participants/prism_embodied_2026_05_21_11_25_49_7692_Sample.csv
C:/UNI/P8/Prism-effect-adaptation/Assets/PrismLogging/Participants/prism_embodied_2026_05_21_11_28_40_9651_Meta.csv,e080abcf-a665-400a-8aea-66073c16e6aa,2026-05-21T11:28:40Z,Participant,Finished,embodied,4,Embodied,2,Translation,OpenLoop,4,OpenLoopFirst,Hands,OpenXR,154.8734,C:/UNI/P8/Prism-effect-adaptation/Assets/PrismLogging/Participants/prism_embodied_2026_05_21_11_28_40_9676_Summary.csv,C:/UNI/P8/Prism-effect-adaptation/Assets/PrismLogging/Participants/prism_embodied_2026_05_21_11_28_40_9666_Event.csv,C:/UNI/P8/Prism-effect-adaptation/Assets/PrismLogging/Participants/prism_embodied_2026_05_21_11_28_40_9671_Sample.csv
C:/UNI/P8/Prism-effect-adaptation/Assets/PrismLogging/Participants/prism_embodied_2026_05_21_11_31_12_1307_Meta.csv,b32c50eb-0379-4adf-9b7c-9e88c5673e6d,2026-05-21T11:31:12Z,Participant,Finished,embodied,4,Embodied,2,None,LineBisection,5,OpenLoopFirst,Hands,OpenXR,136.6342,C:/UNI/P8/Prism-effect-adaptation/Assets/PrismLogging/Participants/prism_embodied_2026_05_21_11_31_12_1322_Summary.csv,C:/UNI/P8/Prism-effect-adaptation/Assets/PrismLogging/Participants/prism_embodied_2026_05_21_11_31_12_1322_Event.csv,C:/UNI/P8/Prism-effect-adaptation/Assets/PrismLogging/Participants/prism_embodied_2026_05_21_11_31_12_1322_Sample.csv
C:/UNI/P8/Prism-effect-adaptation/Assets/PrismLogging/Participants/prism_embodied_2026_05_21_11_34_13_4444_Meta.csv,dbd14eb7-93fb-46a1-a53b-11c1f28101f5,2026-05-21T11:34:13Z,Participant,Finished,embodied,4,Embodied,2,Translation,LineBisection,6,OpenLoopFirst,Hands,OpenXR,134.6805,C:/UNI/P8/Prism-effect-adaptation/Assets/PrismLogging/Participants/prism_embodied_2026_05_21_11_34_13_4475_Summary.csv,C:/UNI/P8/Prism-effect-adaptation/Assets/PrismLogging/Participants/prism_embodied_2026_05_21_11_34_13_4460_Event.csv,C:/UNI/P8/Prism-effect-adaptation/Assets/PrismLogging/Participants/prism_embodied_2026_05_21_11_34_13_4470_Sample.csv
C:/UNI/P8/Prism-effect-adaptation/Assets/PrismLogging/Participants/prism_embodied_2026_05_21_11_36_32_1725_Meta.csv,01f7c855-4b29-48bf-8878-94e7967c92f9,2026-05-21T11:36:32Z,Participant,Finished,embodied,4,Embodied,2,Rotation,LineBisection,7,OpenLoopFirst,Hands,OpenXR,120.3518,C:/UNI/P8/Prism-effect-adaptation/Assets/PrismLogging/Participants/prism_embodied_2026_05_21_11_36_32_1750_Summary.csv,C:/UNI/P8/Prism-effect-adaptation/Assets/PrismLogging/Participants/prism_embodied_2026_05_21_11_36_32_1740_Event.csv,C:/UNI/P8/Prism-effect-adaptation/Assets/PrismLogging/Participants/prism_embodied_2026_05_21_11_36_32_1745_Sample.csv
C:/UNI/P8/Prism-effect-adaptation/Assets/PrismLogging/Participants/prism_embodied_2026_05_21_11_39_14_4877_Meta.csv,3565afbf-e228-42f6-bdf6-9708f9440b2b,2026-05-21T11:39:14Z,Participant,Finished,embodied,4,Embodied,2,Skew,LineBisection,8,OpenLoopFirst,Hands,OpenXR,148.3107,C:/UNI/P8/Prism-effect-adaptation/Assets/PrismLogging/Participants/prism_embodied_2026_05_21_11_39_14_4892_Summary.csv,C:/UNI/P8/Prism-effect-adaptation/Assets/PrismLogging/Participants/prism_embodied_2026_05_21_11_39_14_4877_Event.csv,C:/UNI/P8/Prism-effect-adaptation/Assets/PrismLogging/Participants/prism_embodied_2026_05_21_11_39_14_4892_Sample.csv
C:/UNI/P8/Prism-effect-adaptation/Assets/PrismLogging/Participants/prism_controller_2026_05_21_12_56_32_1670_Meta.csv,06d604e9-e55d-4a3a-ad7e-32b8d9774280,2026-05-21T12:56:32Z,Participant,Finished,controller,5,Controller,3,None,LineBisection,1,LineBisectionFirst,Controllers,OpenXR,169.9001,C:/UNI/P8/Prism-effect-adaptation/Assets/PrismLogging/Participants/prism_controller_2026_05_21_12_56_32_1676_Summary.csv,C:/UNI/P8/Prism-effect-adaptation/Assets/PrismLogging/Participants/prism_controller_2026_05_21_12_56_32_1676_Event.csv,C:/UNI/P8/Prism-effect-adaptation/Assets/PrismLogging/Participants/prism_controller_2026_05_21_12_56_32_1676_Sample.csv
C:/UNI/P8/Prism-effect-adaptation/Assets/PrismLogging/Participants/prism_controller_2026_05_21_12_58_21_8472_Meta.csv,a664a743-f9ba-44e9-8b30-263fdef31220,2026-05-21T12:58:21Z,Participant,Finished,controller,5,Controller,3,Rotation,LineBisection,2,LineBisectionFirst,Controllers,OpenXR,93.3713,C:/UNI/P8/Prism-effect-adaptation/Assets/PrismLogging/Participants/prism_controller_2026_05_21_12_58_21_8477_Summary.csv,C:/UNI/P8/Prism-effect-adaptation/Assets/PrismLogging/Participants/prism_controller_2026_05_21_12_58_21_8477_Event.csv,C:/UNI/P8/Prism-effect-adaptation/Assets/PrismLogging/Participants/prism_controller_2026_05_21_12_58_21_8477_Sample.csv
C:/UNI/P8/Prism-effect-adaptation/Assets/PrismLogging/Participants/prism_controller_2026_05_21_13_00_05_9858_Meta.csv,6257f534-574e-4191-8222-f73ead73e61a,2026-05-21T13:00:05Z,Participant,Finished,controller,5,Controller,3,Translation,LineBisection,3,LineBisectionFirst,Controllers,OpenXR,90.2263,C:/UNI/P8/Prism-effect-adaptation/Assets/PrismLogging/Participants/prism_controller_2026_05_21_13_00_05_9873_Summary.csv,C:/UNI/P8/Prism-effect-adaptation/Assets/PrismLogging/Participants/prism_controller_2026_05_21_13_00_05_9858_Event.csv,C:/UNI/P8/Prism-effect-adaptation/Assets/PrismLogging/Participants/prism_controller_2026_05_21_13_00_05_9868_Sample.csv
C:/UNI/P8/Prism-effect-adaptation/Assets/PrismLogging/Participants/prism_controller_2026_05_21_13_01_51_8155_Meta.csv,43bdf1cc-da42-40b8-b270-eba087d1c4e7,2026-05-21T13:01:51Z,Participant,Finished,controller,5,Controller,3,Skew,LineBisection,4,LineBisectionFirst,Controllers,OpenXR,90.4949,C:/UNI/P8/Prism-effect-adaptation/Assets/PrismLogging/Participants/prism_controller_2026_05_21_13_01_51_8170_Summary.csv,C:/UNI/P8/Prism-effect-adaptation/Assets/PrismLogging/Participants/prism_controller_2026_05_21_13_01_51_8155_Event.csv,C:/UNI/P8/Prism-effect-adaptation/Assets/PrismLogging/Participants/prism_controller_2026_05_21_13_01_51_8170_Sample.csv
C:/UNI/P8/Prism-effect-adaptation/Assets/PrismLogging/Participants/prism_controller_2026_05_21_13_03_31_3120_Meta.csv,bb9ae747-496d-4db5-84d8-e7e270726f81,2026-05-21T13:03:31Z,Participant,Finished,controller,5,Controller,3,None,OpenLoop,5,LineBisectionFirst,Controllers,OpenXR,85.5968,C:/UNI/P8/Prism-effect-adaptation/Assets/PrismLogging/Participants/prism_controller_2026_05_21_13_03_31_3136_Summary.csv,C:/UNI/P8/Prism-effect-adaptation/Assets/PrismLogging/Participants/prism_controller_2026_05_21_13_03_31_3136_Event.csv,C:/UNI/P8/Prism-effect-adaptation/Assets/PrismLogging/Participants/prism_controller_2026_05_21_13_03_31_3136_Sample.csv
C:/UNI/P8/Prism-effect-adaptation/Assets/PrismLogging/Participants/prism_controller_2026_05_21_13_05_01_9971_Meta.csv,3fd0ae94-f7bf-499d-9804-11d4bd90a7c0,2026-05-21T13:05:01Z,Participant,Finished,controller,5,Controller,3,Rotation,OpenLoop,6,LineBisectionFirst,Controllers,OpenXR,76.4888,C:/UNI/P8/Prism-effect-adaptation/Assets/PrismLogging/Participants/prism_controller_2026_05_21_13_05_01_9987_Summary.csv,C:/UNI/P8/Prism-effect-adaptation/Assets/PrismLogging/Participants/prism_controller_2026_05_21_13_05_01_9982_Event.csv,C:/UNI/P8/Prism-effect-adaptation/Assets/PrismLogging/Participants/prism_controller_2026_05_21_13_05_01_9982_Sample.csv
C:/UNI/P8/Prism-effect-adaptation/Assets/PrismLogging/Participants/prism_controller_2026_05_21_13_06_34_6819_Meta.csv,f0586561-86fb-4bd8-b577-ce70f85c4dab,2026-05-21T13:06:34Z,Participant,Finished,controller,5,Controller,3,Skew,OpenLoop,7,LineBisectionFirst,Controllers,OpenXR,79.0336,C:/UNI/P8/Prism-effect-adaptation/Assets/PrismLogging/Participants/prism_controller_2026_05_21_13_06_34_6844_Summary.csv,C:/UNI/P8/Prism-effect-adaptation/Assets/PrismLogging/Participants/prism_controller_2026_05_21_13_06_34_6834_Event.csv,C:/UNI/P8/Prism-effect-adaptation/Assets/PrismLogging/Participants/prism_controller_2026_05_21_13_06_34_6834_Sample.csv
C:/UNI/P8/Prism-effect-adaptation/Assets/PrismLogging/Participants/prism_controller_2026_05_21_13_08_03_6490_Meta.csv,c051f9e7-ae3e-4fc8-a4cc-5a168ecde2ae,2026-05-21T13:08:03Z,Participant,Finished,controller,5,Controller,3,Translation,OpenLoop,8,LineBisectionFirst,Controllers,OpenXR,74.4992,C:/UNI/P8/Prism-effect-adaptation/Assets/PrismLogging/Participants/prism_controller_2026_05_21_13_08_03_6490_Summary.csv,C:/UNI/P8/Prism-effect-adaptation/Assets/PrismLogging/Participants/prism_controller_2026_05_21_13_08_03_6490_Event.csv,C:/UNI/P8/Prism-effect-adaptation/Assets/PrismLogging/Participants/prism_controller_2026_05_21_13_08_03_6490_Sample.csv
C:/UNI/P8/Prism-effect-adaptation/Assets/PrismLogging/Participants/prism_embodied_2026_05_21_13_20_39_9865_Meta.csv,080f1ce7-d696-417a-a6b8-72d8618a70d0,2026-05-21T13:20:39Z,Participant,Finished,embodied,6,Embodied,3,None,LineBisection,1,LineBisectionFirst,Hands,OpenXR,286.7408,C:/UNI/P8/Prism-effect-adaptation/Assets/PrismLogging/Participants/prism_embodied_2026_05_21_13_20_39_9880_Summary.csv,C:/UNI/P8/Prism-effect-adaptation/Assets/PrismLogging/Participants/prism_embodied_2026_05_21_13_20_39_9880_Event.csv,C:/UNI/P8/Prism-effect-adaptation/Assets/PrismLogging/Participants/prism_embodied_2026_05_21_13_20_39_9880_Sample.csv
C:/UNI/P8/Prism-effect-adaptation/Assets/PrismLogging/Participants/prism_embodied_2026_05_21_13_23_20_0010_Meta.csv,b529d3a4-b51a-4eec-b995-f74e31f7f71d,2026-05-21T13:23:20Z,Participant,Finished,embodied,6,Embodied,3,Rotation,LineBisection,2,LineBisectionFirst,Hands,OpenXR,143.4082,C:/UNI/P8/Prism-effect-adaptation/Assets/PrismLogging/Participants/prism_embodied_2026_05_21_13_23_20_0025_Summary.csv,C:/UNI/P8/Prism-effect-adaptation/Assets/PrismLogging/Participants/prism_embodied_2026_05_21_13_23_20_0010_Event.csv,C:/UNI/P8/Prism-effect-adaptation/Assets/PrismLogging/Participants/prism_embodied_2026_05_21_13_23_20_0025_Sample.csv
C:/UNI/P8/Prism-effect-adaptation/Assets/PrismLogging/Participants/prism_embodied_2026_05_21_13_25_45_1627_Meta.csv,a60c3fbb-1af8-4430-b022-706f8f97bbd5,2026-05-21T13:25:45Z,Participant,Finished,embodied,6,Embodied,3,Translation,LineBisection,3,LineBisectionFirst,Hands,OpenXR,130.4962,C:/UNI/P8/Prism-effect-adaptation/Assets/PrismLogging/Participants/prism_embodied_2026_05_21_13_25_45_1642_Summary.csv,C:/UNI/P8/Prism-effect-adaptation/Assets/PrismLogging/Participants/prism_embodied_2026_05_21_13_25_45_1627_Event.csv,C:/UNI/P8/Prism-effect-adaptation/Assets/PrismLogging/Participants/prism_embodied_2026_05_21_13_25_45_1642_Sample.csv
C:/UNI/P8/Prism-effect-adaptation/Assets/PrismLogging/Participants/prism_embodied_2026_05_21_13_28_16_6298_Meta.csv,d21d7c3c-c1c1-4405-a0d2-0b66b4e0fcf3,2026-05-21T13:28:16Z,Participant,Finished,embodied,6,Embodied,3,Skew,LineBisection,4,LineBisectionFirst,Hands,OpenXR,137.0484,C:/UNI/P8/Prism-effect-adaptation/Assets/PrismLogging/Participants/prism_embodied_2026_05_21_13_28_16_6313_Summary.csv,C:/UNI/P8/Prism-effect-adaptation/Assets/PrismLogging/Participants/prism_embodied_2026_05_21_13_28_16_6298_Event.csv,C:/UNI/P8/Prism-effect-adaptation/Assets/PrismLogging/Participants/prism_embodied_2026_05_21_13_28_16_6313_Sample.csv
C:/UNI/P8/Prism-effect-adaptation/Assets/PrismLogging/Participants/prism_embodied_2026_05_21_13_30_38_1011_Meta.csv,27e99e72-793b-41f0-b986-2a1396c6437e,2026-05-21T13:30:38Z,Participant,Finished,embodied,6,Embodied,3,None,OpenLoop,5,LineBisectionFirst,Hands,OpenXR,127.1627,C:/UNI/P8/Prism-effect-adaptation/Assets/PrismLogging/Participants/prism_embodied_2026_05_21_13_30_38_1031_Summary.csv,C:/UNI/P8/Prism-effect-adaptation/Assets/PrismLogging/Participants/prism_embodied_2026_05_21_13_30_38_1016_Event.csv,C:/UNI/P8/Prism-effect-adaptation/Assets/PrismLogging/Participants/prism_embodied_2026_05_21_13_30_38_1016_Sample.csv
C:/UNI/P8/Prism-effect-adaptation/Assets/PrismLogging/Participants/prism_embodied_2026_05_21_13_33_18_8164_Meta.csv,e7fb662b-8755-4a6e-83bf-a1c391efb0ae,2026-05-21T13:33:18Z,Participant,Finished,embodied,6,Embodied,3,Skew,OpenLoop,6,LineBisectionFirst,Hands,OpenXR,146.1989,C:/UNI/P8/Prism-effect-adaptation/Assets/PrismLogging/Participants/prism_embodied_2026_05_21_13_33_18_8179_Summary.csv,C:/UNI/P8/Prism-effect-adaptation/Assets/PrismLogging/Participants/prism_embodied_2026_05_21_13_33_18_8164_Event.csv,C:/UNI/P8/Prism-effect-adaptation/Assets/PrismLogging/Participants/prism_embodied_2026_05_21_13_33_18_8179_Sample.csv
C:/UNI/P8/Prism-effect-adaptation/Assets/PrismLogging/Participants/prism_embodied_2026_05_21_13_35_45_4673_Meta.csv,c7c22ca3-2ab7-47ef-82b5-bec145525f15,2026-05-21T13:35:45Z,Participant,Finished,embodied,6,Embodied,3,Translation,OpenLoop,7,LineBisectionFirst,Hands,OpenXR,131.3416,C:/UNI/P8/Prism-effect-adaptation/Assets/PrismLogging/Participants/prism_embodied_2026_05_21_13_35_45_4688_Summary.csv,C:/UNI/P8/Prism-effect-adaptation/Assets/PrismLogging/Participants/prism_embodied_2026_05_21_13_35_45_4688_Event.csv,C:/UNI/P8/Prism-effect-adaptation/Assets/PrismLogging/Participants/prism_embodied_2026_05_21_13_35_45_4688_Sample.csv
C:/UNI/P8/Prism-effect-adaptation/Assets/PrismLogging/Participants/prism_embodied_2026_05_21_13_38_22_6839_Meta.csv,722f780d-66a5-408e-a3e3-9bd168f7957c,2026-05-21T13:38:22Z,Participant,Finished,embodied,6,Embodied,3,Rotation,OpenLoop,8,LineBisectionFirst,Hands,OpenXR,140.8519,C:/UNI/P8/Prism-effect-adaptation/Assets/PrismLogging/Participants/prism_embodied_2026_05_21_13_38_22_6859_Summary.csv,C:/UNI/P8/Prism-effect-adaptation/Assets/PrismLogging/Participants/prism_embodied_2026_05_21_13_38_22_6844_Event.csv,C:/UNI/P8/Prism-effect-adaptation/Assets/PrismLogging/Participants/prism_embodied_2026_05_21_13_38_22_6844_Sample.csv
C:/UNI/P8/Prism-effect-adaptation/Assets/PrismLogging/Participants/prism_controller_2026_05_21_13_48_17_3253_Meta.csv,d81a3c64-c6b7-451d-b5bb-388295daabaf,2026-05-21T13:48:17Z,Participant,Finished,controller,7,Controller,4,None,OpenLoop,1,OpenLoopFirst,Controllers,OpenXR,174.4547,C:/UNI/P8/Prism-effect-adaptation/Assets/PrismLogging/Participants/prism_controller_2026_05_21_13_48_17_3258_Summary.csv,C:/UNI/P8/Prism-effect-adaptation/Assets/PrismLogging/Participants/prism_controller_2026_05_21_13_48_17_3258_Event.csv,C:/UNI/P8/Prism-effect-adaptation/Assets/PrismLogging/Participants/prism_controller_2026_05_21_13_48_17_3258_Sample.csv
C:/UNI/P8/Prism-effect-adaptation/Assets/PrismLogging/Participants/prism_controller_2026_05_21_13_51_39_0297_Meta.csv,e51a9208-22aa-4fec-9984-0f83068a21fd,2026-05-21T13:51:39Z,Participant,Finished,controller,7,Controller,4,Skew,OpenLoop,2,OpenLoopFirst,Controllers,OpenXR,179.408,C:/UNI/P8/Prism-effect-adaptation/Assets/PrismLogging/Participants/prism_controller_2026_05_21_13_51_39_0312_Summary.csv,C:/UNI/P8/Prism-effect-adaptation/Assets/PrismLogging/Participants/prism_controller_2026_05_21_13_51_39_0297_Event.csv,C:/UNI/P8/Prism-effect-adaptation/Assets/PrismLogging/Participants/prism_controller_2026_05_21_13_51_39_0297_Sample.csv
C:/UNI/P8/Prism-effect-adaptation/Assets/PrismLogging/Participants/prism_controller_2026_05_21_13_54_05_7573_Meta.csv,21b56a2e-0a1d-470a-9c6f-596395265923,2026-05-21T13:54:05Z,Participant,Finished,controller,7,Controller,4,Translation,OpenLoop,3,OpenLoopFirst,Controllers,OpenXR,130.899,C:/UNI/P8/Prism-effect-adaptation/Assets/PrismLogging/Participants/prism_controller_2026_05_21_13_54_05_7588_Summary.csv,C:/UNI/P8/Prism-effect-adaptation/Assets/PrismLogging/Participants/prism_controller_2026_05_21_13_54_05_7573_Event.csv,C:/UNI/P8/Prism-effect-adaptation/Assets/PrismLogging/Participants/prism_controller_2026_05_21_13_54_05_7588_Sample.csv
C:/UNI/P8/Prism-effect-adaptation/Assets/PrismLogging/Participants/prism_controller_2026_05_21_13_56_23_0708_Meta.csv,9e394308-7b7a-472c-9d0c-6bf4cdddeaea,2026-05-21T13:56:23Z,Participant,Finished,controller,7,Controller,4,Rotation,OpenLoop,4,OpenLoopFirst,Controllers,OpenXR,120.7007,C:/UNI/P8/Prism-effect-adaptation/Assets/PrismLogging/Participants/prism_controller_2026_05_21_13_56_23_0718_Summary.csv,C:/UNI/P8/Prism-effect-adaptation/Assets/PrismLogging/Participants/prism_controller_2026_05_21_13_56_23_0718_Event.csv,C:/UNI/P8/Prism-effect-adaptation/Assets/PrismLogging/Participants/prism_controller_2026_05_21_13_56_23_0718_Sample.csv
C:/UNI/P8/Prism-effect-adaptation/Assets/PrismLogging/Participants/prism_controller_2026_05_21_14_00_53_9542_Meta.csv,74d4a84a-9ea9-40e4-aef7-0306199b4117,2026-05-21T14:00:53Z,Participant,Finished,controller,7,Controller,4,None,LineBisection,5,OpenLoopFirst,Controllers,OpenXR,122.1184,C:/UNI/P8/Prism-effect-adaptation/Assets/PrismLogging/Participants/prism_controller_2026_05_21_14_00_53_9557_Summary.csv,C:/UNI/P8/Prism-effect-adaptation/Assets/PrismLogging/Participants/prism_controller_2026_05_21_14_00_53_9552_Event.csv,C:/UNI/P8/Prism-effect-adaptation/Assets/PrismLogging/Participants/prism_controller_2026_05_21_14_00_53_9557_Sample.csv
C:/UNI/P8/Prism-effect-adaptation/Assets/PrismLogging/Participants/prism_controller_2026_05_21_14_03_36_1293_Meta.csv,04353427-ddf1-45a0-aeba-07ddf5a4a350,2026-05-21T14:03:36Z,Participant,Finished,controller,7,Controller,4,Translation,LineBisection,6,OpenLoopFirst,Controllers,OpenXR,147.0746,C:/UNI/P8/Prism-effect-adaptation/Assets/PrismLogging/Participants/prism_controller_2026_05_21_14_03_36_1313_Summary.csv,C:/UNI/P8/Prism-effect-adaptation/Assets/PrismLogging/Participants/prism_controller_2026_05_21_14_03_36_1303_Event.csv,C:/UNI/P8/Prism-effect-adaptation/Assets/PrismLogging/Participants/prism_controller_2026_05_21_14_03_36_1308_Sample.csv
C:/UNI/P8/Prism-effect-adaptation/Assets/PrismLogging/Participants/prism_controller_2026_05_21_14_05_55_1832_Meta.csv,b6de66af-0ca8-4e0d-9020-5f509b888453,2026-05-21T14:05:55Z,Participant,Finished,controller,7,Controller,4,Rotation,LineBisection,7,OpenLoopFirst,Controllers,OpenXR,123.5507,C:/UNI/P8/Prism-effect-adaptation/Assets/PrismLogging/Participants/prism_controller_2026_05_21_14_05_55_1848_Summary.csv,C:/UNI/P8/Prism-effect-adaptation/Assets/PrismLogging/Participants/prism_controller_2026_05_21_14_05_55_1848_Event.csv,C:/UNI/P8/Prism-effect-adaptation/Assets/PrismLogging/Participants/prism_controller_2026_05_21_14_05_55_1848_Sample.csv
C:/UNI/P8/Prism-effect-adaptation/Assets/PrismLogging/Participants/prism_controller_2026_05_21_14_09_03_3828_Meta.csv,61d455e7-7874-4d12-b438-afdee70126e2,2026-05-21T14:09:03Z,Participant,Finished,controller,7,Controller,4,Skew,LineBisection,8,OpenLoopFirst,Controllers,OpenXR,170.818,C:/UNI/P8/Prism-effect-adaptation/Assets/PrismLogging/Participants/prism_controller_2026_05_21_14_09_03_3844_Summary.csv,C:/UNI/P8/Prism-effect-adaptation/Assets/PrismLogging/Participants/prism_controller_2026_05_21_14_09_03_3844_Event.csv,C:/UNI/P8/Prism-effect-adaptation/Assets/PrismLogging/Participants/prism_controller_2026_05_21_14_09_03_3844_Sample.csv
C:/UNI/P8/Prism-effect-adaptation/Assets/PrismLogging/Participants/prism_embodied_2026_05_21_14_22_15_4094_Meta.csv,49534be7-84c8-4d02-9075-f0f2e56db3a8,2026-05-21T14:22:15Z,Participant,Finished,embodied,8,Embodied,4,None,OpenLoop,1,OpenLoopFirst,Hands,OpenXR,242.0533,C:/UNI/P8/Prism-effect-adaptation/Assets/PrismLogging/Participants/prism_embodied_2026_05_21_14_22_15_4109_Summary.csv,C:/UNI/P8/Prism-effect-adaptation/Assets/PrismLogging/Participants/prism_embodied_2026_05_21_14_22_15_4109_Event.csv,C:/UNI/P8/Prism-effect-adaptation/Assets/PrismLogging/Participants/prism_embodied_2026_05_21_14_22_15_4109_Sample.csv
C:/UNI/P8/Prism-effect-adaptation/Assets/PrismLogging/Participants/prism_embodied_2026_05_21_14_25_31_0917_Meta.csv,869ed84a-f267-4daa-869b-ca8235287d0f,2026-05-21T14:25:31Z,Participant,Finished,embodied,8,Embodied,4,Rotation,OpenLoop,2,OpenLoopFirst,Hands,OpenXR,179.1976,C:/UNI/P8/Prism-effect-adaptation/Assets/PrismLogging/Participants/prism_embodied_2026_05_21_14_25_31_0937_Summary.csv,C:/UNI/P8/Prism-effect-adaptation/Assets/PrismLogging/Participants/prism_embodied_2026_05_21_14_25_31_0917_Event.csv,C:/UNI/P8/Prism-effect-adaptation/Assets/PrismLogging/Participants/prism_embodied_2026_05_21_14_25_31_0932_Sample.csv
C:/UNI/P8/Prism-effect-adaptation/Assets/PrismLogging/Participants/prism_embodied_2026_05_21_14_28_04_2831_Meta.csv,8f50aae6-b218-4dca-bbd3-f5c980f81534,2026-05-21T14:28:04Z,Participant,Finished,embodied,8,Embodied,4,Translation,OpenLoop,3,OpenLoopFirst,Hands,OpenXR,135.8705,C:/UNI/P8/Prism-effect-adaptation/Assets/PrismLogging/Participants/prism_embodied_2026_05_21_14_28_04_2851_Summary.csv,C:/UNI/P8/Prism-effect-adaptation/Assets/PrismLogging/Participants/prism_embodied_2026_05_21_14_28_04_2836_Event.csv,C:/UNI/P8/Prism-effect-adaptation/Assets/PrismLogging/Participants/prism_embodied_2026_05_21_14_28_04_2836_Sample.csv
C:/UNI/P8/Prism-effect-adaptation/Assets/PrismLogging/Participants/prism_embodied_2026_05_21_14_31_06_0759_Meta.csv,b25ae75e-e373-4581-bcbe-189384e2a037,2026-05-21T14:31:06Z,Participant,Finished,embodied,8,Embodied,4,Skew,OpenLoop,4,OpenLoopFirst,Hands,OpenXR,165.154,C:/UNI/P8/Prism-effect-adaptation/Assets/PrismLogging/Participants/prism_embodied_2026_05_21_14_31_06_0791_Summary.csv,C:/UNI/P8/Prism-effect-adaptation/Assets/PrismLogging/Participants/prism_embodied_2026_05_21_14_31_06_0774_Event.csv,C:/UNI/P8/Prism-effect-adaptation/Assets/PrismLogging/Participants/prism_embodied_2026_05_21_14_31_06_0774_Sample.csv
C:/UNI/P8/Prism-effect-adaptation/Assets/PrismLogging/Participants/prism_embodied_2026_05_21_14_34_02_3461_Meta.csv,1fda7ca1-e5a0-4d07-83d8-9ddd92e3f289,2026-05-21T14:34:02Z,Participant,Finished,embodied,8,Embodied,4,None,LineBisection,5,OpenLoopFirst,Hands,OpenXR,142.8069,C:/UNI/P8/Prism-effect-adaptation/Assets/PrismLogging/Participants/prism_embodied_2026_05_21_14_34_02_3471_Summary.csv,C:/UNI/P8/Prism-effect-adaptation/Assets/PrismLogging/Participants/prism_embodied_2026_05_21_14_34_02_3471_Event.csv,C:/UNI/P8/Prism-effect-adaptation/Assets/PrismLogging/Participants/prism_embodied_2026_05_21_14_34_02_3471_Sample.csv
C:/UNI/P8/Prism-effect-adaptation/Assets/PrismLogging/Participants/prism_embodied_2026_05_21_14_37_11_0628_Meta.csv,1481dd94-3767-4117-82de-b404f9937286,2026-05-21T14:37:11Z,Participant,Finished,embodied,8,Embodied,4,Skew,LineBisection,6,OpenLoopFirst,Hands,OpenXR,172.0906,C:/UNI/P8/Prism-effect-adaptation/Assets/PrismLogging/Participants/prism_embodied_2026_05_21_14_37_11_0650_Summary.csv,C:/UNI/P8/Prism-effect-adaptation/Assets/PrismLogging/Participants/prism_embodied_2026_05_21_14_37_11_0645_Event.csv,C:/UNI/P8/Prism-effect-adaptation/Assets/PrismLogging/Participants/prism_embodied_2026_05_21_14_37_11_0650_Sample.csv
C:/UNI/P8/Prism-effect-adaptation/Assets/PrismLogging/Participants/prism_embodied_2026_05_21_14_40_02_1482_Meta.csv,32594430-438f-4bbf-85ad-3a8944048512,2026-05-21T14:40:02Z,Participant,Finished,embodied,8,Embodied,4,Rotation,LineBisection,7,OpenLoopFirst,Hands,OpenXR,155.217,C:/UNI/P8/Prism-effect-adaptation/Assets/PrismLogging/Participants/prism_embodied_2026_05_21_14_40_02_1507_Summary.csv,C:/UNI/P8/Prism-effect-adaptation/Assets/PrismLogging/Participants/prism_embodied_2026_05_21_14_40_02_1497_Event.csv,C:/UNI/P8/Prism-effect-adaptation/Assets/PrismLogging/Participants/prism_embodied_2026_05_21_14_40_02_1497_Sample.csv
C:/UNI/P8/Prism-effect-adaptation/Assets/PrismLogging/Participants/prism_embodied_2026_05_21_14_42_29_3675_Meta.csv,87025cfa-6aeb-4b45-b6e6-25c6d98cdf5a,2026-05-21T14:42:29Z,Participant,Finished,embodied,8,Embodied,4,Translation,LineBisection,8,OpenLoopFirst,Hands,OpenXR,132.1059,C:/UNI/P8/Prism-effect-adaptation/Assets/PrismLogging/Participants/prism_embodied_2026_05_21_14_42_29_3680_Summary.csv,C:/UNI/P8/Prism-effect-adaptation/Assets/PrismLogging/Participants/prism_embodied_2026_05_21_14_42_29_3680_Event.csv,C:/UNI/P8/Prism-effect-adaptation/Assets/PrismLogging/Participants/prism_embodied_2026_05_21_14_42_29_3680_Sample.csv
C:/UNI/P8/Prism-effect-adaptation/Assets/PrismLogging/Participants/prism_controller_2026_05_22_09_35_41_1204_Meta.csv,366c84cd-10e1-4184-a7a4-49531ddbc928,2026-05-22T09:35:41Z,Participant,Finished,controller,9,Controller,5,None,LineBisection,1,LineBisectionFirst,Controllers,OpenXR,221.8438,C:/UNI/P8/Prism-effect-adaptation/Assets/PrismLogging/Participants/prism_controller_2026_05_22_09_35_41_1235_Summary.csv,C:/UNI/P8/Prism-effect-adaptation/Assets/PrismLogging/Participants/prism_controller_2026_05_22_09_35_41_1219_Event.csv,C:/UNI/P8/Prism-effect-adaptation/Assets/PrismLogging/Participants/prism_controller_2026_05_22_09_35_41_1219_Sample.csv
C:/UNI/P8/Prism-effect-adaptation/Assets/PrismLogging/Participants/prism_controller_2026_05_22_09_39_28_4680_Meta.csv,60f7ba56-f959-47f0-918d-482f528b868e,2026-05-22T09:39:28Z,Participant,Finished,controller,9,Controller,5,Rotation,LineBisection,2,LineBisectionFirst,Controllers,OpenXR,141.9171,C:/UNI/P8/Prism-effect-adaptation/Assets/PrismLogging/Participants/prism_controller_2026_05_22_09_39_28_4716_Summary.csv,C:/UNI/P8/Prism-effect-adaptation/Assets/PrismLogging/Participants/prism_controller_2026_05_22_09_39_28_4695_Event.csv,C:/UNI/P8/Prism-effect-adaptation/Assets/PrismLogging/Participants/prism_controller_2026_05_22_09_39_28_4710_Sample.csv
C:/UNI/P8/Prism-effect-adaptation/Assets/PrismLogging/Participants/prism_controller_2026_05_22_09_42_04_0778_Meta.csv,19bd2d3f-1c45-4dd7-8d05-bee060d4f5f5,2026-05-22T09:42:04Z,Participant,Finished,controller,9,Controller,5,Skew,LineBisection,3,LineBisectionFirst,Controllers,OpenXR,141.2397,C:/UNI/P8/Prism-effect-adaptation/Assets/PrismLogging/Participants/prism_controller_2026_05_22_09_42_04_0819_Summary.csv,C:/UNI/P8/Prism-effect-adaptation/Assets/PrismLogging/Participants/prism_controller_2026_05_22_09_42_04_0793_Event.csv,C:/UNI/P8/Prism-effect-adaptation/Assets/PrismLogging/Participants/prism_controller_2026_05_22_09_42_04_0814_Sample.csv
C:/UNI/P8/Prism-effect-adaptation/Assets/PrismLogging/Participants/prism_controller_2026_05_22_09_44_56_5651_Meta.csv,96b83aeb-53c5-4e5f-aeeb-cd56bf5326e7,2026-05-22T09:44:56Z,Participant,Finished,controller,9,Controller,5,Translation,LineBisection,4,LineBisectionFirst,Controllers,OpenXR,155.0121,C:/UNI/P8/Prism-effect-adaptation/Assets/PrismLogging/Participants/prism_controller_2026_05_22_09_44_56_5681_Summary.csv,C:/UNI/P8/Prism-effect-adaptation/Assets/PrismLogging/Participants/prism_controller_2026_05_22_09_44_56_5676_Event.csv,C:/UNI/P8/Prism-effect-adaptation/Assets/PrismLogging/Participants/prism_controller_2026_05_22_09_44_56_5681_Sample.csv
C:/UNI/P8/Prism-effect-adaptation/Assets/PrismLogging/Participants/prism_controller_2026_05_22_09_47_22_1924_Meta.csv,3f9125f6-599b-49ba-a408-53f9ff78ffbc,2026-05-22T09:47:22Z,Participant,Finished,controller,9,Controller,5,None,OpenLoop,5,LineBisectionFirst,Controllers,OpenXR,129.4292,C:/UNI/P8/Prism-effect-adaptation/Assets/PrismLogging/Participants/prism_controller_2026_05_22_09_47_22_1940_Summary.csv,C:/UNI/P8/Prism-effect-adaptation/Assets/PrismLogging/Participants/prism_controller_2026_05_22_09_47_22_1934_Event.csv,C:/UNI/P8/Prism-effect-adaptation/Assets/PrismLogging/Participants/prism_controller_2026_05_22_09_47_22_1940_Sample.csv
C:/UNI/P8/Prism-effect-adaptation/Assets/PrismLogging/Participants/prism_controller_2026_05_22_09_49_31_7644_Meta.csv,8f62e9e8-eb0c-4a58-8197-935b26014d50,2026-05-22T09:49:31Z,Participant,Finished,controller,9,Controller,5,Translation,OpenLoop,6,LineBisectionFirst,Controllers,OpenXR,115.0652,C:/UNI/P8/Prism-effect-adaptation/Assets/PrismLogging/Participants/prism_controller_2026_05_22_09_49_31_7669_Summary.csv,C:/UNI/P8/Prism-effect-adaptation/Assets/PrismLogging/Participants/prism_controller_2026_05_22_09_49_31_7664_Event.csv,C:/UNI/P8/Prism-effect-adaptation/Assets/PrismLogging/Participants/prism_controller_2026_05_22_09_49_31_7669_Sample.csv
C:/UNI/P8/Prism-effect-adaptation/Assets/PrismLogging/Participants/prism_controller_2026_05_22_09_51_35_6058_Meta.csv,ca081731-36ba-4132-bc42-4a33bf158f4a,2026-05-22T09:51:35Z,Participant,Finished,controller,9,Controller,5,Rotation,OpenLoop,7,LineBisectionFirst,Controllers,OpenXR,110.1644,C:/UNI/P8/Prism-effect-adaptation/Assets/PrismLogging/Participants/prism_controller_2026_05_22_09_51_35_6088_Summary.csv,C:/UNI/P8/Prism-effect-adaptation/Assets/PrismLogging/Participants/prism_controller_2026_05_22_09_51_35_6073_Event.csv,C:/UNI/P8/Prism-effect-adaptation/Assets/PrismLogging/Participants/prism_controller_2026_05_22_09_51_35_6073_Sample.csv
C:/UNI/P8/Prism-effect-adaptation/Assets/PrismLogging/Participants/prism_controller_2026_05_22_09_53_49_4944_Meta.csv,2da1cdd7-8599-44d1-95d8-90a901c55b17,2026-05-22T09:53:49Z,Participant,Finished,controller,9,Controller,5,Skew,OpenLoop,8,LineBisectionFirst,Controllers,OpenXR,119.8736,C:/UNI/P8/Prism-effect-adaptation/Assets/PrismLogging/Participants/prism_controller_2026_05_22_09_53_49_4974_Summary.csv,C:/UNI/P8/Prism-effect-adaptation/Assets/PrismLogging/Participants/prism_controller_2026_05_22_09_53_49_4959_Event.csv,C:/UNI/P8/Prism-effect-adaptation/Assets/PrismLogging/Participants/prism_controller_2026_05_22_09_53_49_4974_Sample.csv
C:/UNI/P8/Prism-effect-adaptation/Assets/PrismLogging/Participants/prism_embodied_2026_05_22_10_24_07_2789_Meta.csv,f17c3f18-5eb1-4008-b305-9221bf420b8a,2026-05-22T10:24:07Z,Participant,Finished,embodied,10,Embodied,5,None,LineBisection,1,LineBisectionFirst,Hands,OpenXR,360.4655,C:/UNI/P8/Prism-effect-adaptation/Assets/PrismLogging/Participants/prism_embodied_2026_05_22_10_24_07_2830_Summary.csv,C:/UNI/P8/Prism-effect-adaptation/Assets/PrismLogging/Participants/prism_embodied_2026_05_22_10_24_07_2815_Event.csv,C:/UNI/P8/Prism-effect-adaptation/Assets/PrismLogging/Participants/prism_embodied_2026_05_22_10_24_07_2825_Sample.csv
C:/UNI/P8/Prism-effect-adaptation/Assets/PrismLogging/Participants/prism_embodied_2026_05_22_10_26_38_3145_Meta.csv,06bddb67-b68d-47fd-b5b7-41225274eec5,2026-05-22T10:26:38Z,Participant,Finished,embodied,10,Embodied,5,Translation,LineBisection,2,LineBisectionFirst,Hands,OpenXR,132.047,C:/UNI/P8/Prism-effect-adaptation/Assets/PrismLogging/Participants/prism_embodied_2026_05_22_10_26_38_3186_Summary.csv,C:/UNI/P8/Prism-effect-adaptation/Assets/PrismLogging/Participants/prism_embodied_2026_05_22_10_26_38_3171_Event.csv,C:/UNI/P8/Prism-effect-adaptation/Assets/PrismLogging/Participants/prism_embodied_2026_05_22_10_26_38_3171_Sample.csv
C:/UNI/P8/Prism-effect-adaptation/Assets/PrismLogging/Participants/prism_embodied_2026_05_22_10_29_29_6285_Meta.csv,58000219-8c03-4c67-89a1-b527893dadbc,2026-05-22T10:29:29Z,Participant,Finished,embodied,10,Embodied,5,Skew,LineBisection,3,LineBisectionFirst,Hands,OpenXR,155.5464,C:/UNI/P8/Prism-effect-adaptation/Assets/PrismLogging/Participants/prism_embodied_2026_05_22_10_29_29_6306_Summary.csv,C:/UNI/P8/Prism-effect-adaptation/Assets/PrismLogging/Participants/prism_embodied_2026_05_22_10_29_29_6290_Event.csv,C:/UNI/P8/Prism-effect-adaptation/Assets/PrismLogging/Participants/prism_embodied_2026_05_22_10_29_29_6306_Sample.csv
C:/UNI/P8/Prism-effect-adaptation/Assets/PrismLogging/Participants/prism_embodied_2026_05_22_10_31_35_0180_Meta.csv,d1608227-5f71-4a30-b919-5b5405bdc564,2026-05-22T10:31:35Z,Participant,Finished,embodied,10,Embodied,5,Rotation,LineBisection,4,LineBisectionFirst,Hands,OpenXR,109.6233,C:/UNI/P8/Prism-effect-adaptation/Assets/PrismLogging/Participants/prism_embodied_2026_05_22_10_31_35_0205_Summary.csv,C:/UNI/P8/Prism-effect-adaptation/Assets/PrismLogging/Participants/prism_embodied_2026_05_22_10_31_35_0195_Event.csv,C:/UNI/P8/Prism-effect-adaptation/Assets/PrismLogging/Participants/prism_embodied_2026_05_22_10_31_35_0200_Sample.csv
C:/UNI/P8/Prism-effect-adaptation/Assets/PrismLogging/Participants/prism_embodied_2026_05_22_10_33_33_5021_Meta.csv,7df2511c-56e6-48aa-9315-08a69820fcbf,2026-05-22T10:33:33Z,Participant,Finished,embodied,10,Embodied,5,None,OpenLoop,5,LineBisectionFirst,Hands,OpenXR,102.1847,C:/UNI/P8/Prism-effect-adaptation/Assets/PrismLogging/Participants/prism_embodied_2026_05_22_10_33_33_5057_Summary.csv,C:/UNI/P8/Prism-effect-adaptation/Assets/PrismLogging/Participants/prism_embodied_2026_05_22_10_33_33_5046_Event.csv,C:/UNI/P8/Prism-effect-adaptation/Assets/PrismLogging/Participants/prism_embodied_2026_05_22_10_33_33_5046_Sample.csv
C:/UNI/P8/Prism-effect-adaptation/Assets/PrismLogging/Participants/prism_embodied_2026_05_22_10_37_54_8138_Meta.csv,29ebf3a7-4bf8-481f-9592-8f6b15569e0c,2026-05-22T10:37:54Z,Participant,Finished,embodied,10,Embodied,5,Translation,OpenLoop,6,LineBisectionFirst,Hands,OpenXR,95.9431,C:/UNI/P8/Prism-effect-adaptation/Assets/PrismLogging/Participants/prism_embodied_2026_05_22_10_37_54_8168_Summary.csv,C:/UNI/P8/Prism-effect-adaptation/Assets/PrismLogging/Participants/prism_embodied_2026_05_22_10_37_54_8163_Event.csv,C:/UNI/P8/Prism-effect-adaptation/Assets/PrismLogging/Participants/prism_embodied_2026_05_22_10_37_54_8168_Sample.csv
C:/UNI/P8/Prism-effect-adaptation/Assets/PrismLogging/Participants/prism_embodied_2026_05_22_10_39_34_2540_Meta.csv,b26f18f4-8976-4f3a-a955-8a5922baecfd,2026-05-22T10:39:34Z,Participant,Finished,embodied,10,Embodied,5,Rotation,OpenLoop,7,LineBisectionFirst,Hands,OpenXR,84.3183,C:/UNI/P8/Prism-effect-adaptation/Assets/PrismLogging/Participants/prism_embodied_2026_05_22_10_39_34_2567_Summary.csv,C:/UNI/P8/Prism-effect-adaptation/Assets/PrismLogging/Participants/prism_embodied_2026_05_22_10_39_34_2567_Event.csv,C:/UNI/P8/Prism-effect-adaptation/Assets/PrismLogging/Participants/prism_embodied_2026_05_22_10_39_34_2567_Sample.csv
C:/UNI/P8/Prism-effect-adaptation/Assets/PrismLogging/Participants/prism_embodied_2026_05_22_10_41_29_1968_Meta.csv,79d35f73-6194-4e91-a266-599f00a040d4,2026-05-22T10:41:29Z,Participant,Finished,embodied,10,Embodied,5,Skew,OpenLoop,8,LineBisectionFirst,Hands,OpenXR,98.6868,C:/UNI/P8/Prism-effect-adaptation/Assets/PrismLogging/Participants/prism_embodied_2026_05_22_10_41_29_1999_Summary.csv,C:/UNI/P8/Prism-effect-adaptation/Assets/PrismLogging/Participants/prism_embodied_2026_05_22_10_41_29_1983_Event.csv,C:/UNI/P8/Prism-effect-adaptation/Assets/PrismLogging/Participants/prism_embodied_2026_05_22_10_41_29_1983_Sample.csv
