ActiveHand;AttemptIndex;BlockType;ConfirmDown;ConfirmMitigationMode;EffectMode;Email;Event;Framecount;HandDwellProgress01;HeadCameraPosWorldX;HeadCameraPosWorldY;HeadCameraPosWorldZ;HeadCameraRotEulerX;HeadCameraRotEulerY;HeadCameraRotEulerZ;HmdPosX;HmdPosY;HmdPosZ;HmdRotW;HmdRotX;HmdRotY;HmdRotZ;IsHandPointing;LeftControllerLaserPosWorldX;LeftControllerLaserPosWorldY;LeftControllerLaserPosWorldZ;LeftControllerLaserRotEulerX;LeftControllerLaserRotEulerY;LeftControllerLaserRotEulerZ;LeftControllerPosWorldX;LeftControllerPosWorldY;LeftControllerPosWorldZ;LeftControllerRotEulerX;LeftControllerRotEulerY;LeftControllerRotEulerZ;LeftControllerTrigger;LeftMovementAnchorPosWorldX;LeftMovementAnchorPosWorldY;LeftMovementAnchorPosWorldZ;LeftMovementAnchorRotEulerX;LeftMovementAnchorRotEulerY;LeftMovementAnchorRotEulerZ;LeftMovementAnchorSource;PointerForwardX;PointerForwardY;PointerForwardZ;PointerOriginX;PointerOriginY;PointerOriginZ;PointerRotationW;PointerRotationX;PointerRotationY;PointerRotationZ;RightControllerLaserPosWorldX;RightControllerLaserPosWorldY;RightControllerLaserPosWorldZ;RightControllerLaserRotEulerX;RightControllerLaserRotEulerY;RightControllerLaserRotEulerZ;RightControllerPosWorldX;RightControllerPosWorldY;RightControllerPosWorldZ;RightControllerRotEulerX;RightControllerRotEulerY;RightControllerRotEulerZ;RightControllerTrigger;RightMovementAnchorPosWorldX;RightMovementAnchorPosWorldY;RightMovementAnchorPosWorldZ;RightMovementAnchorRotEulerX;RightMovementAnchorRotEulerY;RightMovementAnchorRotEulerZ;RightMovementAnchorSource;SessionID;TargetIndex;TaskMode;Timestamp;TrackingMode;TrialIndex;XRBackend
Right;;Baseline;0;NoMitigation;None;anonymous;Sample;-1;0.0000;0.0000;0.3614;0.0000;0.0000;0.0000;0.0000;0.0000;0.3614;0.0000;1.0000;0.0000;0.0000;0.0000;0;;;;;;;;;;;;;0;;;;;;;;0.0000;0.0000;1.0000;0.0000;0.0000;0.0000;1.0000;0.0000;0.0000;0.0000;;;;;;;;;;;;;0;;;;;;;;e079f83d-a195-4f68-8ecb-6f3146070484;;Landmark;2026-03-30 10:54:12.1554;Hands;1;OpenXR
Right;;Baseline;0;NoMitigation;None;anonymous;Sample;3;0.0000;0.0000;0.3614;0.0000;0.0000;0.0000;0.0000;0.0000;0.3614;0.0000;1.0000;0.0000;0.0000;0.0000;0;;;;;;;;;;;;;0;;;;;;;;0.0000;0.0000;1.0000;0.0000;0.0000;0.0000;1.0000;0.0000;0.0000;0.0000;;;;;;;;;;;;;0;;;;;;;;e079f83d-a195-4f68-8ecb-6f3146070484;;Landmark;2026-03-30 10:54:14.0834;Hands;1;OpenXR
Right;;Baseline;0;NoMitigation;None;anonymous;Sample;6;0.0000;0.0000;0.3614;0.0000;0.0000;0.0000;0.0000;0.0000;0.3614;0.0000;1.0000;0.0000;0.0000;0.0000;0;;;;;;;;;;;;;0;;;;;;;;0.0000;0.0000;1.0000;0.0000;0.0000;0.0000;1.0000;0.0000;0.0000;0.0000;;;;;;;;;;;;;0;;;;;;;;e079f83d-a195-4f68-8ecb-6f3146070484;;Landmark;2026-03-30 10:54:14.1047;Hands;1;OpenXR
Right;;Baseline;0;NoMitigation;None;anonymous;Sample;14;0.0000;0.0000;0.3614;0.0000;0.0000;0.0000;0.0000;0.0000;0.3614;0.0000;1.0000;0.0000;0.0000;0.0000;0;;;;;;;;;;;;;0;;;;;;;;0.0000;0.0000;1.0000;0.0000;0.0000;0.0000;1.0000;0.0000;0.0000;0.0000;;;;;;;;;;;;;0;;;;;;;;e079f83d-a195-4f68-8ecb-6f3146070484;;Landmark;2026-03-30 10:54:14.1258;Hands;1;OpenXR
Right;;Baseline;0;NoMitigation;None;anonymous;Sample;22;0.0000;0.0000;0.3614;0.0000;0.0000;0.0000;0.0000;0.0000;0.3614;0.0000;1.0000;0.0000;0.0000;0.0000;0;;;;;;;;;;;;;0;;;;;;;;0.0000;0.0000;1.0000;0.0000;0.0000;0.0000;1.0000;0.0000;0.0000;0.0000;;;;;;;;;;;;;0;;;;;;;;e079f83d-a195-4f68-8ecb-6f3146070484;;Landmark;2026-03-30 10:54:14.1475;Hands;1;OpenXR
Right;;Baseline;0;NoMitigation;None;anonymous;Sample;30;0.0000;0.0000;0.3614;0.0000;0.0000;0.0000;0.0000;0.0000;0.3614;0.0000;1.0000;0.0000;0.0000;0.0000;0;;;;;;;;;;;;;0;;;;;;;;0.0000;0.0000;1.0000;0.0000;0.0000;0.0000;1.0000;0.0000;0.0000;0.0000;;;;;;;;;;;;;0;;;;;;;;e079f83d-a195-4f68-8ecb-6f3146070484;;Landmark;2026-03-30 10:54:14.1699;Hands;1;OpenXR
Right;;Baseline;0;NoMitigation;None;anonymous;Sample;38;0.0000;0.0000;0.3614;0.0000;0.0000;0.0000;0.0000;0.0000;0.3614;0.0000;1.0000;0.0000;0.0000;0.0000;0;;;;;;;;;;;;;0;;;;;;;;0.0000;0.0000;1.0000;0.0000;0.0000;0.0000;1.0000;0.0000;0.0000;0.0000;;;;;;;;;;;;;0;;;;;;;;e079f83d-a195-4f68-8ecb-6f3146070484;;Landmark;2026-03-30 10:54:14.1913;Hands;1;OpenXR
Right;;Baseline;0;NoMitigation;None;anonymous;Sample;46;0.0000;0.0000;0.3614;0.0000;0.0000;0.0000;0.0000;0.0000;0.3614;0.0000;1.0000;0.0000;0.0000;0.0000;0;;;;;;;;;;;;;0;;;;;;;;0.0000;0.0000;1.0000;0.0000;0.0000;0.0000;1.0000;0.0000;0.0000;0.0000;;;;;;;;;;;;;0;;;;;;;;e079f83d-a195-4f68-8ecb-6f3146070484;;Landmark;2026-03-30 10:54:14.2125;Hands;1;OpenXR
Right;;Baseline;0;NoMitigation;None;anonymous;Sample;54;0.0000;0.0000;0.3614;0.0000;0.0000;0.0000;0.0000;0.0000;0.3614;0.0000;1.0000;0.0000;0.0000;0.0000;0;;;;;;;;;;;;;0;;;;;;;;0.0000;0.0000;1.0000;0.0000;0.0000;0.0000;1.0000;0.0000;0.0000;0.0000;;;;;;;;;;;;;0;;;;;;;;e079f83d-a195-4f68-8ecb-6f3146070484;;Landmark;2026-03-30 10:54:14.2342;Hands;1;OpenXR
Right;;Baseline;0;NoMitigation;None;anonymous;Sample;62;0.0000;0.0000;0.3614;0.0000;0.0000;0.0000;0.0000;0.0000;0.3614;0.0000;1.0000;0.0000;0.0000;0.0000;0;;;;;;;;;;;;;0;;;;;;;;0.0000;0.0000;1.0000;0.0000;0.0000;0.0000;1.0000;0.0000;0.0000;0.0000;;;;;;;;;;;;;0;;;;;;;;e079f83d-a195-4f68-8ecb-6f3146070484;;Landmark;2026-03-30 10:54:14.2561;Hands;1;OpenXR
Right;;Baseline;0;NoMitigation;None;anonymous;Sample;70;0.0000;0.0000;0.3614;0.0000;0.0000;0.0000;0.0000;0.0000;0.3614;0.0000;1.0000;0.0000;0.0000;0.0000;0;;;;;;;;;;;;;0;;;;;;;;0.0000;0.0000;1.0000;0.0000;0.0000;0.0000;1.0000;0.0000;0.0000;0.0000;;;;;;;;;;;;;0;;;;;;;;e079f83d-a195-4f68-8ecb-6f3146070484;;Landmark;2026-03-30 10:54:14.2784;Hands;1;OpenXR
Right;;Baseline;0;NoMitigation;None;anonymous;Sample;78;0.0000;0.0000;0.3614;0.0000;0.0000;0.0000;0.0000;0.0000;0.3614;0.0000;1.0000;0.0000;0.0000;0.0000;0;;;;;;;;;;;;;0;;;;;;;;0.0000;0.0000;1.0000;0.0000;0.0000;0.0000;1.0000;0.0000;0.0000;0.0000;;;;;;;;;;;;;0;;;;;;;;e079f83d-a195-4f68-8ecb-6f3146070484;;Landmark;2026-03-30 10:54:14.2997;Hands;1;OpenXR
Right;;Baseline;0;NoMitigation;None;anonymous;Sample;86;0.0000;0.0000;0.3614;0.0000;0.0000;0.0000;0.0000;0.0000;0.3614;0.0000;1.0000;0.0000;0.0000;0.0000;0;;;;;;;;;;;;;0;;;;;;;;0.0000;0.0000;1.0000;0.0000;0.0000;0.0000;1.0000;0.0000;0.0000;0.0000;;;;;;;;;;;;;0;;;;;;;;e079f83d-a195-4f68-8ecb-6f3146070484;;Landmark;2026-03-30 10:54:14.3218;Hands;1;OpenXR
Right;;Baseline;0;NoMitigation;None;anonymous;Sample;94;0.0000;0.0000;0.3614;0.0000;0.0000;0.0000;0.0000;0.0000;0.3614;0.0000;1.0000;0.0000;0.0000;0.0000;0;;;;;;;;;;;;;0;;;;;;;;0.0000;0.0000;1.0000;0.0000;0.0000;0.0000;1.0000;0.0000;0.0000;0.0000;;;;;;;;;;;;;0;;;;;;;;e079f83d-a195-4f68-8ecb-6f3146070484;;Landmark;2026-03-30 10:54:14.3440;Hands;1;OpenXR
Right;;Baseline;0;NoMitigation;None;anonymous;Sample;102;0.0000;0.0000;0.3614;0.0000;0.0000;0.0000;0.0000;0.0000;0.3614;0.0000;1.0000;0.0000;0.0000;0.0000;0;;;;;;;;;;;;;0;;;;;;;;0.0000;0.0000;1.0000;0.0000;0.0000;0.0000;1.0000;0.0000;0.0000;0.0000;;;;;;;;;;;;;0;;;;;;;;e079f83d-a195-4f68-8ecb-6f3146070484;;Landmark;2026-03-30 10:54:14.3647;Hands;1;OpenXR
Right;;Baseline;0;NoMitigation;None;anonymous;Sample;110;0.0000;0.0000;0.3614;0.0000;0.0000;0.0000;0.0000;0.0000;0.3614;0.0000;1.0000;0.0000;0.0000;0.0000;0;;;;;;;;;;;;;0;;;;;;;;0.0000;0.0000;1.0000;0.0000;0.0000;0.0000;1.0000;0.0000;0.0000;0.0000;;;;;;;;;;;;;0;;;;;;;;e079f83d-a195-4f68-8ecb-6f3146070484;;Landmark;2026-03-30 10:54:14.3867;Hands;1;OpenXR
Right;;Baseline;0;NoMitigation;None;anonymous;Sample;118;0.0000;0.0000;0.3614;0.0000;0.0000;0.0000;0.0000;0.0000;0.3614;0.0000;1.0000;0.0000;0.0000;0.0000;0;;;;;;;;;;;;;0;;;;;;;;0.0000;0.0000;1.0000;0.0000;0.0000;0.0000;1.0000;0.0000;0.0000;0.0000;;;;;;;;;;;;;0;;;;;;;;e079f83d-a195-4f68-8ecb-6f3146070484;;Landmark;2026-03-30 10:54:14.4093;Hands;1;OpenXR
Right;;Baseline;0;NoMitigation;None;anonymous;Sample;126;0.0000;0.0000;0.3614;0.0000;0.0000;0.0000;0.0000;0.0000;0.3614;0.0000;1.0000;0.0000;0.0000;0.0000;0;;;;;;;;;;;;;0;;;;;;;;0.0000;0.0000;1.0000;0.0000;0.0000;0.0000;1.0000;0.0000;0.0000;0.0000;;;;;;;;;;;;;0;;;;;;;;e079f83d-a195-4f68-8ecb-6f3146070484;;Landmark;2026-03-30 10:54:14.4298;Hands;1;OpenXR
Right;;Baseline;0;NoMitigation;None;anonymous;Sample;134;0.0000;0.0000;0.3614;0.0000;0.0000;0.0000;0.0000;0.0000;0.3614;0.0000;1.0000;0.0000;0.0000;0.0000;0;;;;;;;;;;;;;0;;;;;;;;0.0000;0.0000;1.0000;0.0000;0.0000;0.0000;1.0000;0.0000;0.0000;0.0000;;;;;;;;;;;;;0;;;;;;;;e079f83d-a195-4f68-8ecb-6f3146070484;;Landmark;2026-03-30 10:54:14.4525;Hands;1;OpenXR
Right;;Baseline;0;NoMitigation;None;anonymous;Sample;142;0.0000;0.0000;0.3614;0.0000;0.0000;0.0000;0.0000;0.0000;0.3614;0.0000;1.0000;0.0000;0.0000;0.0000;0;;;;;;;;;;;;;0;;;;;;;;0.0000;0.0000;1.0000;0.0000;0.0000;0.0000;1.0000;0.0000;0.0000;0.0000;;;;;;;;;;;;;0;;;;;;;;e079f83d-a195-4f68-8ecb-6f3146070484;;Landmark;2026-03-30 10:54:14.4729;Hands;1;OpenXR
Right;;Baseline;0;NoMitigation;None;anonymous;Sample;150;0.0000;0.0000;0.3614;0.0000;0.0000;0.0000;0.0000;0.0000;0.3614;0.0000;1.0000;0.0000;0.0000;0.0000;0;;;;;;;;;;;;;0;;;;;;;;0.0000;0.0000;1.0000;0.0000;0.0000;0.0000;1.0000;0.0000;0.0000;0.0000;;;;;;;;;;;;;0;;;;;;;;e079f83d-a195-4f68-8ecb-6f3146070484;;Landmark;2026-03-30 10:54:14.4952;Hands;1;OpenXR
Right;;Baseline;0;NoMitigation;None;anonymous;Sample;158;0.0000;0.0000;0.3614;0.0000;0.0000;0.0000;0.0000;0.0000;0.3614;0.0000;1.0000;0.0000;0.0000;0.0000;0;;;;;;;;;;;;;0;;;;;;;;0.0000;0.0000;1.0000;0.0000;0.0000;0.0000;1.0000;0.0000;0.0000;0.0000;;;;;;;;;;;;;0;;;;;;;;e079f83d-a195-4f68-8ecb-6f3146070484;;Landmark;2026-03-30 10:54:14.5173;Hands;1;OpenXR
Right;;Baseline;0;NoMitigation;None;anonymous;Sample;166;0.0000;0.0000;0.3614;0.0000;0.0000;0.0000;0.0000;0.0000;0.3614;0.0000;1.0000;0.0000;0.0000;0.0000;0;;;;;;;;;;;;;0;;;;;;;;0.0000;0.0000;1.0000;0.0000;0.0000;0.0000;1.0000;0.0000;0.0000;0.0000;;;;;;;;;;;;;0;;;;;;;;e079f83d-a195-4f68-8ecb-6f3146070484;;Landmark;2026-03-30 10:54:14.5385;Hands;1;OpenXR
Right;;Baseline;0;NoMitigation;None;anonymous;Sample;174;0.0000;0.0000;0.3614;0.0000;0.0000;0.0000;0.0000;0.0000;0.3614;0.0000;1.0000;0.0000;0.0000;0.0000;0;;;;;;;;;;;;;0;;;;;;;;0.0000;0.0000;1.0000;0.0000;0.0000;0.0000;1.0000;0.0000;0.0000;0.0000;;;;;;;;;;;;;0;;;;;;;;e079f83d-a195-4f68-8ecb-6f3146070484;;Landmark;2026-03-30 10:54:14.5598;Hands;1;OpenXR
Right;;Baseline;0;NoMitigation;None;anonymous;Sample;182;0.0000;0.0000;0.3614;0.0000;0.0000;0.0000;0.0000;0.0000;0.3614;0.0000;1.0000;0.0000;0.0000;0.0000;0;;;;;;;;;;;;;0;;;;;;;;0.0000;0.0000;1.0000;0.0000;0.0000;0.0000;1.0000;0.0000;0.0000;0.0000;;;;;;;;;;;;;0;;;;;;;;e079f83d-a195-4f68-8ecb-6f3146070484;;Landmark;2026-03-30 10:54:14.5822;Hands;1;OpenXR
Right;;Baseline;0;NoMitigation;None;anonymous;Sample;187;0.0000;0.0000;0.3614;0.0000;0.0000;0.0000;0.0000;0.0000;0.3614;0.0000;1.0000;0.0000;0.0000;0.0000;0;;;;;;;;;;;;;0;;;;;;;;0.0000;0.0000;1.0000;0.0000;0.0000;0.0000;1.0000;0.0000;0.0000;0.0000;;;;;;;;;;;;;0;;;;;;;;e079f83d-a195-4f68-8ecb-6f3146070484;;Landmark;2026-03-30 10:54:14.6018;Hands;1;OpenXR
Right;;Baseline;0;NoMitigation;None;anonymous;Sample;195;0.0000;0.0000;0.3614;0.0000;0.0000;0.0000;0.0000;0.0000;0.3614;0.0000;1.0000;0.0000;0.0000;0.0000;0;;;;;;;;;;;;;0;;;;;;;;0.0000;0.0000;1.0000;0.0000;0.0000;0.0000;1.0000;0.0000;0.0000;0.0000;;;;;;;;;;;;;0;;;;;;;;e079f83d-a195-4f68-8ecb-6f3146070484;;Landmark;2026-03-30 10:54:14.6238;Hands;1;OpenXR
Right;;Baseline;0;NoMitigation;None;anonymous;Sample;203;0.0000;0.0000;0.3614;0.0000;0.0000;0.0000;0.0000;0.0000;0.3614;0.0000;1.0000;0.0000;0.0000;0.0000;0;;;;;;;;;;;;;0;;;;;;;;0.0000;0.0000;1.0000;0.0000;0.0000;0.0000;1.0000;0.0000;0.0000;0.0000;;;;;;;;;;;;;0;;;;;;;;e079f83d-a195-4f68-8ecb-6f3146070484;;Landmark;2026-03-30 10:54:14.6466;Hands;1;OpenXR
Right;;Baseline;0;NoMitigation;None;anonymous;Sample;211;0.0000;0.0000;0.3614;0.0000;0.0000;0.0000;0.0000;0.0000;0.3614;0.0000;1.0000;0.0000;0.0000;0.0000;0;;;;;;;;;;;;;0;;;;;;;;0.0000;0.0000;1.0000;0.0000;0.0000;0.0000;1.0000;0.0000;0.0000;0.0000;;;;;;;;;;;;;0;;;;;;;;e079f83d-a195-4f68-8ecb-6f3146070484;;Landmark;2026-03-30 10:54:14.6676;Hands;1;OpenXR
Right;;Baseline;0;NoMitigation;None;anonymous;Sample;219;0.0000;0.0000;0.3614;0.0000;0.0000;0.0000;0.0000;0.0000;0.3614;0.0000;1.0000;0.0000;0.0000;0.0000;0;;;;;;;;;;;;;0;;;;;;;;0.0000;0.0000;1.0000;0.0000;0.0000;0.0000;1.0000;0.0000;0.0000;0.0000;;;;;;;;;;;;;0;;;;;;;;e079f83d-a195-4f68-8ecb-6f3146070484;;Landmark;2026-03-30 10:54:14.6884;Hands;1;OpenXR
Right;;Baseline;0;NoMitigation;None;anonymous;Sample;227;0.0000;0.0000;0.3614;0.0000;0.0000;0.0000;0.0000;0.0000;0.3614;0.0000;1.0000;0.0000;0.0000;0.0000;0;;;;;;;;;;;;;0;;;;;;;;0.0000;0.0000;1.0000;0.0000;0.0000;0.0000;1.0000;0.0000;0.0000;0.0000;;;;;;;;;;;;;0;;;;;;;;e079f83d-a195-4f68-8ecb-6f3146070484;;Landmark;2026-03-30 10:54:14.7103;Hands;1;OpenXR
Right;;Baseline;0;NoMitigation;None;anonymous;Sample;235;0.0000;0.0000;0.3614;0.0000;0.0000;0.0000;0.0000;0.0000;0.3614;0.0000;1.0000;0.0000;0.0000;0.0000;0;;;;;;;;;;;;;0;;;;;;;;0.0000;0.0000;1.0000;0.0000;0.0000;0.0000;1.0000;0.0000;0.0000;0.0000;;;;;;;;;;;;;0;;;;;;;;e079f83d-a195-4f68-8ecb-6f3146070484;;Landmark;2026-03-30 10:54:14.7318;Hands;1;OpenXR
Right;;Baseline;0;NoMitigation;None;anonymous;Sample;243;0.0000;0.0000;0.3614;0.0000;0.0000;0.0000;0.0000;0.0000;0.3614;0.0000;1.0000;0.0000;0.0000;0.0000;0;;;;;;;;;;;;;0;;;;;;;;0.0000;0.0000;1.0000;0.0000;0.0000;0.0000;1.0000;0.0000;0.0000;0.0000;;;;;;;;;;;;;0;;;;;;;;e079f83d-a195-4f68-8ecb-6f3146070484;;Landmark;2026-03-30 10:54:14.7541;Hands;1;OpenXR
Right;;Baseline;0;NoMitigation;None;anonymous;Sample;251;0.0000;0.0000;0.3614;0.0000;0.0000;0.0000;0.0000;0.0000;0.3614;0.0000;1.0000;0.0000;0.0000;0.0000;0;;;;;;;;;;;;;0;;;;;;;;0.0000;0.0000;1.0000;0.0000;0.0000;0.0000;1.0000;0.0000;0.0000;0.0000;;;;;;;;;;;;;0;;;;;;;;e079f83d-a195-4f68-8ecb-6f3146070484;;Landmark;2026-03-30 10:54:14.7759;Hands;1;OpenXR
Right;;Baseline;0;NoMitigation;None;anonymous;Sample;259;0.0000;0.0000;0.3614;0.0000;0.0000;0.0000;0.0000;0.0000;0.3614;0.0000;1.0000;0.0000;0.0000;0.0000;0;;;;;;;;;;;;;0;;;;;;;;0.0000;0.0000;1.0000;0.0000;0.0000;0.0000;1.0000;0.0000;0.0000;0.0000;;;;;;;;;;;;;0;;;;;;;;e079f83d-a195-4f68-8ecb-6f3146070484;;Landmark;2026-03-30 10:54:14.7973;Hands;1;OpenXR
Right;;Baseline;0;NoMitigation;None;anonymous;Sample;267;0.0000;0.0000;0.3614;0.0000;0.0000;0.0000;0.0000;0.0000;0.3614;0.0000;1.0000;0.0000;0.0000;0.0000;0;;;;;;;;;;;;;0;;;;;;;;0.0000;0.0000;1.0000;0.0000;0.0000;0.0000;1.0000;0.0000;0.0000;0.0000;;;;;;;;;;;;;0;;;;;;;;e079f83d-a195-4f68-8ecb-6f3146070484;;Landmark;2026-03-30 10:54:14.8183;Hands;1;OpenXR
Right;;Baseline;0;NoMitigation;None;anonymous;Sample;275;0.0000;0.0000;0.3614;0.0000;0.0000;0.0000;0.0000;0.0000;0.3614;0.0000;1.0000;0.0000;0.0000;0.0000;0;;;;;;;;;;;;;0;;;;;;;;0.0000;0.0000;1.0000;0.0000;0.0000;0.0000;1.0000;0.0000;0.0000;0.0000;;;;;;;;;;;;;0;;;;;;;;e079f83d-a195-4f68-8ecb-6f3146070484;;Landmark;2026-03-30 10:54:14.8403;Hands;1;OpenXR
Right;;Baseline;0;NoMitigation;None;anonymous;Sample;283;0.0000;0.0000;0.3614;0.0000;0.0000;0.0000;0.0000;0.0000;0.3614;0.0000;1.0000;0.0000;0.0000;0.0000;0;;;;;;;;;;;;;0;;;;;;;;0.0000;0.0000;1.0000;0.0000;0.0000;0.0000;1.0000;0.0000;0.0000;0.0000;;;;;;;;;;;;;0;;;;;;;;e079f83d-a195-4f68-8ecb-6f3146070484;;Landmark;2026-03-30 10:54:14.8626;Hands;1;OpenXR
Right;;Baseline;0;NoMitigation;None;anonymous;Sample;288;0.0000;0.0000;0.3614;0.0000;0.0000;0.0000;0.0000;0.0000;0.3614;0.0000;1.0000;0.0000;0.0000;0.0000;0;;;;;;;;;;;;;0;;;;;;;;0.0000;0.0000;1.0000;0.0000;0.0000;0.0000;1.0000;0.0000;0.0000;0.0000;;;;;;;;;;;;;0;;;;;;;;e079f83d-a195-4f68-8ecb-6f3146070484;;Landmark;2026-03-30 10:54:14.8841;Hands;1;OpenXR
Right;;Baseline;0;NoMitigation;None;anonymous;Sample;296;0.0000;0.0000;0.3614;0.0000;0.0000;0.0000;0.0000;0.0000;0.3614;0.0000;1.0000;0.0000;0.0000;0.0000;0;;;;;;;;;;;;;0;;;;;;;;0.0000;0.0000;1.0000;0.0000;0.0000;0.0000;1.0000;0.0000;0.0000;0.0000;;;;;;;;;;;;;0;;;;;;;;e079f83d-a195-4f68-8ecb-6f3146070484;;Landmark;2026-03-30 10:54:14.9054;Hands;1;OpenXR
Right;;Baseline;0;NoMitigation;None;anonymous;Sample;304;0.0000;0.0000;0.3614;0.0000;0.0000;0.0000;0.0000;0.0000;0.3614;0.0000;1.0000;0.0000;0.0000;0.0000;0;;;;;;;;;;;;;0;;;;;;;;0.0000;0.0000;1.0000;0.0000;0.0000;0.0000;1.0000;0.0000;0.0000;0.0000;;;;;;;;;;;;;0;;;;;;;;e079f83d-a195-4f68-8ecb-6f3146070484;;Landmark;2026-03-30 10:54:14.9265;Hands;1;OpenXR
Right;;Baseline;0;NoMitigation;None;anonymous;Sample;312;0.0000;0.0000;0.3614;0.0000;0.0000;0.0000;0.0000;0.0000;0.3614;0.0000;1.0000;0.0000;0.0000;0.0000;0;;;;;;;;;;;;;0;;;;;;;;0.0000;0.0000;1.0000;0.0000;0.0000;0.0000;1.0000;0.0000;0.0000;0.0000;;;;;;;;;;;;;0;;;;;;;;e079f83d-a195-4f68-8ecb-6f3146070484;;Landmark;2026-03-30 10:54:14.9490;Hands;1;OpenXR
Right;;Baseline;0;NoMitigation;None;anonymous;Sample;320;0.0000;0.0000;0.3614;0.0000;0.0000;0.0000;0.0000;0.0000;0.3614;0.0000;1.0000;0.0000;0.0000;0.0000;0;;;;;;;;;;;;;0;;;;;;;;0.0000;0.0000;1.0000;0.0000;0.0000;0.0000;1.0000;0.0000;0.0000;0.0000;;;;;;;;;;;;;0;;;;;;;;e079f83d-a195-4f68-8ecb-6f3146070484;;Landmark;2026-03-30 10:54:14.9694;Hands;1;OpenXR
Right;;Baseline;0;NoMitigation;None;anonymous;Sample;328;0.0000;0.0000;0.3614;0.0000;0.0000;0.0000;0.0000;0.0000;0.3614;0.0000;1.0000;0.0000;0.0000;0.0000;0;;;;;;;;;;;;;0;;;;;;;;0.0000;0.0000;1.0000;0.0000;0.0000;0.0000;1.0000;0.0000;0.0000;0.0000;;;;;;;;;;;;;0;;;;;;;;e079f83d-a195-4f68-8ecb-6f3146070484;;Landmark;2026-03-30 10:54:14.9931;Hands;1;OpenXR
Right;;Baseline;0;NoMitigation;None;anonymous;Sample;337;0.0000;0.0000;0.3614;0.0000;0.0000;0.0000;0.0000;0.0000;0.3614;0.0000;1.0000;0.0000;0.0000;0.0000;0;;;;;;;;;;;;;0;;;;;;;;0.0000;0.0000;1.0000;0.0000;0.0000;0.0000;1.0000;0.0000;0.0000;0.0000;;;;;;;;;;;;;0;;;;;;;;e079f83d-a195-4f68-8ecb-6f3146070484;;Landmark;2026-03-30 10:54:15.0155;Hands;1;OpenXR
Right;;Baseline;0;NoMitigation;None;anonymous;Sample;345;0.0000;0.0000;0.3614;0.0000;0.0000;0.0000;0.0000;0.0000;0.3614;0.0000;1.0000;0.0000;0.0000;0.0000;0;;;;;;;;;;;;;0;;;;;;;;0.0000;0.0000;1.0000;0.0000;0.0000;0.0000;1.0000;0.0000;0.0000;0.0000;;;;;;;;;;;;;0;;;;;;;;e079f83d-a195-4f68-8ecb-6f3146070484;;Landmark;2026-03-30 10:54:15.0375;Hands;1;OpenXR
Right;;Baseline;0;NoMitigation;None;anonymous;Sample;353;0.0000;0.0000;0.3614;0.0000;0.0000;0.0000;0.0000;0.0000;0.3614;0.0000;1.0000;0.0000;0.0000;0.0000;0;;;;;;;;;;;;;0;;;;;;;;0.0000;0.0000;1.0000;0.0000;0.0000;0.0000;1.0000;0.0000;0.0000;0.0000;;;;;;;;;;;;;0;;;;;;;;e079f83d-a195-4f68-8ecb-6f3146070484;;Landmark;2026-03-30 10:54:15.0588;Hands;1;OpenXR
Right;;Baseline;0;NoMitigation;None;anonymous;Sample;361;0.0000;0.0000;0.3614;0.0000;0.0000;0.0000;0.0000;0.0000;0.3614;0.0000;1.0000;0.0000;0.0000;0.0000;0;;;;;;;;;;;;;0;;;;;;;;0.0000;0.0000;1.0000;0.0000;0.0000;0.0000;1.0000;0.0000;0.0000;0.0000;;;;;;;;;;;;;0;;;;;;;;e079f83d-a195-4f68-8ecb-6f3146070484;;Landmark;2026-03-30 10:54:15.0809;Hands;1;OpenXR
Right;;Baseline;0;NoMitigation;None;anonymous;Sample;368;0.0000;0.0000;0.3614;0.0000;0.0000;0.0000;0.0000;0.0000;0.3614;0.0000;1.0000;0.0000;0.0000;0.0000;0;;;;;;;;;;;;;0;;;;;;;;0.0000;0.0000;1.0000;0.0000;0.0000;0.0000;1.0000;0.0000;0.0000;0.0000;;;;;;;;;;;;;0;;;;;;;;e079f83d-a195-4f68-8ecb-6f3146070484;;Landmark;2026-03-30 10:54:15.1062;Hands;1;OpenXR
Right;;Baseline;0;NoMitigation;None;anonymous;Sample;374;0.0000;0.0000;0.3614;0.0000;0.0000;0.0000;0.0000;0.0000;0.3614;0.0000;1.0000;0.0000;0.0000;0.0000;0;;;;;;;;;;;;;0;;;;;;;;0.0000;0.0000;1.0000;0.0000;0.0000;0.0000;1.0000;0.0000;0.0000;0.0000;;;;;;;;;;;;;0;;;;;;;;e079f83d-a195-4f68-8ecb-6f3146070484;;Landmark;2026-03-30 10:54:15.1268;Hands;1;OpenXR
Right;;Baseline;0;NoMitigation;None;anonymous;Sample;382;0.0000;0.0000;0.3614;0.0000;0.0000;0.0000;0.0000;0.0000;0.3614;0.0000;1.0000;0.0000;0.0000;0.0000;0;;;;;;;;;;;;;0;;;;;;;;0.0000;0.0000;1.0000;0.0000;0.0000;0.0000;1.0000;0.0000;0.0000;0.0000;;;;;;;;;;;;;0;;;;;;;;e079f83d-a195-4f68-8ecb-6f3146070484;;Landmark;2026-03-30 10:54:15.1484;Hands;1;OpenXR
Right;;Baseline;0;NoMitigation;None;anonymous;Sample;389;0.0000;0.0000;0.3614;0.0000;0.0000;0.0000;0.0000;0.0000;0.3614;0.0000;1.0000;0.0000;0.0000;0.0000;0;;;;;;;;;;;;;0;;;;;;;;0.0000;0.0000;1.0000;0.0000;0.0000;0.0000;1.0000;0.0000;0.0000;0.0000;;;;;;;;;;;;;0;;;;;;;;e079f83d-a195-4f68-8ecb-6f3146070484;;Landmark;2026-03-30 10:54:15.1697;Hands;1;OpenXR
Right;;Baseline;0;NoMitigation;None;anonymous;Sample;397;0.0000;0.0000;0.3614;0.0000;0.0000;0.0000;0.0000;0.0000;0.3614;0.0000;1.0000;0.0000;0.0000;0.0000;0;;;;;;;;;;;;;0;;;;;;;;0.0000;0.0000;1.0000;0.0000;0.0000;0.0000;1.0000;0.0000;0.0000;0.0000;;;;;;;;;;;;;0;;;;;;;;e079f83d-a195-4f68-8ecb-6f3146070484;;Landmark;2026-03-30 10:54:15.1910;Hands;1;OpenXR
Right;;Baseline;0;NoMitigation;None;anonymous;Sample;405;0.0000;0.0000;0.3614;0.0000;0.0000;0.0000;0.0000;0.0000;0.3614;0.0000;1.0000;0.0000;0.0000;0.0000;0;;;;;;;;;;;;;0;;;;;;;;0.0000;0.0000;1.0000;0.0000;0.0000;0.0000;1.0000;0.0000;0.0000;0.0000;;;;;;;;;;;;;0;;;;;;;;e079f83d-a195-4f68-8ecb-6f3146070484;;Landmark;2026-03-30 10:54:15.2123;Hands;1;OpenXR
Right;;Baseline;0;NoMitigation;None;anonymous;Sample;413;0.0000;0.0000;0.3614;0.0000;0.0000;0.0000;0.0000;0.0000;0.3614;0.0000;1.0000;0.0000;0.0000;0.0000;0;;;;;;;;;;;;;0;;;;;;;;0.0000;0.0000;1.0000;0.0000;0.0000;0.0000;1.0000;0.0000;0.0000;0.0000;;;;;;;;;;;;;0;;;;;;;;e079f83d-a195-4f68-8ecb-6f3146070484;;Landmark;2026-03-30 10:54:15.2349;Hands;1;OpenXR
Right;;Baseline;0;NoMitigation;None;anonymous;Sample;420;0.0000;0.0000;0.3614;0.0000;0.0000;0.0000;0.0000;0.0000;0.3614;0.0000;1.0000;0.0000;0.0000;0.0000;0;;;;;;;;;;;;;0;;;;;;;;0.0000;0.0000;1.0000;0.0000;0.0000;0.0000;1.0000;0.0000;0.0000;0.0000;;;;;;;;;;;;;0;;;;;;;;e079f83d-a195-4f68-8ecb-6f3146070484;;Landmark;2026-03-30 10:54:15.2570;Hands;1;OpenXR
Right;;Baseline;0;NoMitigation;None;anonymous;Sample;428;0.0000;0.0000;0.3614;0.0000;0.0000;0.0000;0.0000;0.0000;0.3614;0.0000;1.0000;0.0000;0.0000;0.0000;0;;;;;;;;;;;;;0;;;;;;;;0.0000;0.0000;1.0000;0.0000;0.0000;0.0000;1.0000;0.0000;0.0000;0.0000;;;;;;;;;;;;;0;;;;;;;;e079f83d-a195-4f68-8ecb-6f3146070484;;Landmark;2026-03-30 10:54:15.2788;Hands;1;OpenXR
Right;;Baseline;0;NoMitigation;None;anonymous;Sample;436;0.0000;0.0000;0.3614;0.0000;0.0000;0.0000;0.0000;0.0000;0.3614;0.0000;1.0000;0.0000;0.0000;0.0000;0;;;;;;;;;;;;;0;;;;;;;;0.0000;0.0000;1.0000;0.0000;0.0000;0.0000;1.0000;0.0000;0.0000;0.0000;;;;;;;;;;;;;0;;;;;;;;e079f83d-a195-4f68-8ecb-6f3146070484;;Landmark;2026-03-30 10:54:15.3002;Hands;1;OpenXR
Right;;Baseline;0;NoMitigation;None;anonymous;Sample;444;0.0000;0.0000;0.3614;0.0000;0.0000;0.0000;0.0000;0.0000;0.3614;0.0000;1.0000;0.0000;0.0000;0.0000;0;;;;;;;;;;;;;0;;;;;;;;0.0000;0.0000;1.0000;0.0000;0.0000;0.0000;1.0000;0.0000;0.0000;0.0000;;;;;;;;;;;;;0;;;;;;;;e079f83d-a195-4f68-8ecb-6f3146070484;;Landmark;2026-03-30 10:54:15.3211;Hands;1;OpenXR
Right;;Baseline;0;NoMitigation;None;anonymous;Sample;452;0.0000;0.0000;0.3614;0.0000;0.0000;0.0000;0.0000;0.0000;0.3614;0.0000;1.0000;0.0000;0.0000;0.0000;0;;;;;;;;;;;;;0;;;;;;;;0.0000;0.0000;1.0000;0.0000;0.0000;0.0000;1.0000;0.0000;0.0000;0.0000;;;;;;;;;;;;;0;;;;;;;;e079f83d-a195-4f68-8ecb-6f3146070484;;Landmark;2026-03-30 10:54:15.3438;Hands;1;OpenXR
Right;;Baseline;0;NoMitigation;None;anonymous;Sample;460;0.0000;0.0000;0.3614;0.0000;0.0000;0.0000;0.0000;0.0000;0.3614;0.0000;1.0000;0.0000;0.0000;0.0000;0;;;;;;;;;;;;;0;;;;;;;;0.0000;0.0000;1.0000;0.0000;0.0000;0.0000;1.0000;0.0000;0.0000;0.0000;;;;;;;;;;;;;0;;;;;;;;e079f83d-a195-4f68-8ecb-6f3146070484;;Landmark;2026-03-30 10:54:15.3651;Hands;1;OpenXR
Right;;Baseline;0;NoMitigation;None;anonymous;Sample;468;0.0000;0.0000;0.3614;0.0000;0.0000;0.0000;0.0000;0.0000;0.3614;0.0000;1.0000;0.0000;0.0000;0.0000;0;;;;;;;;;;;;;0;;;;;;;;0.0000;0.0000;1.0000;0.0000;0.0000;0.0000;1.0000;0.0000;0.0000;0.0000;;;;;;;;;;;;;0;;;;;;;;e079f83d-a195-4f68-8ecb-6f3146070484;;Landmark;2026-03-30 10:54:15.3864;Hands;1;OpenXR
Right;;Baseline;0;NoMitigation;None;anonymous;Sample;476;0.0000;0.0000;0.3614;0.0000;0.0000;0.0000;0.0000;0.0000;0.3614;0.0000;1.0000;0.0000;0.0000;0.0000;0;;;;;;;;;;;;;0;;;;;;;;0.0000;0.0000;1.0000;0.0000;0.0000;0.0000;1.0000;0.0000;0.0000;0.0000;;;;;;;;;;;;;0;;;;;;;;e079f83d-a195-4f68-8ecb-6f3146070484;;Landmark;2026-03-30 10:54:15.4085;Hands;1;OpenXR
Right;;Baseline;0;NoMitigation;None;anonymous;Sample;484;0.0000;0.0000;0.3614;0.0000;0.0000;0.0000;0.0000;0.0000;0.3614;0.0000;1.0000;0.0000;0.0000;0.0000;0;;;;;;;;;;;;;0;;;;;;;;0.0000;0.0000;1.0000;0.0000;0.0000;0.0000;1.0000;0.0000;0.0000;0.0000;;;;;;;;;;;;;0;;;;;;;;e079f83d-a195-4f68-8ecb-6f3146070484;;Landmark;2026-03-30 10:54:15.4300;Hands;1;OpenXR
Right;;Baseline;0;NoMitigation;None;anonymous;Sample;492;0.0000;0.0000;0.3614;0.0000;0.0000;0.0000;0.0000;0.0000;0.3614;0.0000;1.0000;0.0000;0.0000;0.0000;0;;;;;;;;;;;;;0;;;;;;;;0.0000;0.0000;1.0000;0.0000;0.0000;0.0000;1.0000;0.0000;0.0000;0.0000;;;;;;;;;;;;;0;;;;;;;;e079f83d-a195-4f68-8ecb-6f3146070484;;Landmark;2026-03-30 10:54:15.4512;Hands;1;OpenXR
Right;;Baseline;0;NoMitigation;None;anonymous;Sample;500;0.0000;0.0000;0.3614;0.0000;0.0000;0.0000;0.0000;0.0000;0.3614;0.0000;1.0000;0.0000;0.0000;0.0000;0;;;;;;;;;;;;;0;;;;;;;;0.0000;0.0000;1.0000;0.0000;0.0000;0.0000;1.0000;0.0000;0.0000;0.0000;;;;;;;;;;;;;0;;;;;;;;e079f83d-a195-4f68-8ecb-6f3146070484;;Landmark;2026-03-30 10:54:15.4736;Hands;1;OpenXR
Right;;Baseline;0;NoMitigation;None;anonymous;Sample;508;0.0000;0.0000;0.3614;0.0000;0.0000;0.0000;0.0000;0.0000;0.3614;0.0000;1.0000;0.0000;0.0000;0.0000;0;;;;;;;;;;;;;0;;;;;;;;0.0000;0.0000;1.0000;0.0000;0.0000;0.0000;1.0000;0.0000;0.0000;0.0000;;;;;;;;;;;;;0;;;;;;;;e079f83d-a195-4f68-8ecb-6f3146070484;;Landmark;2026-03-30 10:54:15.4952;Hands;1;OpenXR
Right;;Baseline;0;NoMitigation;None;anonymous;Sample;516;0.0000;0.0000;0.3614;0.0000;0.0000;0.0000;0.0000;0.0000;0.3614;0.0000;1.0000;0.0000;0.0000;0.0000;0;;;;;;;;;;;;;0;;;;;;;;0.0000;0.0000;1.0000;0.0000;0.0000;0.0000;1.0000;0.0000;0.0000;0.0000;;;;;;;;;;;;;0;;;;;;;;e079f83d-a195-4f68-8ecb-6f3146070484;;Landmark;2026-03-30 10:54:15.5173;Hands;1;OpenXR
Right;;Baseline;0;NoMitigation;None;anonymous;Sample;524;0.0000;0.0000;0.3614;0.0000;0.0000;0.0000;0.0000;0.0000;0.3614;0.0000;1.0000;0.0000;0.0000;0.0000;0;;;;;;;;;;;;;0;;;;;;;;0.0000;0.0000;1.0000;0.0000;0.0000;0.0000;1.0000;0.0000;0.0000;0.0000;;;;;;;;;;;;;0;;;;;;;;e079f83d-a195-4f68-8ecb-6f3146070484;;Landmark;2026-03-30 10:54:15.5392;Hands;1;OpenXR
Right;;Baseline;0;NoMitigation;None;anonymous;Sample;532;0.0000;0.0000;0.3614;0.0000;0.0000;0.0000;0.0000;0.0000;0.3614;0.0000;1.0000;0.0000;0.0000;0.0000;0;;;;;;;;;;;;;0;;;;;;;;0.0000;0.0000;1.0000;0.0000;0.0000;0.0000;1.0000;0.0000;0.0000;0.0000;;;;;;;;;;;;;0;;;;;;;;e079f83d-a195-4f68-8ecb-6f3146070484;;Landmark;2026-03-30 10:54:15.5613;Hands;1;OpenXR
Right;;Baseline;0;NoMitigation;None;anonymous;Sample;540;0.0000;0.0000;0.3614;0.0000;0.0000;0.0000;0.0000;0.0000;0.3614;0.0000;1.0000;0.0000;0.0000;0.0000;0;;;;;;;;;;;;;0;;;;;;;;0.0000;0.0000;1.0000;0.0000;0.0000;0.0000;1.0000;0.0000;0.0000;0.0000;;;;;;;;;;;;;0;;;;;;;;e079f83d-a195-4f68-8ecb-6f3146070484;;Landmark;2026-03-30 10:54:15.5824;Hands;1;OpenXR
Right;;Baseline;0;NoMitigation;None;anonymous;Sample;548;0.0000;0.0000;0.3614;0.0000;0.0000;0.0000;0.0000;0.0000;0.3614;0.0000;1.0000;0.0000;0.0000;0.0000;0;;;;;;;;;;;;;0;;;;;;;;0.0000;0.0000;1.0000;0.0000;0.0000;0.0000;1.0000;0.0000;0.0000;0.0000;;;;;;;;;;;;;0;;;;;;;;e079f83d-a195-4f68-8ecb-6f3146070484;;Landmark;2026-03-30 10:54:15.6038;Hands;1;OpenXR
Right;;Baseline;0;NoMitigation;None;anonymous;Sample;556;0.0000;0.0000;0.3614;0.0000;0.0000;0.0000;0.0000;0.0000;0.3614;0.0000;1.0000;0.0000;0.0000;0.0000;0;;;;;;;;;;;;;0;;;;;;;;0.0000;0.0000;1.0000;0.0000;0.0000;0.0000;1.0000;0.0000;0.0000;0.0000;;;;;;;;;;;;;0;;;;;;;;e079f83d-a195-4f68-8ecb-6f3146070484;;Landmark;2026-03-30 10:54:15.6261;Hands;1;OpenXR
Right;;Baseline;0;NoMitigation;None;anonymous;Sample;564;0.0000;0.0000;0.3614;0.0000;0.0000;0.0000;0.0000;0.0000;0.3614;0.0000;1.0000;0.0000;0.0000;0.0000;0;;;;;;;;;;;;;0;;;;;;;;0.0000;0.0000;1.0000;0.0000;0.0000;0.0000;1.0000;0.0000;0.0000;0.0000;;;;;;;;;;;;;0;;;;;;;;e079f83d-a195-4f68-8ecb-6f3146070484;;Landmark;2026-03-30 10:54:15.6475;Hands;1;OpenXR
Right;;Baseline;0;NoMitigation;None;anonymous;Sample;572;0.0000;0.0000;0.3614;0.0000;0.0000;0.0000;0.0000;0.0000;0.3614;0.0000;1.0000;0.0000;0.0000;0.0000;0;;;;;;;;;;;;;0;;;;;;;;0.0000;0.0000;1.0000;0.0000;0.0000;0.0000;1.0000;0.0000;0.0000;0.0000;;;;;;;;;;;;;0;;;;;;;;e079f83d-a195-4f68-8ecb-6f3146070484;;Landmark;2026-03-30 10:54:15.6705;Hands;1;OpenXR
Right;;Baseline;0;NoMitigation;None;anonymous;Sample;580;0.0000;0.0000;0.3614;0.0000;0.0000;0.0000;0.0000;0.0000;0.3614;0.0000;1.0000;0.0000;0.0000;0.0000;0;;;;;;;;;;;;;0;;;;;;;;0.0000;0.0000;1.0000;0.0000;0.0000;0.0000;1.0000;0.0000;0.0000;0.0000;;;;;;;;;;;;;0;;;;;;;;e079f83d-a195-4f68-8ecb-6f3146070484;;Landmark;2026-03-30 10:54:15.6918;Hands;1;OpenXR
Right;;Baseline;0;NoMitigation;None;anonymous;Sample;588;0.0000;0.0000;0.3614;0.0000;0.0000;0.0000;0.0000;0.0000;0.3614;0.0000;1.0000;0.0000;0.0000;0.0000;0;;;;;;;;;;;;;0;;;;;;;;0.0000;0.0000;1.0000;0.0000;0.0000;0.0000;1.0000;0.0000;0.0000;0.0000;;;;;;;;;;;;;0;;;;;;;;e079f83d-a195-4f68-8ecb-6f3146070484;;Landmark;2026-03-30 10:54:15.7132;Hands;1;OpenXR
Right;;Baseline;0;NoMitigation;None;anonymous;Sample;596;0.0000;0.0000;0.3614;0.0000;0.0000;0.0000;0.0000;0.0000;0.3614;0.0000;1.0000;0.0000;0.0000;0.0000;0;;;;;;;;;;;;;0;;;;;;;;0.0000;0.0000;1.0000;0.0000;0.0000;0.0000;1.0000;0.0000;0.0000;0.0000;;;;;;;;;;;;;0;;;;;;;;e079f83d-a195-4f68-8ecb-6f3146070484;;Landmark;2026-03-30 10:54:15.7341;Hands;1;OpenXR
Right;;Baseline;0;NoMitigation;None;anonymous;Sample;604;0.0000;0.0000;0.3614;0.0000;0.0000;0.0000;0.0000;0.0000;0.3614;0.0000;1.0000;0.0000;0.0000;0.0000;0;;;;;;;;;;;;;0;;;;;;;;0.0000;0.0000;1.0000;0.0000;0.0000;0.0000;1.0000;0.0000;0.0000;0.0000;;;;;;;;;;;;;0;;;;;;;;e079f83d-a195-4f68-8ecb-6f3146070484;;Landmark;2026-03-30 10:54:15.7560;Hands;1;OpenXR
Right;;Baseline;0;NoMitigation;None;anonymous;Sample;612;0.0000;0.0000;0.3614;0.0000;0.0000;0.0000;0.0000;0.0000;0.3614;0.0000;1.0000;0.0000;0.0000;0.0000;0;;;;;;;;;;;;;0;;;;;;;;0.0000;0.0000;1.0000;0.0000;0.0000;0.0000;1.0000;0.0000;0.0000;0.0000;;;;;;;;;;;;;0;;;;;;;;e079f83d-a195-4f68-8ecb-6f3146070484;;Landmark;2026-03-30 10:54:15.7773;Hands;1;OpenXR
Right;;Baseline;0;NoMitigation;None;anonymous;Sample;620;0.0000;0.0000;0.3614;0.0000;0.0000;0.0000;0.0000;0.0000;0.3614;0.0000;1.0000;0.0000;0.0000;0.0000;0;;;;;;;;;;;;;0;;;;;;;;0.0000;0.0000;1.0000;0.0000;0.0000;0.0000;1.0000;0.0000;0.0000;0.0000;;;;;;;;;;;;;0;;;;;;;;e079f83d-a195-4f68-8ecb-6f3146070484;;Landmark;2026-03-30 10:54:15.7995;Hands;1;OpenXR
Right;;Baseline;0;NoMitigation;None;anonymous;Sample;628;0.0000;0.0000;0.3614;0.0000;0.0000;0.0000;0.0000;0.0000;0.3614;0.0000;1.0000;0.0000;0.0000;0.0000;0;;;;;;;;;;;;;0;;;;;;;;0.0000;0.0000;1.0000;0.0000;0.0000;0.0000;1.0000;0.0000;0.0000;0.0000;;;;;;;;;;;;;0;;;;;;;;e079f83d-a195-4f68-8ecb-6f3146070484;;Landmark;2026-03-30 10:54:15.8225;Hands;1;OpenXR
Right;;Baseline;0;NoMitigation;None;anonymous;Sample;636;0.0000;0.0000;0.3614;0.0000;0.0000;0.0000;0.0000;0.0000;0.3614;0.0000;1.0000;0.0000;0.0000;0.0000;0;;;;;;;;;;;;;0;;;;;;;;0.0000;0.0000;1.0000;0.0000;0.0000;0.0000;1.0000;0.0000;0.0000;0.0000;;;;;;;;;;;;;0;;;;;;;;e079f83d-a195-4f68-8ecb-6f3146070484;;Landmark;2026-03-30 10:54:15.8432;Hands;1;OpenXR
Right;;Baseline;0;NoMitigation;None;anonymous;Sample;644;0.0000;0.0000;0.3614;0.0000;0.0000;0.0000;0.0000;0.0000;0.3614;0.0000;1.0000;0.0000;0.0000;0.0000;0;;;;;;;;;;;;;0;;;;;;;;0.0000;0.0000;1.0000;0.0000;0.0000;0.0000;1.0000;0.0000;0.0000;0.0000;;;;;;;;;;;;;0;;;;;;;;e079f83d-a195-4f68-8ecb-6f3146070484;;Landmark;2026-03-30 10:54:15.8650;Hands;1;OpenXR
Right;;Baseline;0;NoMitigation;None;anonymous;Sample;652;0.0000;0.0000;0.3614;0.0000;0.0000;0.0000;0.0000;0.0000;0.3614;0.0000;1.0000;0.0000;0.0000;0.0000;0;;;;;;;;;;;;;0;;;;;;;;0.0000;0.0000;1.0000;0.0000;0.0000;0.0000;1.0000;0.0000;0.0000;0.0000;;;;;;;;;;;;;0;;;;;;;;e079f83d-a195-4f68-8ecb-6f3146070484;;Landmark;2026-03-30 10:54:15.8861;Hands;1;OpenXR
Right;;Baseline;0;NoMitigation;None;anonymous;Sample;660;0.0000;0.0000;0.3614;0.0000;0.0000;0.0000;0.0000;0.0000;0.3614;0.0000;1.0000;0.0000;0.0000;0.0000;0;;;;;;;;;;;;;0;;;;;;;;0.0000;0.0000;1.0000;0.0000;0.0000;0.0000;1.0000;0.0000;0.0000;0.0000;;;;;;;;;;;;;0;;;;;;;;e079f83d-a195-4f68-8ecb-6f3146070484;;Landmark;2026-03-30 10:54:15.9083;Hands;1;OpenXR
Right;;Baseline;0;NoMitigation;None;anonymous;Sample;668;0.0000;0.0000;0.3614;0.0000;0.0000;0.0000;0.0000;0.0000;0.3614;0.0000;1.0000;0.0000;0.0000;0.0000;0;;;;;;;;;;;;;0;;;;;;;;0.0000;0.0000;1.0000;0.0000;0.0000;0.0000;1.0000;0.0000;0.0000;0.0000;;;;;;;;;;;;;0;;;;;;;;e079f83d-a195-4f68-8ecb-6f3146070484;;Landmark;2026-03-30 10:54:15.9297;Hands;1;OpenXR
Right;;Baseline;0;NoMitigation;None;anonymous;Sample;676;0.0000;0.0000;0.3614;0.0000;0.0000;0.0000;0.0000;0.0000;0.3614;0.0000;1.0000;0.0000;0.0000;0.0000;0;;;;;;;;;;;;;0;;;;;;;;0.0000;0.0000;1.0000;0.0000;0.0000;0.0000;1.0000;0.0000;0.0000;0.0000;;;;;;;;;;;;;0;;;;;;;;e079f83d-a195-4f68-8ecb-6f3146070484;;Landmark;2026-03-30 10:54:15.9517;Hands;1;OpenXR
Right;;Baseline;0;NoMitigation;None;anonymous;Sample;681;0.0000;0.0000;0.3614;0.0000;0.0000;0.0000;0.0000;0.0000;0.3614;0.0000;1.0000;0.0000;0.0000;0.0000;0;;;;;;;;;;;;;0;;;;;;;;0.0000;0.0000;1.0000;0.0000;0.0000;0.0000;1.0000;0.0000;0.0000;0.0000;;;;;;;;;;;;;0;;;;;;;;e079f83d-a195-4f68-8ecb-6f3146070484;;Landmark;2026-03-30 10:54:15.9775;Hands;1;OpenXR
Right;;Baseline;0;NoMitigation;None;anonymous;Sample;689;0.0000;0.0000;0.3614;0.0000;0.0000;0.0000;0.0000;0.0000;0.3614;0.0000;1.0000;0.0000;0.0000;0.0000;0;;;;;;;;;;;;;0;;;;;;;;0.0000;0.0000;1.0000;0.0000;0.0000;0.0000;1.0000;0.0000;0.0000;0.0000;;;;;;;;;;;;;0;;;;;;;;e079f83d-a195-4f68-8ecb-6f3146070484;;Landmark;2026-03-30 10:54:15.9991;Hands;1;OpenXR
Right;;Baseline;0;NoMitigation;None;anonymous;Sample;696;0.0000;0.0000;0.3614;0.0000;0.0000;0.0000;0.0000;0.0000;0.3614;0.0000;1.0000;0.0000;0.0000;0.0000;0;;;;;;;;;;;;;0;;;;;;;;0.0000;0.0000;1.0000;0.0000;0.0000;0.0000;1.0000;0.0000;0.0000;0.0000;;;;;;;;;;;;;0;;;;;;;;e079f83d-a195-4f68-8ecb-6f3146070484;;Landmark;2026-03-30 10:54:16.0636;Hands;1;OpenXR
